[debug] [2026-08-08T06:00:49.180Z] ----------------------------------------------------------------------
[debug] [2026-08-08T06:00:49.192Z] Command:       C:\Program Files\nodejs\node.exe C:\Users\princ\AppData\Roaming\npm\node_modules\firebase-tools\lib\bin\firebase.js deploy --only functions
[debug] [2026-08-08T06:00:49.193Z] CLI Version:   15.24.0
[debug] [2026-08-08T06:00:49.193Z] Platform:      win32
[debug] [2026-08-08T06:00:49.193Z] Node Version:  v24.18.0
[debug] [2026-08-08T06:00:49.193Z] Detected Agent: unknown
[debug] [2026-08-08T06:00:49.193Z] Time:          Sat Aug 08 2026 11:30:49 GMT+0530 (India Standard Time)
[debug] [2026-08-08T06:00:49.193Z] ----------------------------------------------------------------------
[debug] 
[debug] [2026-08-08T06:00:49.218Z] >>> [apiv2][query] GET https://firebase-public.firebaseio.com/cli.json [none]
[debug] [2026-08-08T06:00:51.165Z] Object "" in "firebase.json" has unknown property: {"additionalProperty":"flutter"}
[debug] [2026-08-08T06:00:51.169Z] > command requires scopes: ["email","openid","https://www.googleapis.com/auth/cloudplatformprojects.readonly","https://www.googleapis.com/auth/firebase","https://www.googleapis.com/auth/cloud-platform"]
[debug] [2026-08-08T06:00:51.169Z] > authorizing via signed-in user (princekumarmandal78@gmail.com)
[debug] [2026-08-08T06:00:51.169Z] [iam] checking project classtrack-bffb2 for permissions ["cloudfunctions.functions.create","cloudfunctions.functions.delete","cloudfunctions.functions.get","cloudfunctions.functions.list","cloudfunctions.functions.update","cloudfunctions.operations.get","firebase.projects.get"]
[debug] [2026-08-08T06:00:51.171Z] Checked if tokens are valid: false, expires at: 1786088302001
[debug] [2026-08-08T06:00:51.171Z] Checked if tokens are valid: false, expires at: 1786088302001
[debug] [2026-08-08T06:00:51.171Z] > refreshing access token with scopes: []
[debug] [2026-08-08T06:00:51.173Z] >>> [apiv2][query] POST https://www.googleapis.com/oauth2/v3/token [none]
[debug] [2026-08-08T06:00:51.173Z] >>> [apiv2][body] POST https://www.googleapis.com/oauth2/v3/token [omitted]
[debug] [2026-08-08T06:00:52.007Z] <<< [apiv2][status] POST https://www.googleapis.com/oauth2/v3/token 200
[debug] [2026-08-08T06:00:52.007Z] <<< [apiv2][body] POST https://www.googleapis.com/oauth2/v3/token [omitted]
[debug] [2026-08-08T06:00:52.011Z] >>> [apiv2][query] POST https://cloudresourcemanager.googleapis.com/v1/projects/classtrack-bffb2:testIamPermissions [none]
[debug] [2026-08-08T06:00:52.011Z] >>> [apiv2][(partial)header] POST https://cloudresourcemanager.googleapis.com/v1/projects/classtrack-bffb2:testIamPermissions  x-goog-user-project=classtrack-bffb2
[debug] [2026-08-08T06:00:52.011Z] >>> [apiv2][body] POST https://cloudresourcemanager.googleapis.com/v1/projects/classtrack-bffb2:testIamPermissions {"permissions":["cloudfunctions.functions.create","cloudfunctions.functions.delete","cloudfunctions.functions.get","cloudfunctions.functions.list","cloudfunctions.functions.update","cloudfunctions.operations.get","firebase.projects.get"]}
[debug] [2026-08-08T06:00:52.350Z] <<< [apiv2][status] GET https://firebase-public.firebaseio.com/cli.json 200
[debug] [2026-08-08T06:00:52.350Z] <<< [apiv2][body] GET https://firebase-public.firebaseio.com/cli.json {"cloudBuildErrorAfter":1594252800000,"cloudBuildWarnAfter":1590019200000,"defaultNode10After":1594252800000,"minVersion":"3.0.5","node8DeploysDisabledAfter":1613390400000,"node8RuntimeDisabledAfter":1615809600000,"node8WarnAfter":1600128000000}
[debug] [2026-08-08T06:00:53.545Z] <<< [apiv2][status] POST https://cloudresourcemanager.googleapis.com/v1/projects/classtrack-bffb2:testIamPermissions 200
[debug] [2026-08-08T06:00:53.545Z] <<< [apiv2][body] POST https://cloudresourcemanager.googleapis.com/v1/projects/classtrack-bffb2:testIamPermissions {"permissions":["cloudfunctions.functions.create","cloudfunctions.functions.delete","cloudfunctions.functions.get","cloudfunctions.functions.list","cloudfunctions.functions.update","cloudfunctions.operations.get","firebase.projects.get"]}
[debug] [2026-08-08T06:00:53.546Z] Checked if tokens are valid: true, expires at: 1786172451007
[debug] [2026-08-08T06:00:53.546Z] Checked if tokens are valid: true, expires at: 1786172451007
[debug] [2026-08-08T06:00:53.546Z] >>> [apiv2][query] POST https://iam.googleapis.com/v1/projects/classtrack-bffb2/serviceAccounts/classtrack-bffb2@appspot.gserviceaccount.com:testIamPermissions [none]
[debug] [2026-08-08T06:00:53.546Z] >>> [apiv2][body] POST https://iam.googleapis.com/v1/projects/classtrack-bffb2/serviceAccounts/classtrack-bffb2@appspot.gserviceaccount.com:testIamPermissions {"permissions":["iam.serviceAccounts.actAs"]}
[debug] [2026-08-08T06:00:55.335Z] <<< [apiv2][status] POST https://iam.googleapis.com/v1/projects/classtrack-bffb2/serviceAccounts/classtrack-bffb2@appspot.gserviceaccount.com:testIamPermissions 200
[debug] [2026-08-08T06:00:55.335Z] <<< [apiv2][body] POST https://iam.googleapis.com/v1/projects/classtrack-bffb2/serviceAccounts/classtrack-bffb2@appspot.gserviceaccount.com:testIamPermissions {"permissions":["iam.serviceAccounts.actAs"]}
[info] 
[info] === Deploying to 'classtrack-bffb2'...
[info] 
[info] i  deploying functions 
[debug] [2026-08-08T06:00:55.339Z] Checked if tokens are valid: true, expires at: 1786172451007
[debug] [2026-08-08T06:00:55.339Z] Checked if tokens are valid: true, expires at: 1786172451007
[debug] [2026-08-08T06:00:55.339Z] >>> [apiv2][query] GET https://cloudresourcemanager.googleapis.com/v1/projects/classtrack-bffb2 [none]
[debug] [2026-08-08T06:00:55.728Z] <<< [apiv2][status] GET https://cloudresourcemanager.googleapis.com/v1/projects/classtrack-bffb2 200
[debug] [2026-08-08T06:00:55.728Z] <<< [apiv2][body] GET https://cloudresourcemanager.googleapis.com/v1/projects/classtrack-bffb2 {"projectNumber":"401205940629","projectId":"classtrack-bffb2","lifecycleState":"ACTIVE","name":"ClassTrack","labels":{"firebase":"enabled","firebase-core":"disabled"},"createTime":"2026-07-18T09:28:03.718Z"}
[info] i  functions: preparing codebase default for deployment 
[info] i  functions: ensuring required API cloudfunctions.googleapis.com is enabled... 
[info] i  functions: ensuring required API cloudbuild.googleapis.com is enabled... 
[info] i  artifactregistry: ensuring required API artifactregistry.googleapis.com is enabled... 
[debug] [2026-08-08T06:00:55.732Z] Checked if tokens are valid: true, expires at: 1786172451007
[debug] [2026-08-08T06:00:55.732Z] Checked if tokens are valid: true, expires at: 1786172451007
[debug] [2026-08-08T06:00:55.732Z] >>> [apiv2][query] GET https://firebase.googleapis.com/v1beta1/projects/classtrack-bffb2/adminSdkConfig [none]
[debug] [2026-08-08T06:00:57.096Z] <<< [apiv2][status] GET https://firebase.googleapis.com/v1beta1/projects/classtrack-bffb2/adminSdkConfig 200
[debug] [2026-08-08T06:00:57.096Z] <<< [apiv2][body] GET https://firebase.googleapis.com/v1beta1/projects/classtrack-bffb2/adminSdkConfig {"projectId":"classtrack-bffb2","storageBucket":"classtrack-bffb2.firebasestorage.app"}
[debug] [2026-08-08T06:00:57.097Z] Checked if tokens are valid: true, expires at: 1786172451007
[debug] [2026-08-08T06:00:57.097Z] Checked if tokens are valid: true, expires at: 1786172451007
[debug] [2026-08-08T06:00:57.097Z] >>> [apiv2][query] GET https://runtimeconfig.googleapis.com/v1beta1/projects/classtrack-bffb2/configs [none]
[debug] [2026-08-08T06:00:59.901Z] <<< [apiv2][status] GET https://runtimeconfig.googleapis.com/v1beta1/projects/classtrack-bffb2/configs 200
[debug] [2026-08-08T06:00:59.901Z] <<< [apiv2][body] GET https://runtimeconfig.googleapis.com/v1beta1/projects/classtrack-bffb2/configs {}
[debug] [2026-08-08T06:00:59.902Z] Validating nodejs source
[warn] !  functions: Runtime Node.js 20 was deprecated on 2026-04-30 and will be decommissioned on 2026-10-30, after which you will not be able to deploy without upgrading. Consider upgrading now to avoid disruption. See https://cloud.google.com/functions/docs/runtime-support for full details on the lifecycle policy 
[warn] !  functions: package.json indicates an outdated version of firebase-functions. Please upgrade using npm install --save firebase-functions@latest in your functions directory. 
[warn] !  functions: Please note that there will be breaking changes when you upgrade. 
[debug] [2026-08-08T06:01:01.096Z] > [functions] package.json contents: {
  "name": "classtrack-functions",
  "description": "ClassTrack Cloud Functions — Gemini schedule parser",
  "type": "module",
  "engines": {
    "node": "20"
  },
  "main": "index.js",
  "scripts": {
    "serve": "firebase emulators:start --only functions",
    "deploy": "firebase deploy --only functions",
    "logs": "firebase functions:log"
  },
  "dependencies": {
    "@google/generative-ai": "^0.21.0",
    "firebase-admin": "^12.6.0",
    "firebase-functions": "^6.1.0"
  },
  "overrides": {
    "uuid": "^11.1.1"
  },
  "private": true
}
[debug] [2026-08-08T06:01:01.097Z] Building nodejs source
[info] i  functions: Loading and analyzing source code for codebase default to determine what to deploy 
[debug] [2026-08-08T06:01:01.098Z] Could not find functions.yaml. Must use http discovery
[debug] [2026-08-08T06:01:01.106Z] Found firebase-functions binary at 'C:\Users\princ\Downloads\Attendence App\functions\node_modules\.bin\firebase-functions'
[info] Serving at port 8369

[debug] [2026-08-08T06:01:02.133Z] Got response from /__/functions.yaml {"endpoints":{"auditBannerWrite":{"availableMemoryMb":null,"timeoutSeconds":null,"minInstances":null,"maxInstances":null,"ingressSettings":null,"concurrency":null,"serviceAccountEmail":null,"vpc":null,"platform":"gcfv2","labels":{},"eventTrigger":{"eventType":"google.cloud.firestore.document.v1.written","eventFilters":{"database":"(default)","namespace":"(default)"},"eventFilterPathPatterns":{"document":"banners/{id}"},"retry":false},"entryPoint":"auditBannerWrite"},"auditCampaignWrite":{"availableMemoryMb":null,"timeoutSeconds":null,"minInstances":null,"maxInstances":null,"ingressSettings":null,"concurrency":null,"serviceAccountEmail":null,"vpc":null,"platform":"gcfv2","labels":{},"eventTrigger":{"eventType":"google.cloud.firestore.document.v1.written","eventFilters":{"database":"(default)","namespace":"(default)"},"eventFilterPathPatterns":{"document":"campaigns/{id}"},"retry":false},"entryPoint":"auditCampaignWrite"},"auditResourceWrite":{"availableMemoryMb":null,"timeoutSeconds":null,"minInstances":null,"maxInstances":null,"ingressSettings":null,"concurrency":null,"serviceAccountEmail":null,"vpc":null,"platform":"gcfv2","labels":{},"eventTrigger":{"eventType":"google.cloud.firestore.document.v1.written","eventFilters":{"database":"(default)","namespace":"(default)"},"eventFilterPathPatterns":{"document":"resources/{id}"},"retry":false},"entryPoint":"auditResourceWrite"},"chat":{"availableMemoryMb":512,"timeoutSeconds":120,"minInstances":null,"maxInstances":null,"ingressSettings":null,"concurrency":null,"serviceAccountEmail":null,"vpc":null,"platform":"gcfv2","secretEnvironmentVariables":[{"key":"GEMINI_API_KEY"}],"labels":{},"callableTrigger":{},"entryPoint":"chat"},"deleteAccount":{"availableMemoryMb":null,"timeoutSeconds":null,"minInstances":null,"maxInstances":null,"ingressSettings":null,"concurrency":null,"serviceAccountEmail":null,"vpc":null,"platform":"gcfv2","labels":{},"callableTrigger":{},"entryPoint":"deleteAccount"},"getReferralInfo":{"availableMemoryMb":null,"timeoutSeconds":null,"minInstances":null,"maxInstances":null,"ingressSettings":null,"concurrency":null,"serviceAccountEmail":null,"vpc":null,"platform":"gcfv2","labels":{},"callableTrigger":{},"entryPoint":"getReferralInfo"},"parseSchedule":{"availableMemoryMb":512,"timeoutSeconds":120,"minInstances":null,"maxInstances":null,"ingressSettings":null,"concurrency":null,"serviceAccountEmail":null,"vpc":null,"platform":"gcfv2","secretEnvironmentVariables":[{"key":"GEMINI_API_KEY"}],"labels":{},"callableTrigger":{},"entryPoint":"parseSchedule"},"redeemReferral":{"availableMemoryMb":null,"timeoutSeconds":null,"minInstances":null,"maxInstances":null,"ingressSettings":null,"concurrency":null,"serviceAccountEmail":null,"vpc":null,"platform":"gcfv2","labels":{},"callableTrigger":{},"entryPoint":"redeemReferral"},"revenueCatWebhook":{"availableMemoryMb":null,"timeoutSeconds":null,"minInstances":null,"maxInstances":null,"ingressSettings":null,"concurrency":null,"serviceAccountEmail":null,"vpc":null,"platform":"gcfv2","secretEnvironmentVariables":[{"key":"REVENUECAT_WEBHOOK_AUTH"}],"labels":{},"httpsTrigger":{},"entryPoint":"revenueCatWebhook"},"sendQueuedNotification":{"availableMemoryMb":null,"timeoutSeconds":null,"minInstances":null,"maxInstances":null,"ingressSettings":null,"concurrency":null,"serviceAccountEmail":null,"vpc":null,"platform":"gcfv2","labels":{},"eventTrigger":{"eventType":"google.cloud.firestore.document.v1.created","eventFilters":{"database":"(default)","namespace":"(default)"},"eventFilterPathPatterns":{"document":"notifications/{id}"},"retry":false},"entryPoint":"sendQueuedNotification"},"setUserRole":{"availableMemoryMb":null,"timeoutSeconds":null,"minInstances":null,"maxInstances":null,"ingressSettings":null,"concurrency":null,"serviceAccountEmail":null,"vpc":null,"platform":"gcfv2","labels":{},"callableTrigger":{},"entryPoint":"setUserRole"}},"specVersion":"v1alpha1","requiredAPIs":[],"extensions":{},"params":[{"type":"secret","name":"GEMINI_API_KEY"},{"type":"secret","name":"REVENUECAT_WEBHOOK_AUTH"}]}
[debug] [2026-08-08T06:01:05.169Z] Checked if tokens are valid: true, expires at: 1786172451007
[debug] [2026-08-08T06:01:05.169Z] Checked if tokens are valid: true, expires at: 1786172451007
[debug] [2026-08-08T06:01:05.169Z] >>> [apiv2][query] GET https://cloudfunctions.googleapis.com/v1/projects/classtrack-bffb2/locations/-/functions [none]
[debug] [2026-08-08T06:01:10.905Z] <<< [apiv2][status] GET https://cloudfunctions.googleapis.com/v1/projects/classtrack-bffb2/locations/-/functions 200
[debug] [2026-08-08T06:01:10.905Z] <<< [apiv2][body] GET https://cloudfunctions.googleapis.com/v1/projects/classtrack-bffb2/locations/-/functions {}
[debug] [2026-08-08T06:01:10.905Z] Checked if tokens are valid: true, expires at: 1786172451007
[debug] [2026-08-08T06:01:10.905Z] Checked if tokens are valid: true, expires at: 1786172451007
[debug] [2026-08-08T06:01:10.905Z] >>> [apiv2][query] GET https://cloudfunctions.googleapis.com/v2/projects/classtrack-bffb2/locations/-/functions filter=environment%3D%22GEN_2%22
[debug] [2026-08-08T06:01:12.724Z] <<< [apiv2][status] GET https://cloudfunctions.googleapis.com/v2/projects/classtrack-bffb2/locations/-/functions 200
[debug] [2026-08-08T06:01:12.724Z] <<< [apiv2][body] GET https://cloudfunctions.googleapis.com/v2/projects/classtrack-bffb2/locations/-/functions {"functions":[{"name":"projects/classtrack-bffb2/locations/us-central1/functions/getReferralInfo","buildConfig":{"build":"projects/401205940629/locations/us-central1/builds/e755e292-951c-4783-b48a-63b63e7258c7","runtime":"nodejs20","entryPoint":"getReferralInfo","source":{"storageSource":{"bucket":"gcf-v2-sources-401205940629-us-central1","object":"getReferralInfo/function-source.zip","generation":"1786084794987733"}},"environmentVariables":{"GOOGLE_NODE_RUN_SCRIPTS":""},"dockerRepository":"projects/classtrack-bffb2/locations/us-central1/repositories/gcf-artifacts","sourceProvenance":{"resolvedStorageSource":{"bucket":"gcf-v2-sources-401205940629-us-central1","object":"getReferralInfo/function-source.zip","generation":"1786084794987733"}},"dockerRegistry":"ARTIFACT_REGISTRY","serviceAccount":"projects/classtrack-bffb2/serviceAccounts/401205940629-compute@developer.gserviceaccount.com","automaticUpdatePolicy":{}},"serviceConfig":{"service":"projects/classtrack-bffb2/locations/us-central1/services/getreferralinfo","timeoutSeconds":60,"environmentVariables":{"FIREBASE_CONFIG":"{\"projectId\":\"classtrack-bffb2\",\"storageBucket\":\"classtrack-bffb2.firebasestorage.app\"}","GCLOUD_PROJECT":"classtrack-bffb2","EVENTARC_CLOUD_EVENT_SOURCE":"projects/classtrack-bffb2/locations/us-central1/services/getReferralInfo","FUNCTION_TARGET":"getReferralInfo","LOG_EXECUTION_ID":"true","FUNCTION_SIGNATURE_TYPE":"http"},"maxInstanceCount":20,"ingressSettings":"ALLOW_ALL","uri":"https://getreferralinfo-q72q4oy2na-uc.a.run.app","serviceAccountEmail":"401205940629-compute@developer.gserviceaccount.com","availableMemory":"256Mi","allTrafficOnLatestRevision":true,"revision":"getreferralinfo-00008-cot","maxInstanceRequestConcurrency":80,"availableCpu":"1"},"state":"ACTIVE","updateTime":"2026-08-07T06:40:13.150825108Z","labels":{"deployment-tool":"cli-firebase","deployment-callable":"true","firebase-functions-hash":"77fc9dc399abfa78c933aeb1e19f1d2dff4d1375"},"environment":"GEN_2","url":"https://us-central1-classtrack-bffb2.cloudfunctions.net/getReferralInfo","createTime":"2026-07-22T05:53:20.782157750Z","satisfiesPzi":true},{"name":"projects/classtrack-bffb2/locations/us-central1/functions/chat","buildConfig":{"build":"projects/401205940629/locations/us-central1/builds/6477adcd-195a-4bcc-9616-fcb9d95e6c41","runtime":"nodejs20","entryPoint":"chat","source":{"storageSource":{"bucket":"gcf-v2-sources-401205940629-us-central1","object":"chat/function-source.zip","generation":"1786084744514744"}},"environmentVariables":{"GOOGLE_NODE_RUN_SCRIPTS":""},"dockerRepository":"projects/classtrack-bffb2/locations/us-central1/repositories/gcf-artifacts","sourceProvenance":{"resolvedStorageSource":{"bucket":"gcf-v2-sources-401205940629-us-central1","object":"chat/function-source.zip","generation":"1786084744514744"}},"dockerRegistry":"ARTIFACT_REGISTRY","serviceAccount":"projects/classtrack-bffb2/serviceAccounts/401205940629-compute@developer.gserviceaccount.com","automaticUpdatePolicy":{}},"serviceConfig":{"service":"projects/classtrack-bffb2/locations/us-central1/services/chat","timeoutSeconds":120,"environmentVariables":{"FIREBASE_CONFIG":"{\"projectId\":\"classtrack-bffb2\",\"storageBucket\":\"classtrack-bffb2.firebasestorage.app\"}","GCLOUD_PROJECT":"classtrack-bffb2","EVENTARC_CLOUD_EVENT_SOURCE":"projects/classtrack-bffb2/locations/us-central1/services/chat","FUNCTION_TARGET":"chat","LOG_EXECUTION_ID":"true"},"maxInstanceCount":20,"ingressSettings":"ALLOW_ALL","uri":"https://chat-q72q4oy2na-uc.a.run.app","serviceAccountEmail":"401205940629-compute@developer.gserviceaccount.com","availableMemory":"512Mi","allTrafficOnLatestRevision":true,"secretEnvironmentVariables":[{"key":"GEMINI_API_KEY","projectId":"classtrack-bffb2","secret":"GEMINI_API_KEY","version":"3"}],"revision":"chat-00021-haj","maxInstanceRequestConcurrency":80,"availableCpu":"1"},"state":"ACTIVE","updateTime":"2026-08-07T06:40:13.640570031Z","labels":{"deployment-tool":"cli-firebase","deployment-callable":"true","firebase-functions-hash":"03534fb1b3651054c6908833fbfedaa616205bd0"},"environment":"GEN_2","url":"https://us-central1-classtrack-bffb2.cloudfunctions.net/chat","createTime":"2026-07-19T09:00:48.316743164Z","satisfiesPzi":true},{"name":"projects/classtrack-bffb2/locations/us-central1/functions/revenueCatWebhook","buildConfig":{"build":"projects/401205940629/locations/us-central1/builds/e755e292-951c-4783-b48a-63b63e7258c7","runtime":"nodejs20","entryPoint":"revenueCatWebhook","source":{"storageSource":{"bucket":"gcf-v2-sources-401205940629-us-central1","object":"revenueCatWebhook/function-source.zip","generation":"1786084795024742"}},"environmentVariables":{"GOOGLE_NODE_RUN_SCRIPTS":""},"dockerRepository":"projects/classtrack-bffb2/locations/us-central1/repositories/gcf-artifacts","sourceProvenance":{"resolvedStorageSource":{"bucket":"gcf-v2-sources-401205940629-us-central1","object":"revenueCatWebhook/function-source.zip","generation":"1786084795024742"}},"dockerRegistry":"ARTIFACT_REGISTRY","serviceAccount":"projects/classtrack-bffb2/serviceAccounts/401205940629-compute@developer.gserviceaccount.com","automaticUpdatePolicy":{}},"serviceConfig":{"service":"projects/classtrack-bffb2/locations/us-central1/services/revenuecatwebhook","timeoutSeconds":60,"environmentVariables":{"FIREBASE_CONFIG":"{\"projectId\":\"classtrack-bffb2\",\"storageBucket\":\"classtrack-bffb2.firebasestorage.app\"}","GCLOUD_PROJECT":"classtrack-bffb2","EVENTARC_CLOUD_EVENT_SOURCE":"projects/classtrack-bffb2/locations/us-central1/services/revenueCatWebhook","FUNCTION_TARGET":"revenueCatWebhook","LOG_EXECUTION_ID":"true","FUNCTION_SIGNATURE_TYPE":"http"},"maxInstanceCount":20,"ingressSettings":"ALLOW_ALL","uri":"https://revenuecatwebhook-q72q4oy2na-uc.a.run.app","serviceAccountEmail":"401205940629-compute@developer.gserviceaccount.com","availableMemory":"256Mi","allTrafficOnLatestRevision":true,"secretEnvironmentVariables":[{"key":"REVENUECAT_WEBHOOK_AUTH","projectId":"classtrack-bffb2","secret":"REVENUECAT_WEBHOOK_AUTH","version":"4"}],"revision":"revenuecatwebhook-00014-poh","maxInstanceRequestConcurrency":80,"availableCpu":"1"},"state":"ACTIVE","updateTime":"2026-08-07T06:40:12.973822790Z","labels":{"firebase-functions-hash":"2e029445fc3088cde5d33ed37278f20f3e450877","deployment-tool":"cli-firebase"},"environment":"GEN_2","url":"https://us-central1-classtrack-bffb2.cloudfunctions.net/revenueCatWebhook","createTime":"2026-07-20T07:01:28.667528878Z","satisfiesPzi":true},{"name":"projects/classtrack-bffb2/locations/us-central1/functions/parseSchedule","buildConfig":{"build":"projects/401205940629/locations/us-central1/builds/6477adcd-195a-4bcc-9616-fcb9d95e6c41","runtime":"nodejs20","entryPoint":"parseSchedule","source":{"storageSource":{"bucket":"gcf-v2-sources-401205940629-us-central1","object":"parseSchedule/function-source.zip","generation":"1786084807544795"}},"environmentVariables":{"GOOGLE_NODE_RUN_SCRIPTS":""},"dockerRepository":"projects/classtrack-bffb2/locations/us-central1/repositories/gcf-artifacts","sourceProvenance":{"resolvedStorageSource":{"bucket":"gcf-v2-sources-401205940629-us-central1","object":"parseSchedule/function-source.zip","generation":"1786084807544795"}},"dockerRegistry":"ARTIFACT_REGISTRY","serviceAccount":"projects/classtrack-bffb2/serviceAccounts/401205940629-compute@developer.gserviceaccount.com","automaticUpdatePolicy":{}},"serviceConfig":{"service":"projects/classtrack-bffb2/locations/us-central1/services/parseschedule","timeoutSeconds":120,"environmentVariables":{"FIREBASE_CONFIG":"{\"projectId\":\"classtrack-bffb2\",\"storageBucket\":\"classtrack-bffb2.firebasestorage.app\"}","GCLOUD_PROJECT":"classtrack-bffb2","EVENTARC_CLOUD_EVENT_SOURCE":"projects/classtrack-bffb2/locations/us-central1/services/parseSchedule","FUNCTION_TARGET":"parseSchedule","LOG_EXECUTION_ID":"true","FUNCTION_SIGNATURE_TYPE":"http"},"maxInstanceCount":20,"ingressSettings":"ALLOW_ALL","uri":"https://parseschedule-q72q4oy2na-uc.a.run.app","serviceAccountEmail":"401205940629-compute@developer.gserviceaccount.com","availableMemory":"512Mi","allTrafficOnLatestRevision":true,"secretEnvironmentVariables":[{"key":"GEMINI_API_KEY","projectId":"classtrack-bffb2","secret":"GEMINI_API_KEY","version":"3"}],"revision":"parseschedule-00020-lum","maxInstanceRequestConcurrency":80,"availableCpu":"1"},"state":"ACTIVE","updateTime":"2026-08-07T06:40:16.080511455Z","labels":{"deployment-tool":"cli-firebase","deployment-callable":"true","firebase-functions-hash":"03534fb1b3651054c6908833fbfedaa616205bd0"},"environment":"GEN_2","url":"https://us-central1-classtrack-bffb2.cloudfunctions.net/parseSchedule","createTime":"2026-07-19T09:01:39.077109029Z","satisfiesPzi":true},{"name":"projects/classtrack-bffb2/locations/us-central1/functions/redeemReferral","buildConfig":{"build":"projects/401205940629/locations/us-central1/builds/e755e292-951c-4783-b48a-63b63e7258c7","runtime":"nodejs20","entryPoint":"redeemReferral","source":{"storageSource":{"bucket":"gcf-v2-sources-401205940629-us-central1","object":"redeemReferral/function-source.zip","generation":"1786084795067173"}},"environmentVariables":{"GOOGLE_NODE_RUN_SCRIPTS":""},"dockerRepository":"projects/classtrack-bffb2/locations/us-central1/repositories/gcf-artifacts","sourceProvenance":{"resolvedStorageSource":{"bucket":"gcf-v2-sources-401205940629-us-central1","object":"redeemReferral/function-source.zip","generation":"1786084795067173"}},"dockerRegistry":"ARTIFACT_REGISTRY","serviceAccount":"projects/classtrack-bffb2/serviceAccounts/401205940629-compute@developer.gserviceaccount.com","automaticUpdatePolicy":{}},"serviceConfig":{"service":"projects/classtrack-bffb2/locations/us-central1/services/redeemreferral","timeoutSeconds":60,"environmentVariables":{"FIREBASE_CONFIG":"{\"projectId\":\"classtrack-bffb2\",\"storageBucket\":\"classtrack-bffb2.firebasestorage.app\"}","GCLOUD_PROJECT":"classtrack-bffb2","EVENTARC_CLOUD_EVENT_SOURCE":"projects/classtrack-bffb2/locations/us-central1/services/redeemReferral","FUNCTION_TARGET":"redeemReferral","LOG_EXECUTION_ID":"true","FUNCTION_SIGNATURE_TYPE":"http"},"maxInstanceCount":20,"ingressSettings":"ALLOW_ALL","uri":"https://redeemreferral-q72q4oy2na-uc.a.run.app","serviceAccountEmail":"401205940629-compute@developer.gserviceaccount.com","availableMemory":"256Mi","allTrafficOnLatestRevision":true,"revision":"redeemreferral-00008-guv","maxInstanceRequestConcurrency":80,"availableCpu":"1"},"state":"ACTIVE","updateTime":"2026-08-07T06:40:12.189270786Z","labels":{"deployment-callable":"true","firebase-functions-hash":"77fc9dc399abfa78c933aeb1e19f1d2dff4d1375","deployment-tool":"cli-firebase"},"environment":"GEN_2","url":"https://us-central1-classtrack-bffb2.cloudfunctions.net/redeemReferral","createTime":"2026-07-22T05:54:24.252463574Z","satisfiesPzi":true},{"name":"projects/classtrack-bffb2/locations/us-central1/functions/deleteAccount","buildConfig":{"build":"projects/401205940629/locations/us-central1/builds/e755e292-951c-4783-b48a-63b63e7258c7","runtime":"nodejs20","entryPoint":"deleteAccount","source":{"storageSource":{"bucket":"gcf-v2-sources-401205940629-us-central1","object":"deleteAccount/function-source.zip","generation":"1786084744619214"}},"environmentVariables":{"GOOGLE_NODE_RUN_SCRIPTS":""},"dockerRepository":"projects/classtrack-bffb2/locations/us-central1/repositories/gcf-artifacts","sourceProvenance":{"resolvedStorageSource":{"bucket":"gcf-v2-sources-401205940629-us-central1","object":"deleteAccount/function-source.zip","generation":"1786084744619214"}},"dockerRegistry":"ARTIFACT_REGISTRY","serviceAccount":"projects/classtrack-bffb2/serviceAccounts/401205940629-compute@developer.gserviceaccount.com","automaticUpdatePolicy":{}},"serviceConfig":{"service":"projects/classtrack-bffb2/locations/us-central1/services/deleteaccount","timeoutSeconds":60,"environmentVariables":{"FIREBASE_CONFIG":"{\"projectId\":\"classtrack-bffb2\",\"storageBucket\":\"classtrack-bffb2.firebasestorage.app\"}","GCLOUD_PROJECT":"classtrack-bffb2","EVENTARC_CLOUD_EVENT_SOURCE":"projects/classtrack-bffb2/locations/us-central1/services/deleteAccount","FUNCTION_TARGET":"deleteAccount","LOG_EXECUTION_ID":"true"},"maxInstanceCount":20,"ingressSettings":"ALLOW_ALL","uri":"https://deleteaccount-q72q4oy2na-uc.a.run.app","serviceAccountEmail":"401205940629-compute@developer.gserviceaccount.com","availableMemory":"256Mi","allTrafficOnLatestRevision":true,"revision":"deleteaccount-00004-xuz","maxInstanceRequestConcurrency":80,"availableCpu":"1"},"state":"ACTIVE","updateTime":"2026-08-07T06:40:09.413078866Z","labels":{"deployment-tool":"cli-firebase","deployment-callable":"true","firebase-functions-hash":"77fc9dc399abfa78c933aeb1e19f1d2dff4d1375"},"environment":"GEN_2","url":"https://us-central1-classtrack-bffb2.cloudfunctions.net/deleteAccount","createTime":"2026-07-31T20:47:38.481967013Z","satisfiesPzi":true}]}
[info] i  extensions: ensuring required API firebaseextensions.googleapis.com is enabled... 
[debug] [2026-08-08T06:01:12.727Z] > command requires scopes: ["email","openid","https://www.googleapis.com/auth/cloudplatformprojects.readonly","https://www.googleapis.com/auth/firebase","https://www.googleapis.com/auth/cloud-platform"]
[debug] [2026-08-08T06:01:12.727Z] > authorizing via signed-in user (princekumarmandal78@gmail.com)
[debug] [2026-08-08T06:01:12.727Z] [iam] checking project classtrack-bffb2 for permissions ["firebase.projects.get","firebaseextensions.instances.list"]
[debug] [2026-08-08T06:01:12.727Z] Checked if tokens are valid: true, expires at: 1786172451007
[debug] [2026-08-08T06:01:12.727Z] Checked if tokens are valid: true, expires at: 1786172451007
[debug] [2026-08-08T06:01:12.727Z] >>> [apiv2][query] POST https://cloudresourcemanager.googleapis.com/v1/projects/classtrack-bffb2:testIamPermissions [none]
[debug] [2026-08-08T06:01:12.727Z] >>> [apiv2][(partial)header] POST https://cloudresourcemanager.googleapis.com/v1/projects/classtrack-bffb2:testIamPermissions  x-goog-user-project=classtrack-bffb2
[debug] [2026-08-08T06:01:12.727Z] >>> [apiv2][body] POST https://cloudresourcemanager.googleapis.com/v1/projects/classtrack-bffb2:testIamPermissions {"permissions":["firebase.projects.get","firebaseextensions.instances.list"]}
[debug] [2026-08-08T06:01:14.264Z] <<< [apiv2][status] POST https://cloudresourcemanager.googleapis.com/v1/projects/classtrack-bffb2:testIamPermissions 200
[debug] [2026-08-08T06:01:14.264Z] <<< [apiv2][body] POST https://cloudresourcemanager.googleapis.com/v1/projects/classtrack-bffb2:testIamPermissions {"permissions":["firebase.projects.get","firebaseextensions.instances.list"]}
[debug] [2026-08-08T06:01:14.264Z] Checked if tokens are valid: true, expires at: 1786172451007
[debug] [2026-08-08T06:01:14.264Z] Checked if tokens are valid: true, expires at: 1786172451007
[debug] [2026-08-08T06:01:14.264Z] >>> [apiv2][query] GET https://firebaseextensions.googleapis.com/v1beta/projects/classtrack-bffb2/instances pageSize=100&pageToken=
[debug] [2026-08-08T06:01:16.242Z] <<< [apiv2][status] GET https://firebaseextensions.googleapis.com/v1beta/projects/classtrack-bffb2/instances 200
[debug] [2026-08-08T06:01:16.243Z] <<< [apiv2][body] GET https://firebaseextensions.googleapis.com/v1beta/projects/classtrack-bffb2/instances {}
[debug] [2026-08-08T06:01:16.244Z] Checked if tokens are valid: true, expires at: 1786172451007
[debug] [2026-08-08T06:01:16.244Z] Checked if tokens are valid: true, expires at: 1786172451007
[debug] [2026-08-08T06:01:16.244Z] >>> [apiv2][query] GET https://firestore.googleapis.com/v1/projects/classtrack-bffb2/databases/(default) [none]
[debug] [2026-08-08T06:01:16.642Z] <<< [apiv2][status] GET https://firestore.googleapis.com/v1/projects/classtrack-bffb2/databases/(default) 200
[debug] [2026-08-08T06:01:16.642Z] <<< [apiv2][body] GET https://firestore.googleapis.com/v1/projects/classtrack-bffb2/databases/(default) {"name":"projects/classtrack-bffb2/databases/(default)","uid":"9d567b67-3ff0-45d2-ad0d-c27b56338a0a","createTime":"2026-07-18T09:33:57.561780Z","updateTime":"2026-07-18T09:33:57.561780Z","locationId":"asia-south1","type":"FIRESTORE_NATIVE","concurrencyMode":"PESSIMISTIC","versionRetentionPeriod":"3600s","earliestVersionTime":"2026-08-08T05:01:16.104462Z","appEngineIntegrationMode":"DISABLED","keyPrefix":"j","pointInTimeRecoveryEnablement":"POINT_IN_TIME_RECOVERY_DISABLED","deleteProtectionState":"DELETE_PROTECTION_DISABLED","databaseEdition":"STANDARD","freeTier":true,"realtimeUpdatesMode":"REALTIME_UPDATES_MODE_ENABLED","etag":"II/0+cqtkJYDMLzt+eiK3JUD"}
[debug] [2026-08-08T06:01:16.643Z] Checked if tokens are valid: true, expires at: 1786172451007
[debug] [2026-08-08T06:01:16.643Z] Checked if tokens are valid: true, expires at: 1786172451007
[debug] [2026-08-08T06:01:16.643Z] >>> [apiv2][query] GET https://secretmanager.googleapis.com/v1/projects/classtrack-bffb2/secrets/GEMINI_API_KEY [none]
[debug] [2026-08-08T06:01:17.205Z] <<< [apiv2][status] GET https://secretmanager.googleapis.com/v1/projects/classtrack-bffb2/secrets/GEMINI_API_KEY 200
[debug] [2026-08-08T06:01:17.205Z] <<< [apiv2][body] GET https://secretmanager.googleapis.com/v1/projects/classtrack-bffb2/secrets/GEMINI_API_KEY {"name":"projects/401205940629/secrets/GEMINI_API_KEY","replication":{"automatic":{}},"createTime":"2026-07-19T08:44:05.382549Z","labels":{"firebase-managed":"functions"},"etag":"\"1656f2caff1a9a\""}
[debug] [2026-08-08T06:01:17.206Z] Checked if tokens are valid: true, expires at: 1786172451007
[debug] [2026-08-08T06:01:17.206Z] Checked if tokens are valid: true, expires at: 1786172451007
[debug] [2026-08-08T06:01:17.206Z] >>> [apiv2][query] GET https://secretmanager.googleapis.com/v1/projects/classtrack-bffb2/secrets/GEMINI_API_KEY/versions/latest [none]
[debug] [2026-08-08T06:01:17.666Z] <<< [apiv2][status] GET https://secretmanager.googleapis.com/v1/projects/classtrack-bffb2/secrets/GEMINI_API_KEY/versions/latest 200
[debug] [2026-08-08T06:01:17.666Z] <<< [apiv2][body] GET https://secretmanager.googleapis.com/v1/projects/classtrack-bffb2/secrets/GEMINI_API_KEY/versions/latest {"name":"projects/401205940629/secrets/GEMINI_API_KEY/versions/3","createTime":"2026-07-20T06:55:45.540180Z","state":"ENABLED","replicationStatus":{"automatic":{}},"etag":"\"1657056541fc54\""}
[debug] [2026-08-08T06:01:17.666Z] Checked if tokens are valid: true, expires at: 1786172451007
[debug] [2026-08-08T06:01:17.666Z] Checked if tokens are valid: true, expires at: 1786172451007
[debug] [2026-08-08T06:01:17.666Z] >>> [apiv2][query] GET https://secretmanager.googleapis.com/v1/projects/classtrack-bffb2/secrets/REVENUECAT_WEBHOOK_AUTH [none]
[debug] [2026-08-08T06:01:18.137Z] <<< [apiv2][status] GET https://secretmanager.googleapis.com/v1/projects/classtrack-bffb2/secrets/REVENUECAT_WEBHOOK_AUTH 200
[debug] [2026-08-08T06:01:18.137Z] <<< [apiv2][body] GET https://secretmanager.googleapis.com/v1/projects/classtrack-bffb2/secrets/REVENUECAT_WEBHOOK_AUTH {"name":"projects/401205940629/secrets/REVENUECAT_WEBHOOK_AUTH","replication":{"automatic":{}},"createTime":"2026-07-20T06:59:30.289805Z","labels":{"firebase-managed":"functions"},"etag":"\"16570572cfb3d4\""}
[debug] [2026-08-08T06:01:18.137Z] Checked if tokens are valid: true, expires at: 1786172451007
[debug] [2026-08-08T06:01:18.137Z] Checked if tokens are valid: true, expires at: 1786172451007
[debug] [2026-08-08T06:01:18.137Z] >>> [apiv2][query] GET https://secretmanager.googleapis.com/v1/projects/classtrack-bffb2/secrets/REVENUECAT_WEBHOOK_AUTH/versions/latest [none]
[debug] [2026-08-08T06:01:24.949Z] <<< [apiv2][status] GET https://secretmanager.googleapis.com/v1/projects/classtrack-bffb2/secrets/REVENUECAT_WEBHOOK_AUTH/versions/latest 200
[debug] [2026-08-08T06:01:24.950Z] <<< [apiv2][body] GET https://secretmanager.googleapis.com/v1/projects/classtrack-bffb2/secrets/REVENUECAT_WEBHOOK_AUTH/versions/latest {"name":"projects/401205940629/secrets/REVENUECAT_WEBHOOK_AUTH/versions/4","createTime":"2026-07-31T17:51:26.420297Z","state":"ENABLED","replicationStatus":{"automatic":{}},"etag":"\"1657ebd6694d49\""}
[info] i  functions: preparing functions directory for uploading... 
[info] i  functions: packaged C:\Users\princ\Downloads\Attendence App\functions (50.77 KB) for uploading 
[info] i  functions: ensuring required API run.googleapis.com is enabled... 
[info] i  functions: ensuring required API eventarc.googleapis.com is enabled... 
[info] i  functions: ensuring required API pubsub.googleapis.com is enabled... 
[info] i  functions: ensuring required API storage.googleapis.com is enabled... 
[info] i  functions: generating the service identity for pubsub.googleapis.com... 
[debug] [2026-08-08T06:01:24.978Z] Checked if tokens are valid: true, expires at: 1786172451007
[debug] [2026-08-08T06:01:24.978Z] Checked if tokens are valid: true, expires at: 1786172451007
[info] i  functions: generating the service identity for eventarc.googleapis.com... 
[debug] [2026-08-08T06:01:24.978Z] Checked if tokens are valid: true, expires at: 1786172451007
[debug] [2026-08-08T06:01:24.978Z] Checked if tokens are valid: true, expires at: 1786172451007
[debug] [2026-08-08T06:01:24.978Z] >>> [apiv2][query] POST https://serviceusage.googleapis.com/v1beta1/projects/401205940629/services/pubsub.googleapis.com:generateServiceIdentity [none]
[debug] [2026-08-08T06:01:24.978Z] >>> [apiv2][(partial)header] POST https://serviceusage.googleapis.com/v1beta1/projects/401205940629/services/pubsub.googleapis.com:generateServiceIdentity  x-goog-user-project=401205940629
[debug] [2026-08-08T06:01:24.978Z] >>> [apiv2][body] POST https://serviceusage.googleapis.com/v1beta1/projects/401205940629/services/pubsub.googleapis.com:generateServiceIdentity {}
[debug] [2026-08-08T06:01:24.978Z] >>> [apiv2][query] POST https://serviceusage.googleapis.com/v1beta1/projects/401205940629/services/eventarc.googleapis.com:generateServiceIdentity [none]
[debug] [2026-08-08T06:01:24.978Z] >>> [apiv2][(partial)header] POST https://serviceusage.googleapis.com/v1beta1/projects/401205940629/services/eventarc.googleapis.com:generateServiceIdentity  x-goog-user-project=401205940629
[debug] [2026-08-08T06:01:24.978Z] >>> [apiv2][body] POST https://serviceusage.googleapis.com/v1beta1/projects/401205940629/services/eventarc.googleapis.com:generateServiceIdentity {}
[debug] [2026-08-08T06:01:30.470Z] <<< [apiv2][status] POST https://serviceusage.googleapis.com/v1beta1/projects/401205940629/services/pubsub.googleapis.com:generateServiceIdentity 200
[debug] [2026-08-08T06:01:30.470Z] <<< [apiv2][body] POST https://serviceusage.googleapis.com/v1beta1/projects/401205940629/services/pubsub.googleapis.com:generateServiceIdentity {"name":"operations/finished.DONE_OPERATION","done":true,"response":{"@type":"type.googleapis.com/google.api.serviceusage.v1beta1.ServiceIdentity","email":"service-401205940629@gcp-sa-pubsub.iam.gserviceaccount.com","uniqueId":"112471747240021436559"}}
[debug] [2026-08-08T06:01:30.470Z] <<< [apiv2][status] POST https://serviceusage.googleapis.com/v1beta1/projects/401205940629/services/eventarc.googleapis.com:generateServiceIdentity 200
[debug] [2026-08-08T06:01:30.470Z] <<< [apiv2][body] POST https://serviceusage.googleapis.com/v1beta1/projects/401205940629/services/eventarc.googleapis.com:generateServiceIdentity {"name":"operations/finished.DONE_OPERATION","done":true,"response":{"@type":"type.googleapis.com/google.api.serviceusage.v1beta1.ServiceIdentity","email":"service-401205940629@gcp-sa-eventarc.iam.gserviceaccount.com","uniqueId":"102549965050967179873"}}
[info] i  functions: ensuring required API secretmanager.googleapis.com is enabled... 
[debug] [2026-08-08T06:01:30.472Z] Checked if tokens are valid: true, expires at: 1786172451007
[debug] [2026-08-08T06:01:30.472Z] Checked if tokens are valid: true, expires at: 1786172451007
[debug] [2026-08-08T06:01:30.472Z] Checked if tokens are valid: true, expires at: 1786172451007
[debug] [2026-08-08T06:01:30.472Z] Checked if tokens are valid: true, expires at: 1786172451007
[debug] [2026-08-08T06:01:30.472Z] >>> [apiv2][query] GET https://secretmanager.googleapis.com/v1/projects/classtrack-bffb2/secrets/GEMINI_API_KEY/versions/latest [none]
[debug] [2026-08-08T06:01:30.473Z] >>> [apiv2][query] GET https://secretmanager.googleapis.com/v1/projects/classtrack-bffb2/secrets/REVENUECAT_WEBHOOK_AUTH/versions/latest [none]
[debug] [2026-08-08T06:01:30.842Z] <<< [apiv2][status] GET https://secretmanager.googleapis.com/v1/projects/classtrack-bffb2/secrets/REVENUECAT_WEBHOOK_AUTH/versions/latest 200
[debug] [2026-08-08T06:01:30.842Z] <<< [apiv2][body] GET https://secretmanager.googleapis.com/v1/projects/classtrack-bffb2/secrets/REVENUECAT_WEBHOOK_AUTH/versions/latest {"name":"projects/401205940629/secrets/REVENUECAT_WEBHOOK_AUTH/versions/4","createTime":"2026-07-31T17:51:26.420297Z","state":"ENABLED","replicationStatus":{"automatic":{}},"etag":"\"1657ebd6694d49\""}
[debug] [2026-08-08T06:01:30.842Z] Resolved secret version of REVENUECAT_WEBHOOK_AUTH to 4.
[debug] [2026-08-08T06:01:30.926Z] <<< [apiv2][status] GET https://secretmanager.googleapis.com/v1/projects/classtrack-bffb2/secrets/GEMINI_API_KEY/versions/latest 200
[debug] [2026-08-08T06:01:30.926Z] <<< [apiv2][body] GET https://secretmanager.googleapis.com/v1/projects/classtrack-bffb2/secrets/GEMINI_API_KEY/versions/latest {"name":"projects/401205940629/secrets/GEMINI_API_KEY/versions/3","createTime":"2026-07-20T06:55:45.540180Z","state":"ENABLED","replicationStatus":{"automatic":{}},"etag":"\"1657056541fc54\""}
[debug] [2026-08-08T06:01:30.926Z] Resolved secret version of GEMINI_API_KEY to 3.
[debug] [2026-08-08T06:01:30.926Z] Checked if tokens are valid: true, expires at: 1786172451007
[debug] [2026-08-08T06:01:30.926Z] Checked if tokens are valid: true, expires at: 1786172451007
[debug] [2026-08-08T06:01:30.926Z] >>> [apiv2][query] GET https://compute.googleapis.com/compute/v1/projects/401205940629 [none]
[debug] [2026-08-08T06:01:31.366Z] <<< [apiv2][status] GET https://compute.googleapis.com/compute/v1/projects/401205940629 403
[debug] [2026-08-08T06:01:31.366Z] <<< [apiv2][body] GET https://compute.googleapis.com/compute/v1/projects/401205940629 {"error":{"code":403,"message":"Compute Engine API has not been used in project 401205940629 before or it is disabled. Enable it by visiting https://console.developers.google.com/apis/api/compute.googleapis.com/overview?project=401205940629 then retry. If you enabled this API recently, wait a few minutes for the action to propagate to our systems and retry.","errors":[{"message":"Compute Engine API has not been used in project 401205940629 before or it is disabled. Enable it by visiting https://console.developers.google.com/apis/api/compute.googleapis.com/overview?project=401205940629 then retry. If you enabled this API recently, wait a few minutes for the action to propagate to our systems and retry.","domain":"usageLimits","reason":"accessNotConfigured","extendedHelp":"https://console.developers.google.com"}],"status":"PERMISSION_DENIED","details":[{"@type":"type.googleapis.com/google.rpc.ErrorInfo","reason":"SERVICE_DISABLED","domain":"googleapis.com","metadata":{"consumer":"projects/401205940629","service":"compute.googleapis.com","containerInfo":"401205940629","serviceTitle":"Compute Engine API","activationUrl":"https://console.developers.google.com/apis/api/compute.googleapis.com/overview?project=401205940629"}},{"@type":"type.googleapis.com/google.rpc.LocalizedMessage","locale":"en-US","message":"Compute Engine API has not been used in project 401205940629 before or it is disabled. Enable it by visiting https://console.developers.google.com/apis/api/compute.googleapis.com/overview?project=401205940629 then retry. If you enabled this API recently, wait a few minutes for the action to propagate to our systems and retry."},{"@type":"type.googleapis.com/google.rpc.Help","links":[{"description":"Google developers console API activation","url":"https://console.developers.google.com/apis/api/compute.googleapis.com/overview?project=401205940629"}]}]}}
[debug] [2026-08-08T06:01:31.367Z] unable to look up default compute service account. Falling back to 401205940629-compute@developer.gserviceaccount.com. Error: {"name":"FirebaseError","children":[],"context":{"body":{"error":{"code":403,"message":"Compute Engine API has not been used in project 401205940629 before or it is disabled. Enable it by visiting https://console.developers.google.com/apis/api/compute.googleapis.com/overview?project=401205940629 then retry. If you enabled this API recently, wait a few minutes for the action to propagate to our systems and retry.","errors":[{"message":"Compute Engine API has not been used in project 401205940629 before or it is disabled. Enable it by visiting https://console.developers.google.com/apis/api/compute.googleapis.com/overview?project=401205940629 then retry. If you enabled this API recently, wait a few minutes for the action to propagate to our systems and retry.","domain":"usageLimits","reason":"accessNotConfigured","extendedHelp":"https://console.developers.google.com"}],"status":"PERMISSION_DENIED","details":[{"@type":"type.googleapis.com/google.rpc.ErrorInfo","reason":"SERVICE_DISABLED","domain":"googleapis.com","metadata":{"consumer":"projects/401205940629","service":"compute.googleapis.com","containerInfo":"401205940629","serviceTitle":"Compute Engine API","activationUrl":"https://console.developers.google.com/apis/api/compute.googleapis.com/overview?project=401205940629"}},{"@type":"type.googleapis.com/google.rpc.LocalizedMessage","locale":"en-US","message":"Compute Engine API has not been used in project 401205940629 before or it is disabled. Enable it by visiting https://console.developers.google.com/apis/api/compute.googleapis.com/overview?project=401205940629 then retry. If you enabled this API recently, wait a few minutes for the action to propagate to our systems and retry."},{"@type":"type.googleapis.com/google.rpc.Help","links":[{"description":"Google developers console API activation","url":"https://console.developers.google.com/apis/api/compute.googleapis.com/overview?project=401205940629"}]}]}},"response":{"statusCode":403}},"exit":1,"message":"Request to https://compute.googleapis.com/compute/v1/projects/401205940629 had HTTP Error: 403, Compute Engine API has not been used in project 401205940629 before or it is disabled. Enable it by visiting https://console.developers.google.com/apis/api/compute.googleapis.com/overview?project=401205940629 then retry. If you enabled this API recently, wait a few minutes for the action to propagate to our systems and retry.","status":403}
[debug] [2026-08-08T06:01:31.368Z] Checked if tokens are valid: true, expires at: 1786172451007
[debug] [2026-08-08T06:01:31.369Z] Checked if tokens are valid: true, expires at: 1786172451007
[debug] [2026-08-08T06:01:31.369Z] >>> [apiv2][query] POST https://cloudresourcemanager.googleapis.com/v1/projects/401205940629:getIamPolicy [none]
[debug] [2026-08-08T06:01:32.977Z] <<< [apiv2][status] POST https://cloudresourcemanager.googleapis.com/v1/projects/401205940629:getIamPolicy 200
[debug] [2026-08-08T06:01:32.977Z] <<< [apiv2][body] POST https://cloudresourcemanager.googleapis.com/v1/projects/401205940629:getIamPolicy {"version":1,"etag":"BwZYb+Nwggs=","bindings":[{"role":"roles/artifactregistry.serviceAgent","members":["serviceAccount:service-401205940629@gcp-sa-artifactregistry.iam.gserviceaccount.com"]},{"role":"roles/cloudbuild.builds.builder","members":["serviceAccount:401205940629@cloudbuild.gserviceaccount.com"]},{"role":"roles/cloudbuild.serviceAgent","members":["serviceAccount:service-401205940629@gcp-sa-cloudbuild.iam.gserviceaccount.com"]},{"role":"roles/cloudfunctions.admin","members":["serviceAccount:firebase-adminsdk-fbsvc@classtrack-bffb2.iam.gserviceaccount.com"]},{"role":"roles/cloudfunctions.serviceAgent","members":["serviceAccount:service-401205940629@gcf-admin-robot.iam.gserviceaccount.com"]},{"role":"roles/containerregistry.ServiceAgent","members":["serviceAccount:service-401205940629@containerregistry.iam.gserviceaccount.com"]},{"role":"roles/editor","members":["serviceAccount:401205940629-compute@developer.gserviceaccount.com","serviceAccount:401205940629@cloudservices.gserviceaccount.com","serviceAccount:classtrack-bffb2@appspot.gserviceaccount.com"]},{"role":"roles/firebase.managementServiceAgent","members":["serviceAccount:service-401205940629@gcp-sa-firebase.iam.gserviceaccount.com"]},{"role":"roles/firebase.sdkAdminServiceAgent","members":["serviceAccount:firebase-adminsdk-fbsvc@classtrack-bffb2.iam.gserviceaccount.com"]},{"role":"roles/firebaseapphosting.serviceAgent","members":["serviceAccount:service-401205940629@gcp-sa-firebaseapphosting.iam.gserviceaccount.com"]},{"role":"roles/firebaseauth.admin","members":["serviceAccount:firebase-adminsdk-fbsvc@classtrack-bffb2.iam.gserviceaccount.com"]},{"role":"roles/firebasedatabase.admin","members":["serviceAccount:firebase-adminsdk-fbsvc@classtrack-bffb2.iam.gserviceaccount.com"]},{"role":"roles/firebasemods.serviceAgent","members":["serviceAccount:service-401205940629@gcp-sa-firebasemods.iam.gserviceaccount.com"]},{"role":"roles/firebaserules.system","members":["serviceAccount:service-401205940629@firebase-rules.iam.gserviceaccount.com"]},{"role":"roles/firebasestorage.serviceAgent","members":["serviceAccount:service-401205940629@gcp-sa-firebasestorage.iam.gserviceaccount.com"]},{"role":"roles/firestore.serviceAgent","members":["serviceAccount:service-401205940629@gcp-sa-firestore.iam.gserviceaccount.com"]},{"role":"roles/iam.serviceAccountTokenCreator","members":["serviceAccount:firebase-adminsdk-fbsvc@classtrack-bffb2.iam.gserviceaccount.com"]},{"role":"roles/owner","members":["user:Princekumarmandal78@gmail.com"]},{"role":"roles/run.serviceAgent","members":["serviceAccount:service-401205940629@serverless-robot-prod.iam.gserviceaccount.com"]},{"role":"roles/storage.admin","members":["serviceAccount:firebase-adminsdk-fbsvc@classtrack-bffb2.iam.gserviceaccount.com"]}]}
[debug] [2026-08-08T06:01:32.977Z] Checked if tokens are valid: true, expires at: 1786172451007
[debug] [2026-08-08T06:01:32.977Z] Checked if tokens are valid: true, expires at: 1786172451007
[debug] [2026-08-08T06:01:32.977Z] >>> [apiv2][query] POST https://cloudresourcemanager.googleapis.com/v1/projects/401205940629:setIamPolicy [none]
[debug] [2026-08-08T06:01:32.977Z] >>> [apiv2][body] POST https://cloudresourcemanager.googleapis.com/v1/projects/401205940629:setIamPolicy {"policy":{"version":1,"etag":"BwZYb+Nwggs=","bindings":[{"role":"roles/artifactregistry.serviceAgent","members":["serviceAccount:service-401205940629@gcp-sa-artifactregistry.iam.gserviceaccount.com"]},{"role":"roles/cloudbuild.builds.builder","members":["serviceAccount:401205940629@cloudbuild.gserviceaccount.com"]},{"role":"roles/cloudbuild.serviceAgent","members":["serviceAccount:service-401205940629@gcp-sa-cloudbuild.iam.gserviceaccount.com"]},{"role":"roles/cloudfunctions.admin","members":["serviceAccount:firebase-adminsdk-fbsvc@classtrack-bffb2.iam.gserviceaccount.com"]},{"role":"roles/cloudfunctions.serviceAgent","members":["serviceAccount:service-401205940629@gcf-admin-robot.iam.gserviceaccount.com"]},{"role":"roles/containerregistry.ServiceAgent","members":["serviceAccount:service-401205940629@containerregistry.iam.gserviceaccount.com"]},{"role":"roles/editor","members":["serviceAccount:401205940629-compute@developer.gserviceaccount.com","serviceAccount:401205940629@cloudservices.gserviceaccount.com","serviceAccount:classtrack-bffb2@appspot.gserviceaccount.com"]},{"role":"roles/firebase.managementServiceAgent","members":["serviceAccount:service-401205940629@gcp-sa-firebase.iam.gserviceaccount.com"]},{"role":"roles/firebase.sdkAdminServiceAgent","members":["serviceAccount:firebase-adminsdk-fbsvc@classtrack-bffb2.iam.gserviceaccount.com"]},{"role":"roles/firebaseapphosting.serviceAgent","members":["serviceAccount:service-401205940629@gcp-sa-firebaseapphosting.iam.gserviceaccount.com"]},{"role":"roles/firebaseauth.admin","members":["serviceAccount:firebase-adminsdk-fbsvc@classtrack-bffb2.iam.gserviceaccount.com"]},{"role":"roles/firebasedatabase.admin","members":["serviceAccount:firebase-adminsdk-fbsvc@classtrack-bffb2.iam.gserviceaccount.com"]},{"role":"roles/firebasemods.serviceAgent","members":["serviceAccount:service-401205940629@gcp-sa-firebasemods.iam.gserviceaccount.com"]},{"role":"roles/firebaserules.system","members":["serviceAccount:service-401205940629@firebase-rules.iam.gserviceaccount.com"]},{"role":"roles/firebasestorage.serviceAgent","members":["serviceAccount:service-401205940629@gcp-sa-firebasestorage.iam.gserviceaccount.com"]},{"role":"roles/firestore.serviceAgent","members":["serviceAccount:service-401205940629@gcp-sa-firestore.iam.gserviceaccount.com"]},{"role":"roles/iam.serviceAccountTokenCreator","members":["serviceAccount:firebase-adminsdk-fbsvc@classtrack-bffb2.iam.gserviceaccount.com","serviceAccount:service-401205940629@gcp-sa-pubsub.iam.gserviceaccount.com"]},{"role":"roles/owner","members":["user:Princekumarmandal78@gmail.com"]},{"role":"roles/run.serviceAgent","members":["serviceAccount:service-401205940629@serverless-robot-prod.iam.gserviceaccount.com"]},{"role":"roles/storage.admin","members":["serviceAccount:firebase-adminsdk-fbsvc@classtrack-bffb2.iam.gserviceaccount.com"]},{"role":"roles/run.invoker","members":["serviceAccount:401205940629-compute@developer.gserviceaccount.com"]},{"role":"roles/eventarc.eventReceiver","members":["serviceAccount:401205940629-compute@developer.gserviceaccount.com"]}]},"updateMask":"bindings"}
[debug] [2026-08-08T06:01:34.128Z] <<< [apiv2][status] POST https://cloudresourcemanager.googleapis.com/v1/projects/401205940629:setIamPolicy 200
[debug] [2026-08-08T06:01:34.128Z] <<< [apiv2][body] POST https://cloudresourcemanager.googleapis.com/v1/projects/401205940629:setIamPolicy {"version":1,"etag":"BwZYgtpl+8Y=","bindings":[{"role":"roles/artifactregistry.serviceAgent","members":["serviceAccount:service-401205940629@gcp-sa-artifactregistry.iam.gserviceaccount.com"]},{"role":"roles/cloudbuild.builds.builder","members":["serviceAccount:401205940629@cloudbuild.gserviceaccount.com"]},{"role":"roles/cloudbuild.serviceAgent","members":["serviceAccount:service-401205940629@gcp-sa-cloudbuild.iam.gserviceaccount.com"]},{"role":"roles/cloudfunctions.admin","members":["serviceAccount:firebase-adminsdk-fbsvc@classtrack-bffb2.iam.gserviceaccount.com"]},{"role":"roles/cloudfunctions.serviceAgent","members":["serviceAccount:service-401205940629@gcf-admin-robot.iam.gserviceaccount.com"]},{"role":"roles/containerregistry.ServiceAgent","members":["serviceAccount:service-401205940629@containerregistry.iam.gserviceaccount.com"]},{"role":"roles/editor","members":["serviceAccount:401205940629-compute@developer.gserviceaccount.com","serviceAccount:401205940629@cloudservices.gserviceaccount.com","serviceAccount:classtrack-bffb2@appspot.gserviceaccount.com"]},{"role":"roles/eventarc.eventReceiver","members":["serviceAccount:401205940629-compute@developer.gserviceaccount.com"]},{"role":"roles/firebase.managementServiceAgent","members":["serviceAccount:service-401205940629@gcp-sa-firebase.iam.gserviceaccount.com"]},{"role":"roles/firebase.sdkAdminServiceAgent","members":["serviceAccount:firebase-adminsdk-fbsvc@classtrack-bffb2.iam.gserviceaccount.com"]},{"role":"roles/firebaseapphosting.serviceAgent","members":["serviceAccount:service-401205940629@gcp-sa-firebaseapphosting.iam.gserviceaccount.com"]},{"role":"roles/firebaseauth.admin","members":["serviceAccount:firebase-adminsdk-fbsvc@classtrack-bffb2.iam.gserviceaccount.com"]},{"role":"roles/firebasedatabase.admin","members":["serviceAccount:firebase-adminsdk-fbsvc@classtrack-bffb2.iam.gserviceaccount.com"]},{"role":"roles/firebasemods.serviceAgent","members":["serviceAccount:service-401205940629@gcp-sa-firebasemods.iam.gserviceaccount.com"]},{"role":"roles/firebaserules.system","members":["serviceAccount:service-401205940629@firebase-rules.iam.gserviceaccount.com"]},{"role":"roles/firebasestorage.serviceAgent","members":["serviceAccount:service-401205940629@gcp-sa-firebasestorage.iam.gserviceaccount.com"]},{"role":"roles/firestore.serviceAgent","members":["serviceAccount:service-401205940629@gcp-sa-firestore.iam.gserviceaccount.com"]},{"role":"roles/iam.serviceAccountTokenCreator","members":["serviceAccount:firebase-adminsdk-fbsvc@classtrack-bffb2.iam.gserviceaccount.com","serviceAccount:service-401205940629@gcp-sa-pubsub.iam.gserviceaccount.com"]},{"role":"roles/owner","members":["user:Princekumarmandal78@gmail.com"]},{"role":"roles/run.invoker","members":["serviceAccount:401205940629-compute@developer.gserviceaccount.com"]},{"role":"roles/run.serviceAgent","members":["serviceAccount:service-401205940629@serverless-robot-prod.iam.gserviceaccount.com"]},{"role":"roles/storage.admin","members":["serviceAccount:firebase-adminsdk-fbsvc@classtrack-bffb2.iam.gserviceaccount.com"]}]}
[debug] [2026-08-08T06:01:34.129Z] Checked if tokens are valid: true, expires at: 1786172451007
[debug] [2026-08-08T06:01:34.129Z] Checked if tokens are valid: true, expires at: 1786172451007
[debug] [2026-08-08T06:01:34.129Z] >>> [apiv2][query] GET https://cloudresourcemanager.googleapis.com/v1/projects/classtrack-bffb2 [none]
[debug] [2026-08-08T06:01:34.486Z] <<< [apiv2][status] GET https://cloudresourcemanager.googleapis.com/v1/projects/classtrack-bffb2 200
[debug] [2026-08-08T06:01:34.486Z] <<< [apiv2][body] GET https://cloudresourcemanager.googleapis.com/v1/projects/classtrack-bffb2 {"projectNumber":"401205940629","projectId":"classtrack-bffb2","lifecycleState":"ACTIVE","name":"ClassTrack","labels":{"firebase":"enabled","firebase-core":"disabled"},"createTime":"2026-07-18T09:28:03.718Z"}
[debug] [2026-08-08T06:01:34.486Z] Checked if tokens are valid: true, expires at: 1786172451007
[debug] [2026-08-08T06:01:34.487Z] Checked if tokens are valid: true, expires at: 1786172451007
[debug] [2026-08-08T06:01:34.487Z] >>> [apiv2][query] GET https://compute.googleapis.com/compute/v1/projects/401205940629 [none]
[debug] [2026-08-08T06:01:34.834Z] <<< [apiv2][status] GET https://compute.googleapis.com/compute/v1/projects/401205940629 403
[debug] [2026-08-08T06:01:34.834Z] <<< [apiv2][body] GET https://compute.googleapis.com/compute/v1/projects/401205940629 {"error":{"code":403,"message":"Compute Engine API has not been used in project 401205940629 before or it is disabled. Enable it by visiting https://console.developers.google.com/apis/api/compute.googleapis.com/overview?project=401205940629 then retry. If you enabled this API recently, wait a few minutes for the action to propagate to our systems and retry.","errors":[{"message":"Compute Engine API has not been used in project 401205940629 before or it is disabled. Enable it by visiting https://console.developers.google.com/apis/api/compute.googleapis.com/overview?project=401205940629 then retry. If you enabled this API recently, wait a few minutes for the action to propagate to our systems and retry.","domain":"usageLimits","reason":"accessNotConfigured","extendedHelp":"https://console.developers.google.com"}],"status":"PERMISSION_DENIED","details":[{"@type":"type.googleapis.com/google.rpc.ErrorInfo","reason":"SERVICE_DISABLED","domain":"googleapis.com","metadata":{"service":"compute.googleapis.com","consumer":"projects/401205940629","activationUrl":"https://console.developers.google.com/apis/api/compute.googleapis.com/overview?project=401205940629","containerInfo":"401205940629","serviceTitle":"Compute Engine API"}},{"@type":"type.googleapis.com/google.rpc.LocalizedMessage","locale":"en-US","message":"Compute Engine API has not been used in project 401205940629 before or it is disabled. Enable it by visiting https://console.developers.google.com/apis/api/compute.googleapis.com/overview?project=401205940629 then retry. If you enabled this API recently, wait a few minutes for the action to propagate to our systems and retry."},{"@type":"type.googleapis.com/google.rpc.Help","links":[{"description":"Google developers console API activation","url":"https://console.developers.google.com/apis/api/compute.googleapis.com/overview?project=401205940629"}]}]}}
[debug] [2026-08-08T06:01:34.834Z] unable to look up default compute service account. Falling back to 401205940629-compute@developer.gserviceaccount.com. Error: {"name":"FirebaseError","children":[],"context":{"body":{"error":{"code":403,"message":"Compute Engine API has not been used in project 401205940629 before or it is disabled. Enable it by visiting https://console.developers.google.com/apis/api/compute.googleapis.com/overview?project=401205940629 then retry. If you enabled this API recently, wait a few minutes for the action to propagate to our systems and retry.","errors":[{"message":"Compute Engine API has not been used in project 401205940629 before or it is disabled. Enable it by visiting https://console.developers.google.com/apis/api/compute.googleapis.com/overview?project=401205940629 then retry. If you enabled this API recently, wait a few minutes for the action to propagate to our systems and retry.","domain":"usageLimits","reason":"accessNotConfigured","extendedHelp":"https://console.developers.google.com"}],"status":"PERMISSION_DENIED","details":[{"@type":"type.googleapis.com/google.rpc.ErrorInfo","reason":"SERVICE_DISABLED","domain":"googleapis.com","metadata":{"service":"compute.googleapis.com","consumer":"projects/401205940629","activationUrl":"https://console.developers.google.com/apis/api/compute.googleapis.com/overview?project=401205940629","containerInfo":"401205940629","serviceTitle":"Compute Engine API"}},{"@type":"type.googleapis.com/google.rpc.LocalizedMessage","locale":"en-US","message":"Compute Engine API has not been used in project 401205940629 before or it is disabled. Enable it by visiting https://console.developers.google.com/apis/api/compute.googleapis.com/overview?project=401205940629 then retry. If you enabled this API recently, wait a few minutes for the action to propagate to our systems and retry."},{"@type":"type.googleapis.com/google.rpc.Help","links":[{"description":"Google developers console API activation","url":"https://console.developers.google.com/apis/api/compute.googleapis.com/overview?project=401205940629"}]}]}},"response":{"statusCode":403}},"exit":1,"message":"Request to https://compute.googleapis.com/compute/v1/projects/401205940629 had HTTP Error: 403, Compute Engine API has not been used in project 401205940629 before or it is disabled. Enable it by visiting https://console.developers.google.com/apis/api/compute.googleapis.com/overview?project=401205940629 then retry. If you enabled this API recently, wait a few minutes for the action to propagate to our systems and retry.","status":403}
[debug] [2026-08-08T06:01:34.834Z] Checked if tokens are valid: true, expires at: 1786172451007
[debug] [2026-08-08T06:01:34.834Z] Checked if tokens are valid: true, expires at: 1786172451007
[debug] [2026-08-08T06:01:34.834Z] >>> [apiv2][query] GET https://compute.googleapis.com/compute/v1/projects/401205940629 [none]
[debug] [2026-08-08T06:01:35.214Z] <<< [apiv2][status] GET https://compute.googleapis.com/compute/v1/projects/401205940629 403
[debug] [2026-08-08T06:01:35.214Z] <<< [apiv2][body] GET https://compute.googleapis.com/compute/v1/projects/401205940629 {"error":{"code":403,"message":"Compute Engine API has not been used in project 401205940629 before or it is disabled. Enable it by visiting https://console.developers.google.com/apis/api/compute.googleapis.com/overview?project=401205940629 then retry. If you enabled this API recently, wait a few minutes for the action to propagate to our systems and retry.","errors":[{"message":"Compute Engine API has not been used in project 401205940629 before or it is disabled. Enable it by visiting https://console.developers.google.com/apis/api/compute.googleapis.com/overview?project=401205940629 then retry. If you enabled this API recently, wait a few minutes for the action to propagate to our systems and retry.","domain":"usageLimits","reason":"accessNotConfigured","extendedHelp":"https://console.developers.google.com"}],"status":"PERMISSION_DENIED","details":[{"@type":"type.googleapis.com/google.rpc.ErrorInfo","reason":"SERVICE_DISABLED","domain":"googleapis.com","metadata":{"serviceTitle":"Compute Engine API","service":"compute.googleapis.com","containerInfo":"401205940629","activationUrl":"https://console.developers.google.com/apis/api/compute.googleapis.com/overview?project=401205940629","consumer":"projects/401205940629"}},{"@type":"type.googleapis.com/google.rpc.LocalizedMessage","locale":"en-US","message":"Compute Engine API has not been used in project 401205940629 before or it is disabled. Enable it by visiting https://console.developers.google.com/apis/api/compute.googleapis.com/overview?project=401205940629 then retry. If you enabled this API recently, wait a few minutes for the action to propagate to our systems and retry."},{"@type":"type.googleapis.com/google.rpc.Help","links":[{"description":"Google developers console API activation","url":"https://console.developers.google.com/apis/api/compute.googleapis.com/overview?project=401205940629"}]}]}}
[debug] [2026-08-08T06:01:35.214Z] unable to look up default compute service account. Falling back to 401205940629-compute@developer.gserviceaccount.com. Error: {"name":"FirebaseError","children":[],"context":{"body":{"error":{"code":403,"message":"Compute Engine API has not been used in project 401205940629 before or it is disabled. Enable it by visiting https://console.developers.google.com/apis/api/compute.googleapis.com/overview?project=401205940629 then retry. If you enabled this API recently, wait a few minutes for the action to propagate to our systems and retry.","errors":[{"message":"Compute Engine API has not been used in project 401205940629 before or it is disabled. Enable it by visiting https://console.developers.google.com/apis/api/compute.googleapis.com/overview?project=401205940629 then retry. If you enabled this API recently, wait a few minutes for the action to propagate to our systems and retry.","domain":"usageLimits","reason":"accessNotConfigured","extendedHelp":"https://console.developers.google.com"}],"status":"PERMISSION_DENIED","details":[{"@type":"type.googleapis.com/google.rpc.ErrorInfo","reason":"SERVICE_DISABLED","domain":"googleapis.com","metadata":{"serviceTitle":"Compute Engine API","service":"compute.googleapis.com","containerInfo":"401205940629","activationUrl":"https://console.developers.google.com/apis/api/compute.googleapis.com/overview?project=401205940629","consumer":"projects/401205940629"}},{"@type":"type.googleapis.com/google.rpc.LocalizedMessage","locale":"en-US","message":"Compute Engine API has not been used in project 401205940629 before or it is disabled. Enable it by visiting https://console.developers.google.com/apis/api/compute.googleapis.com/overview?project=401205940629 then retry. If you enabled this API recently, wait a few minutes for the action to propagate to our systems and retry."},{"@type":"type.googleapis.com/google.rpc.Help","links":[{"description":"Google developers console API activation","url":"https://console.developers.google.com/apis/api/compute.googleapis.com/overview?project=401205940629"}]}]}},"response":{"statusCode":403}},"exit":1,"message":"Request to https://compute.googleapis.com/compute/v1/projects/401205940629 had HTTP Error: 403, Compute Engine API has not been used in project 401205940629 before or it is disabled. Enable it by visiting https://console.developers.google.com/apis/api/compute.googleapis.com/overview?project=401205940629 then retry. If you enabled this API recently, wait a few minutes for the action to propagate to our systems and retry.","status":403}
[debug] [2026-08-08T06:01:35.214Z] Checked if tokens are valid: true, expires at: 1786172451007
[debug] [2026-08-08T06:01:35.214Z] Checked if tokens are valid: true, expires at: 1786172451007
[debug] [2026-08-08T06:01:35.214Z] >>> [apiv2][query] GET https://compute.googleapis.com/compute/v1/projects/401205940629 [none]
[debug] [2026-08-08T06:01:35.562Z] <<< [apiv2][status] GET https://compute.googleapis.com/compute/v1/projects/401205940629 403
[debug] [2026-08-08T06:01:35.562Z] <<< [apiv2][body] GET https://compute.googleapis.com/compute/v1/projects/401205940629 {"error":{"code":403,"message":"Compute Engine API has not been used in project 401205940629 before or it is disabled. Enable it by visiting https://console.developers.google.com/apis/api/compute.googleapis.com/overview?project=401205940629 then retry. If you enabled this API recently, wait a few minutes for the action to propagate to our systems and retry.","errors":[{"message":"Compute Engine API has not been used in project 401205940629 before or it is disabled. Enable it by visiting https://console.developers.google.com/apis/api/compute.googleapis.com/overview?project=401205940629 then retry. If you enabled this API recently, wait a few minutes for the action to propagate to our systems and retry.","domain":"usageLimits","reason":"accessNotConfigured","extendedHelp":"https://console.developers.google.com"}],"status":"PERMISSION_DENIED","details":[{"@type":"type.googleapis.com/google.rpc.ErrorInfo","reason":"SERVICE_DISABLED","domain":"googleapis.com","metadata":{"consumer":"projects/401205940629","containerInfo":"401205940629","activationUrl":"https://console.developers.google.com/apis/api/compute.googleapis.com/overview?project=401205940629","service":"compute.googleapis.com","serviceTitle":"Compute Engine API"}},{"@type":"type.googleapis.com/google.rpc.LocalizedMessage","locale":"en-US","message":"Compute Engine API has not been used in project 401205940629 before or it is disabled. Enable it by visiting https://console.developers.google.com/apis/api/compute.googleapis.com/overview?project=401205940629 then retry. If you enabled this API recently, wait a few minutes for the action to propagate to our systems and retry."},{"@type":"type.googleapis.com/google.rpc.Help","links":[{"description":"Google developers console API activation","url":"https://console.developers.google.com/apis/api/compute.googleapis.com/overview?project=401205940629"}]}]}}
[debug] [2026-08-08T06:01:35.562Z] unable to look up default compute service account. Falling back to 401205940629-compute@developer.gserviceaccount.com. Error: {"name":"FirebaseError","children":[],"context":{"body":{"error":{"code":403,"message":"Compute Engine API has not been used in project 401205940629 before or it is disabled. Enable it by visiting https://console.developers.google.com/apis/api/compute.googleapis.com/overview?project=401205940629 then retry. If you enabled this API recently, wait a few minutes for the action to propagate to our systems and retry.","errors":[{"message":"Compute Engine API has not been used in project 401205940629 before or it is disabled. Enable it by visiting https://console.developers.google.com/apis/api/compute.googleapis.com/overview?project=401205940629 then retry. If you enabled this API recently, wait a few minutes for the action to propagate to our systems and retry.","domain":"usageLimits","reason":"accessNotConfigured","extendedHelp":"https://console.developers.google.com"}],"status":"PERMISSION_DENIED","details":[{"@type":"type.googleapis.com/google.rpc.ErrorInfo","reason":"SERVICE_DISABLED","domain":"googleapis.com","metadata":{"consumer":"projects/401205940629","containerInfo":"401205940629","activationUrl":"https://console.developers.google.com/apis/api/compute.googleapis.com/overview?project=401205940629","service":"compute.googleapis.com","serviceTitle":"Compute Engine API"}},{"@type":"type.googleapis.com/google.rpc.LocalizedMessage","locale":"en-US","message":"Compute Engine API has not been used in project 401205940629 before or it is disabled. Enable it by visiting https://console.developers.google.com/apis/api/compute.googleapis.com/overview?project=401205940629 then retry. If you enabled this API recently, wait a few minutes for the action to propagate to our systems and retry."},{"@type":"type.googleapis.com/google.rpc.Help","links":[{"description":"Google developers console API activation","url":"https://console.developers.google.com/apis/api/compute.googleapis.com/overview?project=401205940629"}]}]}},"response":{"statusCode":403}},"exit":1,"message":"Request to https://compute.googleapis.com/compute/v1/projects/401205940629 had HTTP Error: 403, Compute Engine API has not been used in project 401205940629 before or it is disabled. Enable it by visiting https://console.developers.google.com/apis/api/compute.googleapis.com/overview?project=401205940629 then retry. If you enabled this API recently, wait a few minutes for the action to propagate to our systems and retry.","status":403}
[debug] [2026-08-08T06:01:35.562Z] Checked if tokens are valid: true, expires at: 1786172451007
[debug] [2026-08-08T06:01:35.562Z] Checked if tokens are valid: true, expires at: 1786172451007
[debug] [2026-08-08T06:01:35.562Z] >>> [apiv2][query] GET https://compute.googleapis.com/compute/v1/projects/401205940629 [none]
[debug] [2026-08-08T06:01:36.073Z] <<< [apiv2][status] GET https://compute.googleapis.com/compute/v1/projects/401205940629 403
[debug] [2026-08-08T06:01:36.073Z] <<< [apiv2][body] GET https://compute.googleapis.com/compute/v1/projects/401205940629 {"error":{"code":403,"message":"Compute Engine API has not been used in project 401205940629 before or it is disabled. Enable it by visiting https://console.developers.google.com/apis/api/compute.googleapis.com/overview?project=401205940629 then retry. If you enabled this API recently, wait a few minutes for the action to propagate to our systems and retry.","errors":[{"message":"Compute Engine API has not been used in project 401205940629 before or it is disabled. Enable it by visiting https://console.developers.google.com/apis/api/compute.googleapis.com/overview?project=401205940629 then retry. If you enabled this API recently, wait a few minutes for the action to propagate to our systems and retry.","domain":"usageLimits","reason":"accessNotConfigured","extendedHelp":"https://console.developers.google.com"}],"status":"PERMISSION_DENIED","details":[{"@type":"type.googleapis.com/google.rpc.ErrorInfo","reason":"SERVICE_DISABLED","domain":"googleapis.com","metadata":{"activationUrl":"https://console.developers.google.com/apis/api/compute.googleapis.com/overview?project=401205940629","consumer":"projects/401205940629","service":"compute.googleapis.com","containerInfo":"401205940629","serviceTitle":"Compute Engine API"}},{"@type":"type.googleapis.com/google.rpc.LocalizedMessage","locale":"en-US","message":"Compute Engine API has not been used in project 401205940629 before or it is disabled. Enable it by visiting https://console.developers.google.com/apis/api/compute.googleapis.com/overview?project=401205940629 then retry. If you enabled this API recently, wait a few minutes for the action to propagate to our systems and retry."},{"@type":"type.googleapis.com/google.rpc.Help","links":[{"description":"Google developers console API activation","url":"https://console.developers.google.com/apis/api/compute.googleapis.com/overview?project=401205940629"}]}]}}
[debug] [2026-08-08T06:01:36.073Z] unable to look up default compute service account. Falling back to 401205940629-compute@developer.gserviceaccount.com. Error: {"name":"FirebaseError","children":[],"context":{"body":{"error":{"code":403,"message":"Compute Engine API has not been used in project 401205940629 before or it is disabled. Enable it by visiting https://console.developers.google.com/apis/api/compute.googleapis.com/overview?project=401205940629 then retry. If you enabled this API recently, wait a few minutes for the action to propagate to our systems and retry.","errors":[{"message":"Compute Engine API has not been used in project 401205940629 before or it is disabled. Enable it by visiting https://console.developers.google.com/apis/api/compute.googleapis.com/overview?project=401205940629 then retry. If you enabled this API recently, wait a few minutes for the action to propagate to our systems and retry.","domain":"usageLimits","reason":"accessNotConfigured","extendedHelp":"https://console.developers.google.com"}],"status":"PERMISSION_DENIED","details":[{"@type":"type.googleapis.com/google.rpc.ErrorInfo","reason":"SERVICE_DISABLED","domain":"googleapis.com","metadata":{"activationUrl":"https://console.developers.google.com/apis/api/compute.googleapis.com/overview?project=401205940629","consumer":"projects/401205940629","service":"compute.googleapis.com","containerInfo":"401205940629","serviceTitle":"Compute Engine API"}},{"@type":"type.googleapis.com/google.rpc.LocalizedMessage","locale":"en-US","message":"Compute Engine API has not been used in project 401205940629 before or it is disabled. Enable it by visiting https://console.developers.google.com/apis/api/compute.googleapis.com/overview?project=401205940629 then retry. If you enabled this API recently, wait a few minutes for the action to propagate to our systems and retry."},{"@type":"type.googleapis.com/google.rpc.Help","links":[{"description":"Google developers console API activation","url":"https://console.developers.google.com/apis/api/compute.googleapis.com/overview?project=401205940629"}]}]}},"response":{"statusCode":403}},"exit":1,"message":"Request to https://compute.googleapis.com/compute/v1/projects/401205940629 had HTTP Error: 403, Compute Engine API has not been used in project 401205940629 before or it is disabled. Enable it by visiting https://console.developers.google.com/apis/api/compute.googleapis.com/overview?project=401205940629 then retry. If you enabled this API recently, wait a few minutes for the action to propagate to our systems and retry.","status":403}
[debug] [2026-08-08T06:01:36.073Z] Checked if tokens are valid: true, expires at: 1786172451007
[debug] [2026-08-08T06:01:36.073Z] Checked if tokens are valid: true, expires at: 1786172451007
[debug] [2026-08-08T06:01:36.073Z] >>> [apiv2][query] GET https://compute.googleapis.com/compute/v1/projects/401205940629 [none]
[debug] [2026-08-08T06:01:36.585Z] <<< [apiv2][status] GET https://compute.googleapis.com/compute/v1/projects/401205940629 403
[debug] [2026-08-08T06:01:36.585Z] <<< [apiv2][body] GET https://compute.googleapis.com/compute/v1/projects/401205940629 {"error":{"code":403,"message":"Compute Engine API has not been used in project 401205940629 before or it is disabled. Enable it by visiting https://console.developers.google.com/apis/api/compute.googleapis.com/overview?project=401205940629 then retry. If you enabled this API recently, wait a few minutes for the action to propagate to our systems and retry.","errors":[{"message":"Compute Engine API has not been used in project 401205940629 before or it is disabled. Enable it by visiting https://console.developers.google.com/apis/api/compute.googleapis.com/overview?project=401205940629 then retry. If you enabled this API recently, wait a few minutes for the action to propagate to our systems and retry.","domain":"usageLimits","reason":"accessNotConfigured","extendedHelp":"https://console.developers.google.com"}],"status":"PERMISSION_DENIED","details":[{"@type":"type.googleapis.com/google.rpc.ErrorInfo","reason":"SERVICE_DISABLED","domain":"googleapis.com","metadata":{"service":"compute.googleapis.com","consumer":"projects/401205940629","activationUrl":"https://console.developers.google.com/apis/api/compute.googleapis.com/overview?project=401205940629","containerInfo":"401205940629","serviceTitle":"Compute Engine API"}},{"@type":"type.googleapis.com/google.rpc.LocalizedMessage","locale":"en-US","message":"Compute Engine API has not been used in project 401205940629 before or it is disabled. Enable it by visiting https://console.developers.google.com/apis/api/compute.googleapis.com/overview?project=401205940629 then retry. If you enabled this API recently, wait a few minutes for the action to propagate to our systems and retry."},{"@type":"type.googleapis.com/google.rpc.Help","links":[{"description":"Google developers console API activation","url":"https://console.developers.google.com/apis/api/compute.googleapis.com/overview?project=401205940629"}]}]}}
[debug] [2026-08-08T06:01:36.585Z] unable to look up default compute service account. Falling back to 401205940629-compute@developer.gserviceaccount.com. Error: {"name":"FirebaseError","children":[],"context":{"body":{"error":{"code":403,"message":"Compute Engine API has not been used in project 401205940629 before or it is disabled. Enable it by visiting https://console.developers.google.com/apis/api/compute.googleapis.com/overview?project=401205940629 then retry. If you enabled this API recently, wait a few minutes for the action to propagate to our systems and retry.","errors":[{"message":"Compute Engine API has not been used in project 401205940629 before or it is disabled. Enable it by visiting https://console.developers.google.com/apis/api/compute.googleapis.com/overview?project=401205940629 then retry. If you enabled this API recently, wait a few minutes for the action to propagate to our systems and retry.","domain":"usageLimits","reason":"accessNotConfigured","extendedHelp":"https://console.developers.google.com"}],"status":"PERMISSION_DENIED","details":[{"@type":"type.googleapis.com/google.rpc.ErrorInfo","reason":"SERVICE_DISABLED","domain":"googleapis.com","metadata":{"service":"compute.googleapis.com","consumer":"projects/401205940629","activationUrl":"https://console.developers.google.com/apis/api/compute.googleapis.com/overview?project=401205940629","containerInfo":"401205940629","serviceTitle":"Compute Engine API"}},{"@type":"type.googleapis.com/google.rpc.LocalizedMessage","locale":"en-US","message":"Compute Engine API has not been used in project 401205940629 before or it is disabled. Enable it by visiting https://console.developers.google.com/apis/api/compute.googleapis.com/overview?project=401205940629 then retry. If you enabled this API recently, wait a few minutes for the action to propagate to our systems and retry."},{"@type":"type.googleapis.com/google.rpc.Help","links":[{"description":"Google developers console API activation","url":"https://console.developers.google.com/apis/api/compute.googleapis.com/overview?project=401205940629"}]}]}},"response":{"statusCode":403}},"exit":1,"message":"Request to https://compute.googleapis.com/compute/v1/projects/401205940629 had HTTP Error: 403, Compute Engine API has not been used in project 401205940629 before or it is disabled. Enable it by visiting https://console.developers.google.com/apis/api/compute.googleapis.com/overview?project=401205940629 then retry. If you enabled this API recently, wait a few minutes for the action to propagate to our systems and retry.","status":403}
[debug] [2026-08-08T06:01:36.586Z] Checked if tokens are valid: true, expires at: 1786172451007
[debug] [2026-08-08T06:01:36.586Z] Checked if tokens are valid: true, expires at: 1786172451007
[debug] [2026-08-08T06:01:36.586Z] >>> [apiv2][query] GET https://compute.googleapis.com/compute/v1/projects/401205940629 [none]
[debug] [2026-08-08T06:01:36.995Z] <<< [apiv2][status] GET https://compute.googleapis.com/compute/v1/projects/401205940629 403
[debug] [2026-08-08T06:01:36.995Z] <<< [apiv2][body] GET https://compute.googleapis.com/compute/v1/projects/401205940629 {"error":{"code":403,"message":"Compute Engine API has not been used in project 401205940629 before or it is disabled. Enable it by visiting https://console.developers.google.com/apis/api/compute.googleapis.com/overview?project=401205940629 then retry. If you enabled this API recently, wait a few minutes for the action to propagate to our systems and retry.","errors":[{"message":"Compute Engine API has not been used in project 401205940629 before or it is disabled. Enable it by visiting https://console.developers.google.com/apis/api/compute.googleapis.com/overview?project=401205940629 then retry. If you enabled this API recently, wait a few minutes for the action to propagate to our systems and retry.","domain":"usageLimits","reason":"accessNotConfigured","extendedHelp":"https://console.developers.google.com"}],"status":"PERMISSION_DENIED","details":[{"@type":"type.googleapis.com/google.rpc.ErrorInfo","reason":"SERVICE_DISABLED","domain":"googleapis.com","metadata":{"service":"compute.googleapis.com","consumer":"projects/401205940629","containerInfo":"401205940629","serviceTitle":"Compute Engine API","activationUrl":"https://console.developers.google.com/apis/api/compute.googleapis.com/overview?project=401205940629"}},{"@type":"type.googleapis.com/google.rpc.LocalizedMessage","locale":"en-US","message":"Compute Engine API has not been used in project 401205940629 before or it is disabled. Enable it by visiting https://console.developers.google.com/apis/api/compute.googleapis.com/overview?project=401205940629 then retry. If you enabled this API recently, wait a few minutes for the action to propagate to our systems and retry."},{"@type":"type.googleapis.com/google.rpc.Help","links":[{"description":"Google developers console API activation","url":"https://console.developers.google.com/apis/api/compute.googleapis.com/overview?project=401205940629"}]}]}}
[debug] [2026-08-08T06:01:36.995Z] unable to look up default compute service account. Falling back to 401205940629-compute@developer.gserviceaccount.com. Error: {"name":"FirebaseError","children":[],"context":{"body":{"error":{"code":403,"message":"Compute Engine API has not been used in project 401205940629 before or it is disabled. Enable it by visiting https://console.developers.google.com/apis/api/compute.googleapis.com/overview?project=401205940629 then retry. If you enabled this API recently, wait a few minutes for the action to propagate to our systems and retry.","errors":[{"message":"Compute Engine API has not been used in project 401205940629 before or it is disabled. Enable it by visiting https://console.developers.google.com/apis/api/compute.googleapis.com/overview?project=401205940629 then retry. If you enabled this API recently, wait a few minutes for the action to propagate to our systems and retry.","domain":"usageLimits","reason":"accessNotConfigured","extendedHelp":"https://console.developers.google.com"}],"status":"PERMISSION_DENIED","details":[{"@type":"type.googleapis.com/google.rpc.ErrorInfo","reason":"SERVICE_DISABLED","domain":"googleapis.com","metadata":{"service":"compute.googleapis.com","consumer":"projects/401205940629","containerInfo":"401205940629","serviceTitle":"Compute Engine API","activationUrl":"https://console.developers.google.com/apis/api/compute.googleapis.com/overview?project=401205940629"}},{"@type":"type.googleapis.com/google.rpc.LocalizedMessage","locale":"en-US","message":"Compute Engine API has not been used in project 401205940629 before or it is disabled. Enable it by visiting https://console.developers.google.com/apis/api/compute.googleapis.com/overview?project=401205940629 then retry. If you enabled this API recently, wait a few minutes for the action to propagate to our systems and retry."},{"@type":"type.googleapis.com/google.rpc.Help","links":[{"description":"Google developers console API activation","url":"https://console.developers.google.com/apis/api/compute.googleapis.com/overview?project=401205940629"}]}]}},"response":{"statusCode":403}},"exit":1,"message":"Request to https://compute.googleapis.com/compute/v1/projects/401205940629 had HTTP Error: 403, Compute Engine API has not been used in project 401205940629 before or it is disabled. Enable it by visiting https://console.developers.google.com/apis/api/compute.googleapis.com/overview?project=401205940629 then retry. If you enabled this API recently, wait a few minutes for the action to propagate to our systems and retry.","status":403}
[debug] [2026-08-08T06:01:36.995Z] Checked if tokens are valid: true, expires at: 1786172451007
[debug] [2026-08-08T06:01:36.995Z] Checked if tokens are valid: true, expires at: 1786172451007
[debug] [2026-08-08T06:01:36.995Z] >>> [apiv2][query] GET https://compute.googleapis.com/compute/v1/projects/401205940629 [none]
[debug] [2026-08-08T06:01:37.405Z] <<< [apiv2][status] GET https://compute.googleapis.com/compute/v1/projects/401205940629 403
[debug] [2026-08-08T06:01:37.405Z] <<< [apiv2][body] GET https://compute.googleapis.com/compute/v1/projects/401205940629 {"error":{"code":403,"message":"Compute Engine API has not been used in project 401205940629 before or it is disabled. Enable it by visiting https://console.developers.google.com/apis/api/compute.googleapis.com/overview?project=401205940629 then retry. If you enabled this API recently, wait a few minutes for the action to propagate to our systems and retry.","errors":[{"message":"Compute Engine API has not been used in project 401205940629 before or it is disabled. Enable it by visiting https://console.developers.google.com/apis/api/compute.googleapis.com/overview?project=401205940629 then retry. If you enabled this API recently, wait a few minutes for the action to propagate to our systems and retry.","domain":"usageLimits","reason":"accessNotConfigured","extendedHelp":"https://console.developers.google.com"}],"status":"PERMISSION_DENIED","details":[{"@type":"type.googleapis.com/google.rpc.ErrorInfo","reason":"SERVICE_DISABLED","domain":"googleapis.com","metadata":{"activationUrl":"https://console.developers.google.com/apis/api/compute.googleapis.com/overview?project=401205940629","service":"compute.googleapis.com","containerInfo":"401205940629","serviceTitle":"Compute Engine API","consumer":"projects/401205940629"}},{"@type":"type.googleapis.com/google.rpc.LocalizedMessage","locale":"en-US","message":"Compute Engine API has not been used in project 401205940629 before or it is disabled. Enable it by visiting https://console.developers.google.com/apis/api/compute.googleapis.com/overview?project=401205940629 then retry. If you enabled this API recently, wait a few minutes for the action to propagate to our systems and retry."},{"@type":"type.googleapis.com/google.rpc.Help","links":[{"description":"Google developers console API activation","url":"https://console.developers.google.com/apis/api/compute.googleapis.com/overview?project=401205940629"}]}]}}
[debug] [2026-08-08T06:01:37.406Z] unable to look up default compute service account. Falling back to 401205940629-compute@developer.gserviceaccount.com. Error: {"name":"FirebaseError","children":[],"context":{"body":{"error":{"code":403,"message":"Compute Engine API has not been used in project 401205940629 before or it is disabled. Enable it by visiting https://console.developers.google.com/apis/api/compute.googleapis.com/overview?project=401205940629 then retry. If you enabled this API recently, wait a few minutes for the action to propagate to our systems and retry.","errors":[{"message":"Compute Engine API has not been used in project 401205940629 before or it is disabled. Enable it by visiting https://console.developers.google.com/apis/api/compute.googleapis.com/overview?project=401205940629 then retry. If you enabled this API recently, wait a few minutes for the action to propagate to our systems and retry.","domain":"usageLimits","reason":"accessNotConfigured","extendedHelp":"https://console.developers.google.com"}],"status":"PERMISSION_DENIED","details":[{"@type":"type.googleapis.com/google.rpc.ErrorInfo","reason":"SERVICE_DISABLED","domain":"googleapis.com","metadata":{"activationUrl":"https://console.developers.google.com/apis/api/compute.googleapis.com/overview?project=401205940629","service":"compute.googleapis.com","containerInfo":"401205940629","serviceTitle":"Compute Engine API","consumer":"projects/401205940629"}},{"@type":"type.googleapis.com/google.rpc.LocalizedMessage","locale":"en-US","message":"Compute Engine API has not been used in project 401205940629 before or it is disabled. Enable it by visiting https://console.developers.google.com/apis/api/compute.googleapis.com/overview?project=401205940629 then retry. If you enabled this API recently, wait a few minutes for the action to propagate to our systems and retry."},{"@type":"type.googleapis.com/google.rpc.Help","links":[{"description":"Google developers console API activation","url":"https://console.developers.google.com/apis/api/compute.googleapis.com/overview?project=401205940629"}]}]}},"response":{"statusCode":403}},"exit":1,"message":"Request to https://compute.googleapis.com/compute/v1/projects/401205940629 had HTTP Error: 403, Compute Engine API has not been used in project 401205940629 before or it is disabled. Enable it by visiting https://console.developers.google.com/apis/api/compute.googleapis.com/overview?project=401205940629 then retry. If you enabled this API recently, wait a few minutes for the action to propagate to our systems and retry.","status":403}
[debug] [2026-08-08T06:01:37.406Z] Checked if tokens are valid: true, expires at: 1786172451007
[debug] [2026-08-08T06:01:37.406Z] Checked if tokens are valid: true, expires at: 1786172451007
[debug] [2026-08-08T06:01:37.406Z] >>> [apiv2][query] GET https://compute.googleapis.com/compute/v1/projects/401205940629 [none]
[debug] [2026-08-08T06:01:37.814Z] <<< [apiv2][status] GET https://compute.googleapis.com/compute/v1/projects/401205940629 403
[debug] [2026-08-08T06:01:37.814Z] <<< [apiv2][body] GET https://compute.googleapis.com/compute/v1/projects/401205940629 {"error":{"code":403,"message":"Compute Engine API has not been used in project 401205940629 before or it is disabled. Enable it by visiting https://console.developers.google.com/apis/api/compute.googleapis.com/overview?project=401205940629 then retry. If you enabled this API recently, wait a few minutes for the action to propagate to our systems and retry.","errors":[{"message":"Compute Engine API has not been used in project 401205940629 before or it is disabled. Enable it by visiting https://console.developers.google.com/apis/api/compute.googleapis.com/overview?project=401205940629 then retry. If you enabled this API recently, wait a few minutes for the action to propagate to our systems and retry.","domain":"usageLimits","reason":"accessNotConfigured","extendedHelp":"https://console.developers.google.com"}],"status":"PERMISSION_DENIED","details":[{"@type":"type.googleapis.com/google.rpc.ErrorInfo","reason":"SERVICE_DISABLED","domain":"googleapis.com","metadata":{"activationUrl":"https://console.developers.google.com/apis/api/compute.googleapis.com/overview?project=401205940629","service":"compute.googleapis.com","serviceTitle":"Compute Engine API","containerInfo":"401205940629","consumer":"projects/401205940629"}},{"@type":"type.googleapis.com/google.rpc.LocalizedMessage","locale":"en-US","message":"Compute Engine API has not been used in project 401205940629 before or it is disabled. Enable it by visiting https://console.developers.google.com/apis/api/compute.googleapis.com/overview?project=401205940629 then retry. If you enabled this API recently, wait a few minutes for the action to propagate to our systems and retry."},{"@type":"type.googleapis.com/google.rpc.Help","links":[{"description":"Google developers console API activation","url":"https://console.developers.google.com/apis/api/compute.googleapis.com/overview?project=401205940629"}]}]}}
[debug] [2026-08-08T06:01:37.814Z] unable to look up default compute service account. Falling back to 401205940629-compute@developer.gserviceaccount.com. Error: {"name":"FirebaseError","children":[],"context":{"body":{"error":{"code":403,"message":"Compute Engine API has not been used in project 401205940629 before or it is disabled. Enable it by visiting https://console.developers.google.com/apis/api/compute.googleapis.com/overview?project=401205940629 then retry. If you enabled this API recently, wait a few minutes for the action to propagate to our systems and retry.","errors":[{"message":"Compute Engine API has not been used in project 401205940629 before or it is disabled. Enable it by visiting https://console.developers.google.com/apis/api/compute.googleapis.com/overview?project=401205940629 then retry. If you enabled this API recently, wait a few minutes for the action to propagate to our systems and retry.","domain":"usageLimits","reason":"accessNotConfigured","extendedHelp":"https://console.developers.google.com"}],"status":"PERMISSION_DENIED","details":[{"@type":"type.googleapis.com/google.rpc.ErrorInfo","reason":"SERVICE_DISABLED","domain":"googleapis.com","metadata":{"activationUrl":"https://console.developers.google.com/apis/api/compute.googleapis.com/overview?project=401205940629","service":"compute.googleapis.com","serviceTitle":"Compute Engine API","containerInfo":"401205940629","consumer":"projects/401205940629"}},{"@type":"type.googleapis.com/google.rpc.LocalizedMessage","locale":"en-US","message":"Compute Engine API has not been used in project 401205940629 before or it is disabled. Enable it by visiting https://console.developers.google.com/apis/api/compute.googleapis.com/overview?project=401205940629 then retry. If you enabled this API recently, wait a few minutes for the action to propagate to our systems and retry."},{"@type":"type.googleapis.com/google.rpc.Help","links":[{"description":"Google developers console API activation","url":"https://console.developers.google.com/apis/api/compute.googleapis.com/overview?project=401205940629"}]}]}},"response":{"statusCode":403}},"exit":1,"message":"Request to https://compute.googleapis.com/compute/v1/projects/401205940629 had HTTP Error: 403, Compute Engine API has not been used in project 401205940629 before or it is disabled. Enable it by visiting https://console.developers.google.com/apis/api/compute.googleapis.com/overview?project=401205940629 then retry. If you enabled this API recently, wait a few minutes for the action to propagate to our systems and retry.","status":403}
[debug] [2026-08-08T06:01:37.814Z] Checked if tokens are valid: true, expires at: 1786172451007
[debug] [2026-08-08T06:01:37.814Z] Checked if tokens are valid: true, expires at: 1786172451007
[debug] [2026-08-08T06:01:37.815Z] >>> [apiv2][query] GET https://compute.googleapis.com/compute/v1/projects/401205940629 [none]
[debug] [2026-08-08T06:01:38.224Z] <<< [apiv2][status] GET https://compute.googleapis.com/compute/v1/projects/401205940629 403
[debug] [2026-08-08T06:01:38.224Z] <<< [apiv2][body] GET https://compute.googleapis.com/compute/v1/projects/401205940629 {"error":{"code":403,"message":"Compute Engine API has not been used in project 401205940629 before or it is disabled. Enable it by visiting https://console.developers.google.com/apis/api/compute.googleapis.com/overview?project=401205940629 then retry. If you enabled this API recently, wait a few minutes for the action to propagate to our systems and retry.","errors":[{"message":"Compute Engine API has not been used in project 401205940629 before or it is disabled. Enable it by visiting https://console.developers.google.com/apis/api/compute.googleapis.com/overview?project=401205940629 then retry. If you enabled this API recently, wait a few minutes for the action to propagate to our systems and retry.","domain":"usageLimits","reason":"accessNotConfigured","extendedHelp":"https://console.developers.google.com"}],"status":"PERMISSION_DENIED","details":[{"@type":"type.googleapis.com/google.rpc.ErrorInfo","reason":"SERVICE_DISABLED","domain":"googleapis.com","metadata":{"serviceTitle":"Compute Engine API","consumer":"projects/401205940629","containerInfo":"401205940629","activationUrl":"https://console.developers.google.com/apis/api/compute.googleapis.com/overview?project=401205940629","service":"compute.googleapis.com"}},{"@type":"type.googleapis.com/google.rpc.LocalizedMessage","locale":"en-US","message":"Compute Engine API has not been used in project 401205940629 before or it is disabled. Enable it by visiting https://console.developers.google.com/apis/api/compute.googleapis.com/overview?project=401205940629 then retry. If you enabled this API recently, wait a few minutes for the action to propagate to our systems and retry."},{"@type":"type.googleapis.com/google.rpc.Help","links":[{"description":"Google developers console API activation","url":"https://console.developers.google.com/apis/api/compute.googleapis.com/overview?project=401205940629"}]}]}}
[debug] [2026-08-08T06:01:38.224Z] unable to look up default compute service account. Falling back to 401205940629-compute@developer.gserviceaccount.com. Error: {"name":"FirebaseError","children":[],"context":{"body":{"error":{"code":403,"message":"Compute Engine API has not been used in project 401205940629 before or it is disabled. Enable it by visiting https://console.developers.google.com/apis/api/compute.googleapis.com/overview?project=401205940629 then retry. If you enabled this API recently, wait a few minutes for the action to propagate to our systems and retry.","errors":[{"message":"Compute Engine API has not been used in project 401205940629 before or it is disabled. Enable it by visiting https://console.developers.google.com/apis/api/compute.googleapis.com/overview?project=401205940629 then retry. If you enabled this API recently, wait a few minutes for the action to propagate to our systems and retry.","domain":"usageLimits","reason":"accessNotConfigured","extendedHelp":"https://console.developers.google.com"}],"status":"PERMISSION_DENIED","details":[{"@type":"type.googleapis.com/google.rpc.ErrorInfo","reason":"SERVICE_DISABLED","domain":"googleapis.com","metadata":{"serviceTitle":"Compute Engine API","consumer":"projects/401205940629","containerInfo":"401205940629","activationUrl":"https://console.developers.google.com/apis/api/compute.googleapis.com/overview?project=401205940629","service":"compute.googleapis.com"}},{"@type":"type.googleapis.com/google.rpc.LocalizedMessage","locale":"en-US","message":"Compute Engine API has not been used in project 401205940629 before or it is disabled. Enable it by visiting https://console.developers.google.com/apis/api/compute.googleapis.com/overview?project=401205940629 then retry. If you enabled this API recently, wait a few minutes for the action to propagate to our systems and retry."},{"@type":"type.googleapis.com/google.rpc.Help","links":[{"description":"Google developers console API activation","url":"https://console.developers.google.com/apis/api/compute.googleapis.com/overview?project=401205940629"}]}]}},"response":{"statusCode":403}},"exit":1,"message":"Request to https://compute.googleapis.com/compute/v1/projects/401205940629 had HTTP Error: 403, Compute Engine API has not been used in project 401205940629 before or it is disabled. Enable it by visiting https://console.developers.google.com/apis/api/compute.googleapis.com/overview?project=401205940629 then retry. If you enabled this API recently, wait a few minutes for the action to propagate to our systems and retry.","status":403}
[debug] [2026-08-08T06:01:38.224Z] Checked if tokens are valid: true, expires at: 1786172451007
[debug] [2026-08-08T06:01:38.224Z] Checked if tokens are valid: true, expires at: 1786172451007
[debug] [2026-08-08T06:01:38.224Z] >>> [apiv2][query] GET https://compute.googleapis.com/compute/v1/projects/401205940629 [none]
[debug] [2026-08-08T06:01:38.838Z] <<< [apiv2][status] GET https://compute.googleapis.com/compute/v1/projects/401205940629 403
[debug] [2026-08-08T06:01:38.838Z] <<< [apiv2][body] GET https://compute.googleapis.com/compute/v1/projects/401205940629 {"error":{"code":403,"message":"Compute Engine API has not been used in project 401205940629 before or it is disabled. Enable it by visiting https://console.developers.google.com/apis/api/compute.googleapis.com/overview?project=401205940629 then retry. If you enabled this API recently, wait a few minutes for the action to propagate to our systems and retry.","errors":[{"message":"Compute Engine API has not been used in project 401205940629 before or it is disabled. Enable it by visiting https://console.developers.google.com/apis/api/compute.googleapis.com/overview?project=401205940629 then retry. If you enabled this API recently, wait a few minutes for the action to propagate to our systems and retry.","domain":"usageLimits","reason":"accessNotConfigured","extendedHelp":"https://console.developers.google.com"}],"status":"PERMISSION_DENIED","details":[{"@type":"type.googleapis.com/google.rpc.ErrorInfo","reason":"SERVICE_DISABLED","domain":"googleapis.com","metadata":{"activationUrl":"https://console.developers.google.com/apis/api/compute.googleapis.com/overview?project=401205940629","service":"compute.googleapis.com","containerInfo":"401205940629","serviceTitle":"Compute Engine API","consumer":"projects/401205940629"}},{"@type":"type.googleapis.com/google.rpc.LocalizedMessage","locale":"en-US","message":"Compute Engine API has not been used in project 401205940629 before or it is disabled. Enable it by visiting https://console.developers.google.com/apis/api/compute.googleapis.com/overview?project=401205940629 then retry. If you enabled this API recently, wait a few minutes for the action to propagate to our systems and retry."},{"@type":"type.googleapis.com/google.rpc.Help","links":[{"description":"Google developers console API activation","url":"https://console.developers.google.com/apis/api/compute.googleapis.com/overview?project=401205940629"}]}]}}
[debug] [2026-08-08T06:01:38.838Z] unable to look up default compute service account. Falling back to 401205940629-compute@developer.gserviceaccount.com. Error: {"name":"FirebaseError","children":[],"context":{"body":{"error":{"code":403,"message":"Compute Engine API has not been used in project 401205940629 before or it is disabled. Enable it by visiting https://console.developers.google.com/apis/api/compute.googleapis.com/overview?project=401205940629 then retry. If you enabled this API recently, wait a few minutes for the action to propagate to our systems and retry.","errors":[{"message":"Compute Engine API has not been used in project 401205940629 before or it is disabled. Enable it by visiting https://console.developers.google.com/apis/api/compute.googleapis.com/overview?project=401205940629 then retry. If you enabled this API recently, wait a few minutes for the action to propagate to our systems and retry.","domain":"usageLimits","reason":"accessNotConfigured","extendedHelp":"https://console.developers.google.com"}],"status":"PERMISSION_DENIED","details":[{"@type":"type.googleapis.com/google.rpc.ErrorInfo","reason":"SERVICE_DISABLED","domain":"googleapis.com","metadata":{"activationUrl":"https://console.developers.google.com/apis/api/compute.googleapis.com/overview?project=401205940629","service":"compute.googleapis.com","containerInfo":"401205940629","serviceTitle":"Compute Engine API","consumer":"projects/401205940629"}},{"@type":"type.googleapis.com/google.rpc.LocalizedMessage","locale":"en-US","message":"Compute Engine API has not been used in project 401205940629 before or it is disabled. Enable it by visiting https://console.developers.google.com/apis/api/compute.googleapis.com/overview?project=401205940629 then retry. If you enabled this API recently, wait a few minutes for the action to propagate to our systems and retry."},{"@type":"type.googleapis.com/google.rpc.Help","links":[{"description":"Google developers console API activation","url":"https://console.developers.google.com/apis/api/compute.googleapis.com/overview?project=401205940629"}]}]}},"response":{"statusCode":403}},"exit":1,"message":"Request to https://compute.googleapis.com/compute/v1/projects/401205940629 had HTTP Error: 403, Compute Engine API has not been used in project 401205940629 before or it is disabled. Enable it by visiting https://console.developers.google.com/apis/api/compute.googleapis.com/overview?project=401205940629 then retry. If you enabled this API recently, wait a few minutes for the action to propagate to our systems and retry.","status":403}
[debug] [2026-08-08T06:01:38.839Z] Checked if tokens are valid: true, expires at: 1786172451007
[debug] [2026-08-08T06:01:38.839Z] Checked if tokens are valid: true, expires at: 1786172451007
[debug] [2026-08-08T06:01:38.839Z] >>> [apiv2][query] GET https://compute.googleapis.com/compute/v1/projects/401205940629 [none]
[debug] [2026-08-08T06:01:39.248Z] <<< [apiv2][status] GET https://compute.googleapis.com/compute/v1/projects/401205940629 403
[debug] [2026-08-08T06:01:39.248Z] <<< [apiv2][body] GET https://compute.googleapis.com/compute/v1/projects/401205940629 {"error":{"code":403,"message":"Compute Engine API has not been used in project 401205940629 before or it is disabled. Enable it by visiting https://console.developers.google.com/apis/api/compute.googleapis.com/overview?project=401205940629 then retry. If you enabled this API recently, wait a few minutes for the action to propagate to our systems and retry.","errors":[{"message":"Compute Engine API has not been used in project 401205940629 before or it is disabled. Enable it by visiting https://console.developers.google.com/apis/api/compute.googleapis.com/overview?project=401205940629 then retry. If you enabled this API recently, wait a few minutes for the action to propagate to our systems and retry.","domain":"usageLimits","reason":"accessNotConfigured","extendedHelp":"https://console.developers.google.com"}],"status":"PERMISSION_DENIED","details":[{"@type":"type.googleapis.com/google.rpc.ErrorInfo","reason":"SERVICE_DISABLED","domain":"googleapis.com","metadata":{"consumer":"projects/401205940629","service":"compute.googleapis.com","containerInfo":"401205940629","serviceTitle":"Compute Engine API","activationUrl":"https://console.developers.google.com/apis/api/compute.googleapis.com/overview?project=401205940629"}},{"@type":"type.googleapis.com/google.rpc.LocalizedMessage","locale":"en-US","message":"Compute Engine API has not been used in project 401205940629 before or it is disabled. Enable it by visiting https://console.developers.google.com/apis/api/compute.googleapis.com/overview?project=401205940629 then retry. If you enabled this API recently, wait a few minutes for the action to propagate to our systems and retry."},{"@type":"type.googleapis.com/google.rpc.Help","links":[{"description":"Google developers console API activation","url":"https://console.developers.google.com/apis/api/compute.googleapis.com/overview?project=401205940629"}]}]}}
[debug] [2026-08-08T06:01:39.248Z] unable to look up default compute service account. Falling back to 401205940629-compute@developer.gserviceaccount.com. Error: {"name":"FirebaseError","children":[],"context":{"body":{"error":{"code":403,"message":"Compute Engine API has not been used in project 401205940629 before or it is disabled. Enable it by visiting https://console.developers.google.com/apis/api/compute.googleapis.com/overview?project=401205940629 then retry. If you enabled this API recently, wait a few minutes for the action to propagate to our systems and retry.","errors":[{"message":"Compute Engine API has not been used in project 401205940629 before or it is disabled. Enable it by visiting https://console.developers.google.com/apis/api/compute.googleapis.com/overview?project=401205940629 then retry. If you enabled this API recently, wait a few minutes for the action to propagate to our systems and retry.","domain":"usageLimits","reason":"accessNotConfigured","extendedHelp":"https://console.developers.google.com"}],"status":"PERMISSION_DENIED","details":[{"@type":"type.googleapis.com/google.rpc.ErrorInfo","reason":"SERVICE_DISABLED","domain":"googleapis.com","metadata":{"consumer":"projects/401205940629","service":"compute.googleapis.com","containerInfo":"401205940629","serviceTitle":"Compute Engine API","activationUrl":"https://console.developers.google.com/apis/api/compute.googleapis.com/overview?project=401205940629"}},{"@type":"type.googleapis.com/google.rpc.LocalizedMessage","locale":"en-US","message":"Compute Engine API has not been used in project 401205940629 before or it is disabled. Enable it by visiting https://console.developers.google.com/apis/api/compute.googleapis.com/overview?project=401205940629 then retry. If you enabled this API recently, wait a few minutes for the action to propagate to our systems and retry."},{"@type":"type.googleapis.com/google.rpc.Help","links":[{"description":"Google developers console API activation","url":"https://console.developers.google.com/apis/api/compute.googleapis.com/overview?project=401205940629"}]}]}},"response":{"statusCode":403}},"exit":1,"message":"Request to https://compute.googleapis.com/compute/v1/projects/401205940629 had HTTP Error: 403, Compute Engine API has not been used in project 401205940629 before or it is disabled. Enable it by visiting https://console.developers.google.com/apis/api/compute.googleapis.com/overview?project=401205940629 then retry. If you enabled this API recently, wait a few minutes for the action to propagate to our systems and retry.","status":403}
[debug] [2026-08-08T06:01:39.249Z] Checked if tokens are valid: true, expires at: 1786172451007
[debug] [2026-08-08T06:01:39.249Z] Checked if tokens are valid: true, expires at: 1786172451007
[debug] [2026-08-08T06:01:39.249Z] >>> [apiv2][query] GET https://cloudbilling.googleapis.com/v1/projects/classtrack-bffb2/billingInfo [none]
[debug] [2026-08-08T06:01:39.249Z] >>> [apiv2][(partial)header] GET https://cloudbilling.googleapis.com/v1/projects/classtrack-bffb2/billingInfo  x-goog-user-project=classtrack-bffb2
[debug] [2026-08-08T06:01:41.002Z] <<< [apiv2][status] GET https://cloudbilling.googleapis.com/v1/projects/classtrack-bffb2/billingInfo 200
[debug] [2026-08-08T06:01:41.002Z] <<< [apiv2][body] GET https://cloudbilling.googleapis.com/v1/projects/classtrack-bffb2/billingInfo {"name":"projects/classtrack-bffb2/billingInfo","projectId":"classtrack-bffb2","billingAccountName":"billingAccounts/01F3F9-473D54-2FB3F7","billingEnabled":true}
[debug] [2026-08-08T06:01:41.003Z] Checked if tokens are valid: true, expires at: 1786172451007
[debug] [2026-08-08T06:01:41.003Z] Checked if tokens are valid: true, expires at: 1786172451007
[debug] [2026-08-08T06:01:41.003Z] >>> [apiv2][query] POST https://cloudfunctions.googleapis.com/v2/projects/classtrack-bffb2/locations/asia-south1/functions:generateUploadUrl [none]
[debug] [2026-08-08T06:01:45.187Z] <<< [apiv2][status] POST https://cloudfunctions.googleapis.com/v2/projects/classtrack-bffb2/locations/asia-south1/functions:generateUploadUrl 200
[debug] [2026-08-08T06:01:45.187Z] <<< [apiv2][body] POST https://cloudfunctions.googleapis.com/v2/projects/classtrack-bffb2/locations/asia-south1/functions:generateUploadUrl {"uploadUrl":"https://storage.googleapis.com/gcf-v2-uploads-401205940629.asia-south1.cloudfunctions.appspot.com/d9055c85-c7e6-4805-a921-ed9bd583147a.zip?GoogleAccessId=service-401205940629@gcf-admin-robot.iam.gserviceaccount.com&Expires=1786170704&Signature=eureg4YFkC5ucrI2V5T9Ey%2BzLXU8AwnYnfaKGrhX7OjEhg1k3BEm0dC1X73e4zxufBYOjxnOuAiId7SdauhHoSDfCvInDUWYHPDLwygVFxRaFNJiZ%2BI6fZuCLInVMMlM8DN21cLIIzmfpydvlaWWen9mSKCoyWvilAWGrFWH7RLhb6zl3A440hUmoCgPhElguhx36EVlgvwnoxeNUzJ2pPLCbbgllCbH8iG1Yccia9w7%2B0P42N1Xf49ODWENKjAVZk%2BIqrvPOYQimtlEomL%2FI3Lu71EXtWgXkrJpDbapMpTwDLAXhJSp91QCH%2B0nBuBiFuh%2FqY5fyjKoLHe5OqoDYA%3D%3D","storageSource":{"bucket":"gcf-v2-uploads-401205940629.asia-south1.cloudfunctions.appspot.com","object":"d9055c85-c7e6-4805-a921-ed9bd583147a.zip"}}
[debug] [2026-08-08T06:01:45.188Z] >>> [apiv2][query] PUT https://storage.googleapis.com/gcf-v2-uploads-401205940629.asia-south1.cloudfunctions.appspot.com/d9055c85-c7e6-4805-a921-ed9bd583147a.zip GoogleAccessId=service-401205940629%40gcf-admin-robot.iam.gserviceaccount.com&Expires=1786170704&Signature=eureg4YFkC5ucrI2V5T9Ey%2BzLXU8AwnYnfaKGrhX7OjEhg1k3BEm0dC1X73e4zxufBYOjxnOuAiId7SdauhHoSDfCvInDUWYHPDLwygVFxRaFNJiZ%2BI6fZuCLInVMMlM8DN21cLIIzmfpydvlaWWen9mSKCoyWvilAWGrFWH7RLhb6zl3A440hUmoCgPhElguhx36EVlgvwnoxeNUzJ2pPLCbbgllCbH8iG1Yccia9w7%2B0P42N1Xf49ODWENKjAVZk%2BIqrvPOYQimtlEomL%2FI3Lu71EXtWgXkrJpDbapMpTwDLAXhJSp91QCH%2B0nBuBiFuh%2FqY5fyjKoLHe5OqoDYA%3D%3D
[debug] [2026-08-08T06:01:45.188Z] >>> [apiv2][body] PUT https://storage.googleapis.com/gcf-v2-uploads-401205940629.asia-south1.cloudfunctions.appspot.com/d9055c85-c7e6-4805-a921-ed9bd583147a.zip [stream]
[debug] [2026-08-08T06:01:46.005Z] <<< [apiv2][status] PUT https://storage.googleapis.com/gcf-v2-uploads-401205940629.asia-south1.cloudfunctions.appspot.com/d9055c85-c7e6-4805-a921-ed9bd583147a.zip 200
[debug] [2026-08-08T06:01:46.006Z] <<< [apiv2][body] PUT https://storage.googleapis.com/gcf-v2-uploads-401205940629.asia-south1.cloudfunctions.appspot.com/d9055c85-c7e6-4805-a921-ed9bd583147a.zip [omitted]
[info] +  functions: functions source uploaded successfully 
[info] i  functions: creating Node.js 20 (2nd Gen) function auditBannerWrite(asia-south1)... 
[info] i  functions: creating Node.js 20 (2nd Gen) function auditCampaignWrite(asia-south1)... 
[info] i  functions: creating Node.js 20 (2nd Gen) function auditResourceWrite(asia-south1)... 
[info] i  functions: creating Node.js 20 (2nd Gen) function sendQueuedNotification(asia-south1)... 
[info] i  functions: creating Node.js 20 (2nd Gen) function setUserRole(us-central1)... 
[info] i  functions: updating Node.js 20 (2nd Gen) function deleteAccount(us-central1)... 
[info] i  functions: updating Node.js 20 (2nd Gen) function getReferralInfo(us-central1)... 
[info] i  functions: updating Node.js 20 (2nd Gen) function redeemReferral(us-central1)... 
[info] i  functions: updating Node.js 20 (2nd Gen) function revenueCatWebhook(us-central1)... 
[info] i  functions: updating Node.js 20 (2nd Gen) function chat(us-central1)... 
[info] i  functions: updating Node.js 20 (2nd Gen) function parseSchedule(us-central1)... 
[debug] [2026-08-08T06:01:46.013Z] Checked if tokens are valid: true, expires at: 1786172451007
[debug] [2026-08-08T06:01:46.013Z] Checked if tokens are valid: true, expires at: 1786172451007
[debug] [2026-08-08T06:01:46.013Z] Checked if tokens are valid: true, expires at: 1786172451007
[debug] [2026-08-08T06:01:46.013Z] Checked if tokens are valid: true, expires at: 1786172451007
[debug] [2026-08-08T06:01:46.013Z] Checked if tokens are valid: true, expires at: 1786172451007
[debug] [2026-08-08T06:01:46.014Z] Checked if tokens are valid: true, expires at: 1786172451007
[debug] [2026-08-08T06:01:46.014Z] >>> [apiv2][query] POST https://cloudfunctions.googleapis.com/v2/projects/classtrack-bffb2/locations/asia-south1/functions functionId=auditBannerWrite
[debug] [2026-08-08T06:01:46.014Z] >>> [apiv2][body] POST https://cloudfunctions.googleapis.com/v2/projects/classtrack-bffb2/locations/asia-south1/functions {"name":"projects/classtrack-bffb2/locations/asia-south1/functions/auditBannerWrite","buildConfig":{"runtime":"nodejs20","entryPoint":"auditBannerWrite","source":{"storageSource":{"bucket":"gcf-v2-uploads-401205940629.asia-south1.cloudfunctions.appspot.com","object":"d9055c85-c7e6-4805-a921-ed9bd583147a.zip"}},"environmentVariables":{"GOOGLE_NODE_RUN_SCRIPTS":""}},"serviceConfig":{"environmentVariables":{"FIREBASE_CONFIG":"{\"projectId\":\"classtrack-bffb2\",\"storageBucket\":\"classtrack-bffb2.firebasestorage.app\"}","GCLOUD_PROJECT":"classtrack-bffb2","EVENTARC_CLOUD_EVENT_SOURCE":"projects/classtrack-bffb2/locations/asia-south1/services/auditBannerWrite","FUNCTION_SIGNATURE_TYPE":"cloudevent","FUNCTION_TARGET":"auditBannerWrite","LOG_EXECUTION_ID":"true"},"ingressSettings":null,"timeoutSeconds":null,"serviceAccountEmail":null,"availableMemory":"256Mi","minInstanceCount":null,"maxInstanceCount":null,"maxInstanceRequestConcurrency":80,"availableCpu":"1","vpcConnector":null,"vpcConnectorEgressSettings":null,"directVpcNetworkInterface":null,"directVpcEgress":null},"labels":{"deployment-tool":"cli-firebase","firebase-functions-hash":"4e487aea94a5cc375eea913a222b4be2f168cf85"},"eventTrigger":{"eventType":"google.cloud.firestore.document.v1.written","retryPolicy":"RETRY_POLICY_DO_NOT_RETRY","eventFilters":[{"attribute":"database","value":"(default)"},{"attribute":"namespace","value":"(default)"},{"attribute":"document","value":"banners/{id}","operator":"match-path-pattern"}],"triggerRegion":"asia-south1"}}
[debug] [2026-08-08T06:01:46.015Z] >>> [apiv2][query] POST https://cloudfunctions.googleapis.com/v2/projects/classtrack-bffb2/locations/us-central1/functions functionId=setUserRole
[debug] [2026-08-08T06:01:46.015Z] >>> [apiv2][body] POST https://cloudfunctions.googleapis.com/v2/projects/classtrack-bffb2/locations/us-central1/functions {"name":"projects/classtrack-bffb2/locations/us-central1/functions/setUserRole","buildConfig":{"runtime":"nodejs20","entryPoint":"setUserRole","source":{"storageSource":{"bucket":"gcf-v2-uploads-401205940629.asia-south1.cloudfunctions.appspot.com","object":"d9055c85-c7e6-4805-a921-ed9bd583147a.zip"}},"environmentVariables":{"GOOGLE_NODE_RUN_SCRIPTS":""}},"serviceConfig":{"environmentVariables":{"FIREBASE_CONFIG":"{\"projectId\":\"classtrack-bffb2\",\"storageBucket\":\"classtrack-bffb2.firebasestorage.app\"}","GCLOUD_PROJECT":"classtrack-bffb2","EVENTARC_CLOUD_EVENT_SOURCE":"projects/classtrack-bffb2/locations/us-central1/services/setUserRole","FUNCTION_TARGET":"setUserRole","LOG_EXECUTION_ID":"true"},"ingressSettings":null,"timeoutSeconds":null,"serviceAccountEmail":null,"availableMemory":"256Mi","minInstanceCount":null,"maxInstanceCount":null,"maxInstanceRequestConcurrency":80,"availableCpu":"1","vpcConnector":null,"vpcConnectorEgressSettings":null,"directVpcNetworkInterface":null,"directVpcEgress":null},"labels":{"deployment-tool":"cli-firebase","deployment-callable":"true","firebase-functions-hash":"4e487aea94a5cc375eea913a222b4be2f168cf85"}}
[debug] [2026-08-08T06:01:46.015Z] >>> [apiv2][query] PATCH https://cloudfunctions.googleapis.com/v2/projects/classtrack-bffb2/locations/us-central1/functions/chat updateMask=name%2CbuildConfig.runtime%2CbuildConfig.entryPoint%2CbuildConfig.source.storageSource.bucket%2CbuildConfig.source.storageSource.object%2CbuildConfig.environmentVariables%2CbuildConfig.sourceToken%2CserviceConfig.environmentVariables%2CserviceConfig.secretEnvironmentVariables%2CserviceConfig.ingressSettings%2CserviceConfig.timeoutSeconds%2CserviceConfig.serviceAccountEmail%2CserviceConfig.availableMemory%2CserviceConfig.minInstanceCount%2CserviceConfig.maxInstanceCount%2CserviceConfig.maxInstanceRequestConcurrency%2CserviceConfig.availableCpu%2CserviceConfig.vpcConnector%2CserviceConfig.vpcConnectorEgressSettings%2CserviceConfig.directVpcNetworkInterface%2CserviceConfig.directVpcEgress%2Clabels
[debug] [2026-08-08T06:01:46.015Z] >>> [apiv2][body] PATCH https://cloudfunctions.googleapis.com/v2/projects/classtrack-bffb2/locations/us-central1/functions/chat {"name":"projects/classtrack-bffb2/locations/us-central1/functions/chat","buildConfig":{"runtime":"nodejs20","entryPoint":"chat","source":{"storageSource":{"bucket":"gcf-v2-uploads-401205940629.asia-south1.cloudfunctions.appspot.com","object":"d9055c85-c7e6-4805-a921-ed9bd583147a.zip"}},"environmentVariables":{"GOOGLE_NODE_RUN_SCRIPTS":""}},"serviceConfig":{"environmentVariables":{"FIREBASE_CONFIG":"{\"projectId\":\"classtrack-bffb2\",\"storageBucket\":\"classtrack-bffb2.firebasestorage.app\"}","GCLOUD_PROJECT":"classtrack-bffb2","EVENTARC_CLOUD_EVENT_SOURCE":"projects/classtrack-bffb2/locations/us-central1/services/chat","FUNCTION_TARGET":"chat","LOG_EXECUTION_ID":"true"},"secretEnvironmentVariables":[{"key":"GEMINI_API_KEY","secret":"GEMINI_API_KEY","projectId":"classtrack-bffb2","version":"3"}],"ingressSettings":null,"timeoutSeconds":120,"serviceAccountEmail":null,"availableMemory":"512Mi","minInstanceCount":null,"maxInstanceCount":null,"maxInstanceRequestConcurrency":80,"availableCpu":"1","vpcConnector":null,"vpcConnectorEgressSettings":null,"directVpcNetworkInterface":null,"directVpcEgress":null},"labels":{"deployment-tool":"cli-firebase","deployment-callable":"true","firebase-functions-hash":"c44cdee2b004b7c5edfd7c2dba60832cf4a17d7e"}}
[debug] [2026-08-08T06:01:48.841Z] <<< [apiv2][status] PATCH https://cloudfunctions.googleapis.com/v2/projects/classtrack-bffb2/locations/us-central1/functions/chat 200
[debug] [2026-08-08T06:01:48.841Z] <<< [apiv2][body] PATCH https://cloudfunctions.googleapis.com/v2/projects/classtrack-bffb2/locations/us-central1/functions/chat {"name":"projects/classtrack-bffb2/locations/us-central1/operations/operation-1786168906070-65882db27b8ef-48b69bf9-303a84f6","metadata":{"@type":"type.googleapis.com/google.cloud.functions.v2.OperationMetadata","createTime":"2026-08-08T06:01:48.154954979Z","target":"projects/classtrack-bffb2/locations/us-central1/functions/chat","verb":"update","cancelRequested":false,"apiVersion":"v2"},"done":false}
[debug] [2026-08-08T06:01:48.841Z] Checked if tokens are valid: true, expires at: 1786172451007
[debug] [2026-08-08T06:01:48.841Z] Checked if tokens are valid: true, expires at: 1786172451007
[debug] [2026-08-08T06:01:48.842Z] >>> [apiv2][query] GET https://cloudfunctions.googleapis.com/v2/projects/classtrack-bffb2/locations/us-central1/operations/operation-1786168906070-65882db27b8ef-48b69bf9-303a84f6 [none]
[debug] [2026-08-08T06:01:49.249Z] <<< [apiv2][status] POST https://cloudfunctions.googleapis.com/v2/projects/classtrack-bffb2/locations/us-central1/functions 200
[debug] [2026-08-08T06:01:49.249Z] <<< [apiv2][body] POST https://cloudfunctions.googleapis.com/v2/projects/classtrack-bffb2/locations/us-central1/functions {"name":"projects/classtrack-bffb2/locations/us-central1/operations/operation-1786168907007-65882db3605f4-3451facd-b77787b6","metadata":{"@type":"type.googleapis.com/google.cloud.functions.v2.OperationMetadata","createTime":"2026-08-08T06:01:48.578650505Z","target":"projects/classtrack-bffb2/locations/us-central1/functions/setUserRole","verb":"create","cancelRequested":false,"apiVersion":"v2"},"done":false}
[debug] [2026-08-08T06:01:49.249Z] Checked if tokens are valid: true, expires at: 1786172451007
[debug] [2026-08-08T06:01:49.249Z] Checked if tokens are valid: true, expires at: 1786172451007
[debug] [2026-08-08T06:01:49.249Z] >>> [apiv2][query] GET https://cloudfunctions.googleapis.com/v2/projects/classtrack-bffb2/locations/us-central1/operations/operation-1786168907007-65882db3605f4-3451facd-b77787b6 [none]
[debug] [2026-08-08T06:01:50.323Z] <<< [apiv2][status] GET https://cloudfunctions.googleapis.com/v2/projects/classtrack-bffb2/locations/us-central1/operations/operation-1786168906070-65882db27b8ef-48b69bf9-303a84f6 200
[debug] [2026-08-08T06:01:50.323Z] <<< [apiv2][body] GET https://cloudfunctions.googleapis.com/v2/projects/classtrack-bffb2/locations/us-central1/operations/operation-1786168906070-65882db27b8ef-48b69bf9-303a84f6 {"name":"projects/classtrack-bffb2/locations/us-central1/operations/operation-1786168906070-65882db27b8ef-48b69bf9-303a84f6","metadata":{"@type":"type.googleapis.com/google.cloud.functions.v2.OperationMetadata","createTime":"2026-08-08T06:01:48.154954979Z","target":"projects/classtrack-bffb2/locations/us-central1/functions/chat","verb":"update","cancelRequested":false,"apiVersion":"v2","requestResource":{"@type":"type.googleapis.com/google.cloud.functions.v2.Function","name":"projects/classtrack-bffb2/locations/us-central1/functions/chat","buildConfig":{"runtime":"nodejs20","entryPoint":"chat","source":{"storageSource":{"bucket":"gcf-v2-sources-401205940629-us-central1","object":"chat/function-source.zip","generation":"1786168908060304"}},"environmentVariables":{"GOOGLE_NODE_RUN_SCRIPTS":""},"dockerRepository":"projects/classtrack-bffb2/locations/us-central1/repositories/gcf-artifacts","sourceProvenance":{"resolvedStorageSource":{"bucket":"gcf-v2-sources-401205940629-us-central1","object":"chat/function-source.zip","generation":"1786084744514744"}},"dockerRegistry":"ARTIFACT_REGISTRY","serviceAccount":"projects/classtrack-bffb2/serviceAccounts/401205940629-compute@developer.gserviceaccount.com","automaticUpdatePolicy":{}},"serviceConfig":{"service":"projects/classtrack-bffb2/locations/us-central1/services/chat","timeoutSeconds":120,"environmentVariables":{"FIREBASE_CONFIG":"{\"projectId\":\"classtrack-bffb2\",\"storageBucket\":\"classtrack-bffb2.firebasestorage.app\"}","GCLOUD_PROJECT":"classtrack-bffb2","EVENTARC_CLOUD_EVENT_SOURCE":"projects/classtrack-bffb2/locations/us-central1/services/chat","FUNCTION_TARGET":"chat","LOG_EXECUTION_ID":"true"},"ingressSettings":"ALLOW_ALL","uri":"https://chat-q72q4oy2na-uc.a.run.app","serviceAccountEmail":"401205940629-compute@developer.gserviceaccount.com","availableMemory":"512Mi","allTrafficOnLatestRevision":true,"secretEnvironmentVariables":[{"key":"GEMINI_API_KEY","projectId":"classtrack-bffb2","secret":"GEMINI_API_KEY","version":"3"}],"revision":"chat-00021-haj","maxInstanceRequestConcurrency":80,"availableCpu":"1"},"state":"ACTIVE","labels":{"deployment-tool":"cli-firebase","deployment-callable":"true","firebase-functions-hash":"c44cdee2b004b7c5edfd7c2dba60832cf4a17d7e"},"environment":"GEN_2","url":"https://us-central1-classtrack-bffb2.cloudfunctions.net/chat","satisfiesPzi":true},"stages":[{"name":"BUILD","message":"Build in progress","state":"IN_PROGRESS","resource":"projects/401205940629/locations/us-central1/builds/9fb7ed9e-fd47-4904-b78c-202e3335f58e","resourceUri":"https://console.cloud.google.com/cloud-build/builds;region=us-central1/9fb7ed9e-fd47-4904-b78c-202e3335f58e?project=401205940629"},{"name":"SERVICE","state":"NOT_STARTED"}],"operationType":"UPDATE_FUNCTION","buildName":"projects/401205940629/locations/us-central1/builds/9fb7ed9e-fd47-4904-b78c-202e3335f58e"},"done":false}
[debug] [2026-08-08T06:01:50.662Z] <<< [apiv2][status] GET https://cloudfunctions.googleapis.com/v2/projects/classtrack-bffb2/locations/us-central1/operations/operation-1786168907007-65882db3605f4-3451facd-b77787b6 200
[debug] [2026-08-08T06:01:50.662Z] <<< [apiv2][body] GET https://cloudfunctions.googleapis.com/v2/projects/classtrack-bffb2/locations/us-central1/operations/operation-1786168907007-65882db3605f4-3451facd-b77787b6 {"name":"projects/classtrack-bffb2/locations/us-central1/operations/operation-1786168907007-65882db3605f4-3451facd-b77787b6","metadata":{"@type":"type.googleapis.com/google.cloud.functions.v2.OperationMetadata","createTime":"2026-08-08T06:01:48.578650505Z","target":"projects/classtrack-bffb2/locations/us-central1/functions/setUserRole","verb":"create","cancelRequested":false,"apiVersion":"v2","requestResource":{"@type":"type.googleapis.com/google.cloud.functions.v2.Function","name":"projects/classtrack-bffb2/locations/us-central1/functions/setUserRole","buildConfig":{"runtime":"nodejs20","entryPoint":"setUserRole","source":{"storageSource":{"bucket":"gcf-v2-sources-401205940629-us-central1","object":"setUserRole/function-source.zip","generation":"1786168908252527"}},"environmentVariables":{"GOOGLE_NODE_RUN_SCRIPTS":""},"serviceAccount":"projects/classtrack-bffb2/serviceAccounts/401205940629-compute@developer.gserviceaccount.com","automaticUpdatePolicy":{}},"serviceConfig":{"service":"projects/classtrack-bffb2/locations/us-central1/services/setuserrole","timeoutSeconds":60,"environmentVariables":{"FIREBASE_CONFIG":"{\"projectId\":\"classtrack-bffb2\",\"storageBucket\":\"classtrack-bffb2.firebasestorage.app\"}","GCLOUD_PROJECT":"classtrack-bffb2","EVENTARC_CLOUD_EVENT_SOURCE":"projects/classtrack-bffb2/locations/us-central1/services/setUserRole","FUNCTION_TARGET":"setUserRole","LOG_EXECUTION_ID":"true"},"ingressSettings":"ALLOW_ALL","serviceAccountEmail":"401205940629-compute@developer.gserviceaccount.com","availableMemory":"256Mi","maxInstanceRequestConcurrency":80,"availableCpu":"1"},"labels":{"deployment-tool":"cli-firebase","deployment-callable":"true","firebase-functions-hash":"4e487aea94a5cc375eea913a222b4be2f168cf85"},"environment":"GEN_2"},"stages":[{"name":"BUILD","message":"Build in progress","state":"IN_PROGRESS","resource":"projects/401205940629/locations/us-central1/builds/59fb9d99-79f3-4fab-a530-fea6b936c187","resourceUri":"https://console.cloud.google.com/cloud-build/builds;region=us-central1/59fb9d99-79f3-4fab-a530-fea6b936c187?project=401205940629"},{"name":"SERVICE","state":"NOT_STARTED"}],"operationType":"CREATE_FUNCTION","buildName":"projects/401205940629/locations/us-central1/builds/59fb9d99-79f3-4fab-a530-fea6b936c187"},"done":false}
[debug] [2026-08-08T06:01:50.836Z] [update-default-us-central1-chat] Retrying task index 0
[debug] [2026-08-08T06:01:50.837Z] Checked if tokens are valid: true, expires at: 1786172451007
[debug] [2026-08-08T06:01:50.837Z] Checked if tokens are valid: true, expires at: 1786172451007
[debug] [2026-08-08T06:01:50.837Z] >>> [apiv2][query] GET https://cloudfunctions.googleapis.com/v2/projects/classtrack-bffb2/locations/us-central1/operations/operation-1786168906070-65882db27b8ef-48b69bf9-303a84f6 [none]
[debug] [2026-08-08T06:01:51.168Z] [create-default-us-central1-setUserRole] Retrying task index 0
[debug] [2026-08-08T06:01:51.169Z] Checked if tokens are valid: true, expires at: 1786172451007
[debug] [2026-08-08T06:01:51.169Z] Checked if tokens are valid: true, expires at: 1786172451007
[debug] [2026-08-08T06:01:51.169Z] >>> [apiv2][query] GET https://cloudfunctions.googleapis.com/v2/projects/classtrack-bffb2/locations/us-central1/operations/operation-1786168907007-65882db3605f4-3451facd-b77787b6 [none]
[debug] [2026-08-08T06:01:52.347Z] <<< [apiv2][status] GET https://cloudfunctions.googleapis.com/v2/projects/classtrack-bffb2/locations/us-central1/operations/operation-1786168906070-65882db27b8ef-48b69bf9-303a84f6 200
[debug] [2026-08-08T06:01:52.347Z] <<< [apiv2][body] GET https://cloudfunctions.googleapis.com/v2/projects/classtrack-bffb2/locations/us-central1/operations/operation-1786168906070-65882db27b8ef-48b69bf9-303a84f6 {"name":"projects/classtrack-bffb2/locations/us-central1/operations/operation-1786168906070-65882db27b8ef-48b69bf9-303a84f6","metadata":{"@type":"type.googleapis.com/google.cloud.functions.v2.OperationMetadata","createTime":"2026-08-08T06:01:48.154954979Z","target":"projects/classtrack-bffb2/locations/us-central1/functions/chat","verb":"update","cancelRequested":false,"apiVersion":"v2","requestResource":{"@type":"type.googleapis.com/google.cloud.functions.v2.Function","name":"projects/classtrack-bffb2/locations/us-central1/functions/chat","buildConfig":{"runtime":"nodejs20","entryPoint":"chat","source":{"storageSource":{"bucket":"gcf-v2-sources-401205940629-us-central1","object":"chat/function-source.zip","generation":"1786168908060304"}},"environmentVariables":{"GOOGLE_NODE_RUN_SCRIPTS":""},"dockerRepository":"projects/classtrack-bffb2/locations/us-central1/repositories/gcf-artifacts","sourceProvenance":{"resolvedStorageSource":{"bucket":"gcf-v2-sources-401205940629-us-central1","object":"chat/function-source.zip","generation":"1786084744514744"}},"dockerRegistry":"ARTIFACT_REGISTRY","serviceAccount":"projects/classtrack-bffb2/serviceAccounts/401205940629-compute@developer.gserviceaccount.com","automaticUpdatePolicy":{}},"serviceConfig":{"service":"projects/classtrack-bffb2/locations/us-central1/services/chat","timeoutSeconds":120,"environmentVariables":{"FIREBASE_CONFIG":"{\"projectId\":\"classtrack-bffb2\",\"storageBucket\":\"classtrack-bffb2.firebasestorage.app\"}","GCLOUD_PROJECT":"classtrack-bffb2","EVENTARC_CLOUD_EVENT_SOURCE":"projects/classtrack-bffb2/locations/us-central1/services/chat","FUNCTION_TARGET":"chat","LOG_EXECUTION_ID":"true"},"ingressSettings":"ALLOW_ALL","uri":"https://chat-q72q4oy2na-uc.a.run.app","serviceAccountEmail":"401205940629-compute@developer.gserviceaccount.com","availableMemory":"512Mi","allTrafficOnLatestRevision":true,"secretEnvironmentVariables":[{"key":"GEMINI_API_KEY","projectId":"classtrack-bffb2","secret":"GEMINI_API_KEY","version":"3"}],"revision":"chat-00021-haj","maxInstanceRequestConcurrency":80,"availableCpu":"1"},"state":"ACTIVE","labels":{"deployment-tool":"cli-firebase","deployment-callable":"true","firebase-functions-hash":"c44cdee2b004b7c5edfd7c2dba60832cf4a17d7e"},"environment":"GEN_2","url":"https://us-central1-classtrack-bffb2.cloudfunctions.net/chat","satisfiesPzi":true},"stages":[{"name":"BUILD","message":"Build in progress","state":"IN_PROGRESS","resource":"projects/401205940629/locations/us-central1/builds/9fb7ed9e-fd47-4904-b78c-202e3335f58e","resourceUri":"https://console.cloud.google.com/cloud-build/builds;region=us-central1/9fb7ed9e-fd47-4904-b78c-202e3335f58e?project=401205940629"},{"name":"SERVICE","state":"NOT_STARTED"}],"operationType":"UPDATE_FUNCTION","buildName":"projects/401205940629/locations/us-central1/builds/9fb7ed9e-fd47-4904-b78c-202e3335f58e"},"done":false}
[debug] [2026-08-08T06:01:52.821Z] <<< [apiv2][status] GET https://cloudfunctions.googleapis.com/v2/projects/classtrack-bffb2/locations/us-central1/operations/operation-1786168907007-65882db3605f4-3451facd-b77787b6 200
[debug] [2026-08-08T06:01:52.821Z] <<< [apiv2][body] GET https://cloudfunctions.googleapis.com/v2/projects/classtrack-bffb2/locations/us-central1/operations/operation-1786168907007-65882db3605f4-3451facd-b77787b6 {"name":"projects/classtrack-bffb2/locations/us-central1/operations/operation-1786168907007-65882db3605f4-3451facd-b77787b6","metadata":{"@type":"type.googleapis.com/google.cloud.functions.v2.OperationMetadata","createTime":"2026-08-08T06:01:48.578650505Z","target":"projects/classtrack-bffb2/locations/us-central1/functions/setUserRole","verb":"create","cancelRequested":false,"apiVersion":"v2","requestResource":{"@type":"type.googleapis.com/google.cloud.functions.v2.Function","name":"projects/classtrack-bffb2/locations/us-central1/functions/setUserRole","buildConfig":{"runtime":"nodejs20","entryPoint":"setUserRole","source":{"storageSource":{"bucket":"gcf-v2-sources-401205940629-us-central1","object":"setUserRole/function-source.zip","generation":"1786168908252527"}},"environmentVariables":{"GOOGLE_NODE_RUN_SCRIPTS":""},"serviceAccount":"projects/classtrack-bffb2/serviceAccounts/401205940629-compute@developer.gserviceaccount.com","automaticUpdatePolicy":{}},"serviceConfig":{"service":"projects/classtrack-bffb2/locations/us-central1/services/setuserrole","timeoutSeconds":60,"environmentVariables":{"FIREBASE_CONFIG":"{\"projectId\":\"classtrack-bffb2\",\"storageBucket\":\"classtrack-bffb2.firebasestorage.app\"}","GCLOUD_PROJECT":"classtrack-bffb2","EVENTARC_CLOUD_EVENT_SOURCE":"projects/classtrack-bffb2/locations/us-central1/services/setUserRole","FUNCTION_TARGET":"setUserRole","LOG_EXECUTION_ID":"true"},"ingressSettings":"ALLOW_ALL","serviceAccountEmail":"401205940629-compute@developer.gserviceaccount.com","availableMemory":"256Mi","maxInstanceRequestConcurrency":80,"availableCpu":"1"},"labels":{"deployment-tool":"cli-firebase","deployment-callable":"true","firebase-functions-hash":"4e487aea94a5cc375eea913a222b4be2f168cf85"},"environment":"GEN_2"},"stages":[{"name":"BUILD","message":"Build in progress","state":"IN_PROGRESS","resource":"projects/401205940629/locations/us-central1/builds/59fb9d99-79f3-4fab-a530-fea6b936c187","resourceUri":"https://console.cloud.google.com/cloud-build/builds;region=us-central1/59fb9d99-79f3-4fab-a530-fea6b936c187?project=401205940629"},{"name":"SERVICE","state":"NOT_STARTED"}],"operationType":"CREATE_FUNCTION","buildName":"projects/401205940629/locations/us-central1/builds/59fb9d99-79f3-4fab-a530-fea6b936c187"},"done":false}
[debug] [2026-08-08T06:01:53.356Z] [update-default-us-central1-chat] Retrying task index 0
[debug] [2026-08-08T06:01:53.357Z] Checked if tokens are valid: true, expires at: 1786172451007
[debug] [2026-08-08T06:01:53.357Z] Checked if tokens are valid: true, expires at: 1786172451007
[debug] [2026-08-08T06:01:53.357Z] >>> [apiv2][query] GET https://cloudfunctions.googleapis.com/v2/projects/classtrack-bffb2/locations/us-central1/operations/operation-1786168906070-65882db27b8ef-48b69bf9-303a84f6 [none]
[debug] [2026-08-08T06:01:53.829Z] [create-default-us-central1-setUserRole] Retrying task index 0
[debug] [2026-08-08T06:01:53.829Z] Checked if tokens are valid: true, expires at: 1786172451007
[debug] [2026-08-08T06:01:53.829Z] Checked if tokens are valid: true, expires at: 1786172451007
[debug] [2026-08-08T06:01:53.829Z] >>> [apiv2][query] GET https://cloudfunctions.googleapis.com/v2/projects/classtrack-bffb2/locations/us-central1/operations/operation-1786168907007-65882db3605f4-3451facd-b77787b6 [none]
[debug] [2026-08-08T06:01:58.145Z] <<< [apiv2][status] GET https://cloudfunctions.googleapis.com/v2/projects/classtrack-bffb2/locations/us-central1/operations/operation-1786168907007-65882db3605f4-3451facd-b77787b6 200
[debug] [2026-08-08T06:01:58.145Z] <<< [apiv2][body] GET https://cloudfunctions.googleapis.com/v2/projects/classtrack-bffb2/locations/us-central1/operations/operation-1786168907007-65882db3605f4-3451facd-b77787b6 {"name":"projects/classtrack-bffb2/locations/us-central1/operations/operation-1786168907007-65882db3605f4-3451facd-b77787b6","metadata":{"@type":"type.googleapis.com/google.cloud.functions.v2.OperationMetadata","createTime":"2026-08-08T06:01:48.578650505Z","target":"projects/classtrack-bffb2/locations/us-central1/functions/setUserRole","verb":"create","cancelRequested":false,"apiVersion":"v2","requestResource":{"@type":"type.googleapis.com/google.cloud.functions.v2.Function","name":"projects/classtrack-bffb2/locations/us-central1/functions/setUserRole","buildConfig":{"runtime":"nodejs20","entryPoint":"setUserRole","source":{"storageSource":{"bucket":"gcf-v2-sources-401205940629-us-central1","object":"setUserRole/function-source.zip","generation":"1786168908252527"}},"environmentVariables":{"GOOGLE_NODE_RUN_SCRIPTS":""},"serviceAccount":"projects/classtrack-bffb2/serviceAccounts/401205940629-compute@developer.gserviceaccount.com","automaticUpdatePolicy":{}},"serviceConfig":{"service":"projects/classtrack-bffb2/locations/us-central1/services/setuserrole","timeoutSeconds":60,"environmentVariables":{"FIREBASE_CONFIG":"{\"projectId\":\"classtrack-bffb2\",\"storageBucket\":\"classtrack-bffb2.firebasestorage.app\"}","GCLOUD_PROJECT":"classtrack-bffb2","EVENTARC_CLOUD_EVENT_SOURCE":"projects/classtrack-bffb2/locations/us-central1/services/setUserRole","FUNCTION_TARGET":"setUserRole","LOG_EXECUTION_ID":"true"},"ingressSettings":"ALLOW_ALL","serviceAccountEmail":"401205940629-compute@developer.gserviceaccount.com","availableMemory":"256Mi","maxInstanceRequestConcurrency":80,"availableCpu":"1"},"labels":{"deployment-tool":"cli-firebase","deployment-callable":"true","firebase-functions-hash":"4e487aea94a5cc375eea913a222b4be2f168cf85"},"environment":"GEN_2"},"stages":[{"name":"BUILD","message":"Build in progress","state":"IN_PROGRESS","resource":"projects/401205940629/locations/us-central1/builds/59fb9d99-79f3-4fab-a530-fea6b936c187","resourceUri":"https://console.cloud.google.com/cloud-build/builds;region=us-central1/59fb9d99-79f3-4fab-a530-fea6b936c187?project=401205940629"},{"name":"SERVICE","state":"NOT_STARTED"}],"operationType":"CREATE_FUNCTION","buildName":"projects/401205940629/locations/us-central1/builds/59fb9d99-79f3-4fab-a530-fea6b936c187"},"done":false}
[debug] [2026-08-08T06:01:58.146Z] <<< [apiv2][status] GET https://cloudfunctions.googleapis.com/v2/projects/classtrack-bffb2/locations/us-central1/operations/operation-1786168906070-65882db27b8ef-48b69bf9-303a84f6 200
[debug] [2026-08-08T06:01:58.146Z] <<< [apiv2][body] GET https://cloudfunctions.googleapis.com/v2/projects/classtrack-bffb2/locations/us-central1/operations/operation-1786168906070-65882db27b8ef-48b69bf9-303a84f6 {"name":"projects/classtrack-bffb2/locations/us-central1/operations/operation-1786168906070-65882db27b8ef-48b69bf9-303a84f6","metadata":{"@type":"type.googleapis.com/google.cloud.functions.v2.OperationMetadata","createTime":"2026-08-08T06:01:48.154954979Z","target":"projects/classtrack-bffb2/locations/us-central1/functions/chat","verb":"update","cancelRequested":false,"apiVersion":"v2","requestResource":{"@type":"type.googleapis.com/google.cloud.functions.v2.Function","name":"projects/classtrack-bffb2/locations/us-central1/functions/chat","buildConfig":{"runtime":"nodejs20","entryPoint":"chat","source":{"storageSource":{"bucket":"gcf-v2-sources-401205940629-us-central1","object":"chat/function-source.zip","generation":"1786168908060304"}},"environmentVariables":{"GOOGLE_NODE_RUN_SCRIPTS":""},"dockerRepository":"projects/classtrack-bffb2/locations/us-central1/repositories/gcf-artifacts","sourceProvenance":{"resolvedStorageSource":{"bucket":"gcf-v2-sources-401205940629-us-central1","object":"chat/function-source.zip","generation":"1786084744514744"}},"dockerRegistry":"ARTIFACT_REGISTRY","serviceAccount":"projects/classtrack-bffb2/serviceAccounts/401205940629-compute@developer.gserviceaccount.com","automaticUpdatePolicy":{}},"serviceConfig":{"service":"projects/classtrack-bffb2/locations/us-central1/services/chat","timeoutSeconds":120,"environmentVariables":{"FIREBASE_CONFIG":"{\"projectId\":\"classtrack-bffb2\",\"storageBucket\":\"classtrack-bffb2.firebasestorage.app\"}","GCLOUD_PROJECT":"classtrack-bffb2","EVENTARC_CLOUD_EVENT_SOURCE":"projects/classtrack-bffb2/locations/us-central1/services/chat","FUNCTION_TARGET":"chat","LOG_EXECUTION_ID":"true"},"ingressSettings":"ALLOW_ALL","uri":"https://chat-q72q4oy2na-uc.a.run.app","serviceAccountEmail":"401205940629-compute@developer.gserviceaccount.com","availableMemory":"512Mi","allTrafficOnLatestRevision":true,"secretEnvironmentVariables":[{"key":"GEMINI_API_KEY","projectId":"classtrack-bffb2","secret":"GEMINI_API_KEY","version":"3"}],"revision":"chat-00021-haj","maxInstanceRequestConcurrency":80,"availableCpu":"1"},"state":"ACTIVE","labels":{"deployment-tool":"cli-firebase","deployment-callable":"true","firebase-functions-hash":"c44cdee2b004b7c5edfd7c2dba60832cf4a17d7e"},"environment":"GEN_2","url":"https://us-central1-classtrack-bffb2.cloudfunctions.net/chat","satisfiesPzi":true},"stages":[{"name":"BUILD","message":"Build in progress","state":"IN_PROGRESS","resource":"projects/401205940629/locations/us-central1/builds/9fb7ed9e-fd47-4904-b78c-202e3335f58e","resourceUri":"https://console.cloud.google.com/cloud-build/builds;region=us-central1/9fb7ed9e-fd47-4904-b78c-202e3335f58e?project=401205940629"},{"name":"SERVICE","state":"NOT_STARTED"}],"operationType":"UPDATE_FUNCTION","buildName":"projects/401205940629/locations/us-central1/builds/9fb7ed9e-fd47-4904-b78c-202e3335f58e"},"done":false}
[debug] [2026-08-08T06:02:00.160Z] [create-default-us-central1-setUserRole] Retrying task index 0
[debug] [2026-08-08T06:02:00.161Z] Checked if tokens are valid: true, expires at: 1786172451007
[debug] [2026-08-08T06:02:00.161Z] Checked if tokens are valid: true, expires at: 1786172451007
[debug] [2026-08-08T06:02:00.161Z] >>> [apiv2][query] GET https://cloudfunctions.googleapis.com/v2/projects/classtrack-bffb2/locations/us-central1/operations/operation-1786168907007-65882db3605f4-3451facd-b77787b6 [none]
[debug] [2026-08-08T06:02:00.161Z] [update-default-us-central1-chat] Retrying task index 0
[debug] [2026-08-08T06:02:00.161Z] Checked if tokens are valid: true, expires at: 1786172451007
[debug] [2026-08-08T06:02:00.161Z] Checked if tokens are valid: true, expires at: 1786172451007
[debug] [2026-08-08T06:02:00.161Z] >>> [apiv2][query] GET https://cloudfunctions.googleapis.com/v2/projects/classtrack-bffb2/locations/us-central1/operations/operation-1786168906070-65882db27b8ef-48b69bf9-303a84f6 [none]
[debug] [2026-08-08T06:02:01.565Z] <<< [apiv2][status] GET https://cloudfunctions.googleapis.com/v2/projects/classtrack-bffb2/locations/us-central1/operations/operation-1786168906070-65882db27b8ef-48b69bf9-303a84f6 200
[debug] [2026-08-08T06:02:01.565Z] <<< [apiv2][body] GET https://cloudfunctions.googleapis.com/v2/projects/classtrack-bffb2/locations/us-central1/operations/operation-1786168906070-65882db27b8ef-48b69bf9-303a84f6 {"name":"projects/classtrack-bffb2/locations/us-central1/operations/operation-1786168906070-65882db27b8ef-48b69bf9-303a84f6","metadata":{"@type":"type.googleapis.com/google.cloud.functions.v2.OperationMetadata","createTime":"2026-08-08T06:01:48.154954979Z","target":"projects/classtrack-bffb2/locations/us-central1/functions/chat","verb":"update","cancelRequested":false,"apiVersion":"v2","requestResource":{"@type":"type.googleapis.com/google.cloud.functions.v2.Function","name":"projects/classtrack-bffb2/locations/us-central1/functions/chat","buildConfig":{"runtime":"nodejs20","entryPoint":"chat","source":{"storageSource":{"bucket":"gcf-v2-sources-401205940629-us-central1","object":"chat/function-source.zip","generation":"1786168908060304"}},"environmentVariables":{"GOOGLE_NODE_RUN_SCRIPTS":""},"dockerRepository":"projects/classtrack-bffb2/locations/us-central1/repositories/gcf-artifacts","sourceProvenance":{"resolvedStorageSource":{"bucket":"gcf-v2-sources-401205940629-us-central1","object":"chat/function-source.zip","generation":"1786084744514744"}},"dockerRegistry":"ARTIFACT_REGISTRY","serviceAccount":"projects/classtrack-bffb2/serviceAccounts/401205940629-compute@developer.gserviceaccount.com","automaticUpdatePolicy":{}},"serviceConfig":{"service":"projects/classtrack-bffb2/locations/us-central1/services/chat","timeoutSeconds":120,"environmentVariables":{"FIREBASE_CONFIG":"{\"projectId\":\"classtrack-bffb2\",\"storageBucket\":\"classtrack-bffb2.firebasestorage.app\"}","GCLOUD_PROJECT":"classtrack-bffb2","EVENTARC_CLOUD_EVENT_SOURCE":"projects/classtrack-bffb2/locations/us-central1/services/chat","FUNCTION_TARGET":"chat","LOG_EXECUTION_ID":"true"},"ingressSettings":"ALLOW_ALL","uri":"https://chat-q72q4oy2na-uc.a.run.app","serviceAccountEmail":"401205940629-compute@developer.gserviceaccount.com","availableMemory":"512Mi","allTrafficOnLatestRevision":true,"secretEnvironmentVariables":[{"key":"GEMINI_API_KEY","projectId":"classtrack-bffb2","secret":"GEMINI_API_KEY","version":"3"}],"revision":"chat-00021-haj","maxInstanceRequestConcurrency":80,"availableCpu":"1"},"state":"ACTIVE","labels":{"deployment-tool":"cli-firebase","deployment-callable":"true","firebase-functions-hash":"c44cdee2b004b7c5edfd7c2dba60832cf4a17d7e"},"environment":"GEN_2","url":"https://us-central1-classtrack-bffb2.cloudfunctions.net/chat","satisfiesPzi":true},"stages":[{"name":"BUILD","message":"Build in progress","state":"IN_PROGRESS","resource":"projects/401205940629/locations/us-central1/builds/9fb7ed9e-fd47-4904-b78c-202e3335f58e","resourceUri":"https://console.cloud.google.com/cloud-build/builds;region=us-central1/9fb7ed9e-fd47-4904-b78c-202e3335f58e?project=401205940629"},{"name":"SERVICE","state":"NOT_STARTED"}],"operationType":"UPDATE_FUNCTION","buildName":"projects/401205940629/locations/us-central1/builds/9fb7ed9e-fd47-4904-b78c-202e3335f58e"},"done":false}
[debug] [2026-08-08T06:02:01.654Z] <<< [apiv2][status] GET https://cloudfunctions.googleapis.com/v2/projects/classtrack-bffb2/locations/us-central1/operations/operation-1786168907007-65882db3605f4-3451facd-b77787b6 200
[debug] [2026-08-08T06:02:01.654Z] <<< [apiv2][body] GET https://cloudfunctions.googleapis.com/v2/projects/classtrack-bffb2/locations/us-central1/operations/operation-1786168907007-65882db3605f4-3451facd-b77787b6 {"name":"projects/classtrack-bffb2/locations/us-central1/operations/operation-1786168907007-65882db3605f4-3451facd-b77787b6","metadata":{"@type":"type.googleapis.com/google.cloud.functions.v2.OperationMetadata","createTime":"2026-08-08T06:01:48.578650505Z","target":"projects/classtrack-bffb2/locations/us-central1/functions/setUserRole","verb":"create","cancelRequested":false,"apiVersion":"v2","requestResource":{"@type":"type.googleapis.com/google.cloud.functions.v2.Function","name":"projects/classtrack-bffb2/locations/us-central1/functions/setUserRole","buildConfig":{"runtime":"nodejs20","entryPoint":"setUserRole","source":{"storageSource":{"bucket":"gcf-v2-sources-401205940629-us-central1","object":"setUserRole/function-source.zip","generation":"1786168908252527"}},"environmentVariables":{"GOOGLE_NODE_RUN_SCRIPTS":""},"serviceAccount":"projects/classtrack-bffb2/serviceAccounts/401205940629-compute@developer.gserviceaccount.com","automaticUpdatePolicy":{}},"serviceConfig":{"service":"projects/classtrack-bffb2/locations/us-central1/services/setuserrole","timeoutSeconds":60,"environmentVariables":{"FIREBASE_CONFIG":"{\"projectId\":\"classtrack-bffb2\",\"storageBucket\":\"classtrack-bffb2.firebasestorage.app\"}","GCLOUD_PROJECT":"classtrack-bffb2","EVENTARC_CLOUD_EVENT_SOURCE":"projects/classtrack-bffb2/locations/us-central1/services/setUserRole","FUNCTION_TARGET":"setUserRole","LOG_EXECUTION_ID":"true"},"ingressSettings":"ALLOW_ALL","serviceAccountEmail":"401205940629-compute@developer.gserviceaccount.com","availableMemory":"256Mi","maxInstanceRequestConcurrency":80,"availableCpu":"1"},"labels":{"deployment-tool":"cli-firebase","deployment-callable":"true","firebase-functions-hash":"4e487aea94a5cc375eea913a222b4be2f168cf85"},"environment":"GEN_2"},"stages":[{"name":"BUILD","message":"Build in progress","state":"IN_PROGRESS","resource":"projects/401205940629/locations/us-central1/builds/59fb9d99-79f3-4fab-a530-fea6b936c187","resourceUri":"https://console.cloud.google.com/cloud-build/builds;region=us-central1/59fb9d99-79f3-4fab-a530-fea6b936c187?project=401205940629"},{"name":"SERVICE","state":"NOT_STARTED"}],"operationType":"CREATE_FUNCTION","buildName":"projects/401205940629/locations/us-central1/builds/59fb9d99-79f3-4fab-a530-fea6b936c187"},"done":false}
[debug] [2026-08-08T06:02:04.745Z] <<< [apiv2][status] POST https://cloudfunctions.googleapis.com/v2/projects/classtrack-bffb2/locations/asia-south1/functions 400
[debug] [2026-08-08T06:02:04.745Z] <<< [apiv2][body] POST https://cloudfunctions.googleapis.com/v2/projects/classtrack-bffb2/locations/asia-south1/functions {"error":{"code":400,"message":"Validation failed for trigger projects/classtrack-bffb2/locations/asia-south1/triggers/auditbannerwrite-187783: Invalid resource state for \"\": Permission denied while using the Eventarc Service Agent. If you recently started to use Eventarc, it may take a few minutes before all necessary permissions are propagated to the Service Agent. Otherwise, verify that it has Eventarc Service Agent role.","status":"FAILED_PRECONDITION"}}
[warn] !  functions: Request to https://cloudfunctions.googleapis.com/v2/projects/classtrack-bffb2/locations/asia-south1/functions?functionId=auditBannerWrite had HTTP Error: 400, Validation failed for trigger projects/classtrack-bffb2/locations/asia-south1/triggers/auditbannerwrite-187783: Invalid resource state for "": Permission denied while using the Eventarc Service Agent. If you recently started to use Eventarc, it may take a few minutes before all necessary permissions are propagated to the Service Agent. Otherwise, verify that it has Eventarc Service Agent role. 
[warn] !  functions: Since this is your first time using 2nd gen functions, we need a little bit longer to finish setting everything up. Retry the deployment in a few minutes. 
[warn] !  functions:  failed to create function projects/classtrack-bffb2/locations/asia-south1/functions/auditBannerWrite 
[error] Failed to create function projects/classtrack-bffb2/locations/asia-south1/functions/auditBannerWrite
[debug] [2026-08-08T06:02:04.746Z] Checked if tokens are valid: true, expires at: 1786172451007
[debug] [2026-08-08T06:02:04.746Z] Checked if tokens are valid: true, expires at: 1786172451007
[debug] [2026-08-08T06:02:04.746Z] Checked if tokens are valid: true, expires at: 1786172451007
[debug] [2026-08-08T06:02:04.746Z] Checked if tokens are valid: true, expires at: 1786172451007
[debug] [2026-08-08T06:02:04.747Z] Checked if tokens are valid: true, expires at: 1786172451007
[debug] [2026-08-08T06:02:04.747Z] Checked if tokens are valid: true, expires at: 1786172451007
[debug] [2026-08-08T06:02:04.747Z] >>> [apiv2][query] POST https://cloudfunctions.googleapis.com/v2/projects/classtrack-bffb2/locations/asia-south1/functions functionId=auditCampaignWrite
[debug] [2026-08-08T06:02:04.747Z] >>> [apiv2][body] POST https://cloudfunctions.googleapis.com/v2/projects/classtrack-bffb2/locations/asia-south1/functions {"name":"projects/classtrack-bffb2/locations/asia-south1/functions/auditCampaignWrite","buildConfig":{"runtime":"nodejs20","entryPoint":"auditCampaignWrite","source":{"storageSource":{"bucket":"gcf-v2-uploads-401205940629.asia-south1.cloudfunctions.appspot.com","object":"d9055c85-c7e6-4805-a921-ed9bd583147a.zip"}},"environmentVariables":{"GOOGLE_NODE_RUN_SCRIPTS":""}},"serviceConfig":{"environmentVariables":{"FIREBASE_CONFIG":"{\"projectId\":\"classtrack-bffb2\",\"storageBucket\":\"classtrack-bffb2.firebasestorage.app\"}","GCLOUD_PROJECT":"classtrack-bffb2","EVENTARC_CLOUD_EVENT_SOURCE":"projects/classtrack-bffb2/locations/asia-south1/services/auditCampaignWrite","FUNCTION_SIGNATURE_TYPE":"cloudevent","FUNCTION_TARGET":"auditCampaignWrite","LOG_EXECUTION_ID":"true"},"ingressSettings":null,"timeoutSeconds":null,"serviceAccountEmail":null,"availableMemory":"256Mi","minInstanceCount":null,"maxInstanceCount":null,"maxInstanceRequestConcurrency":80,"availableCpu":"1","vpcConnector":null,"vpcConnectorEgressSettings":null,"directVpcNetworkInterface":null,"directVpcEgress":null},"labels":{"deployment-tool":"cli-firebase","firebase-functions-hash":"4e487aea94a5cc375eea913a222b4be2f168cf85"},"eventTrigger":{"eventType":"google.cloud.firestore.document.v1.written","retryPolicy":"RETRY_POLICY_DO_NOT_RETRY","eventFilters":[{"attribute":"database","value":"(default)"},{"attribute":"namespace","value":"(default)"},{"attribute":"document","value":"campaigns/{id}","operator":"match-path-pattern"}],"triggerRegion":"asia-south1"}}
[debug] [2026-08-08T06:02:04.747Z] >>> [apiv2][query] POST https://cloudfunctions.googleapis.com/v2/projects/classtrack-bffb2/locations/asia-south1/functions functionId=auditResourceWrite
[debug] [2026-08-08T06:02:04.747Z] >>> [apiv2][body] POST https://cloudfunctions.googleapis.com/v2/projects/classtrack-bffb2/locations/asia-south1/functions {"name":"projects/classtrack-bffb2/locations/asia-south1/functions/auditResourceWrite","buildConfig":{"runtime":"nodejs20","entryPoint":"auditResourceWrite","source":{"storageSource":{"bucket":"gcf-v2-uploads-401205940629.asia-south1.cloudfunctions.appspot.com","object":"d9055c85-c7e6-4805-a921-ed9bd583147a.zip"}},"environmentVariables":{"GOOGLE_NODE_RUN_SCRIPTS":""}},"serviceConfig":{"environmentVariables":{"FIREBASE_CONFIG":"{\"projectId\":\"classtrack-bffb2\",\"storageBucket\":\"classtrack-bffb2.firebasestorage.app\"}","GCLOUD_PROJECT":"classtrack-bffb2","EVENTARC_CLOUD_EVENT_SOURCE":"projects/classtrack-bffb2/locations/asia-south1/services/auditResourceWrite","FUNCTION_SIGNATURE_TYPE":"cloudevent","FUNCTION_TARGET":"auditResourceWrite","LOG_EXECUTION_ID":"true"},"ingressSettings":null,"timeoutSeconds":null,"serviceAccountEmail":null,"availableMemory":"256Mi","minInstanceCount":null,"maxInstanceCount":null,"maxInstanceRequestConcurrency":80,"availableCpu":"1","vpcConnector":null,"vpcConnectorEgressSettings":null,"directVpcNetworkInterface":null,"directVpcEgress":null},"labels":{"deployment-tool":"cli-firebase","firebase-functions-hash":"4e487aea94a5cc375eea913a222b4be2f168cf85"},"eventTrigger":{"eventType":"google.cloud.firestore.document.v1.written","retryPolicy":"RETRY_POLICY_DO_NOT_RETRY","eventFilters":[{"attribute":"database","value":"(default)"},{"attribute":"namespace","value":"(default)"},{"attribute":"document","value":"resources/{id}","operator":"match-path-pattern"}],"triggerRegion":"asia-south1"}}
[debug] [2026-08-08T06:02:04.747Z] >>> [apiv2][query] POST https://cloudfunctions.googleapis.com/v2/projects/classtrack-bffb2/locations/asia-south1/functions functionId=sendQueuedNotification
[debug] [2026-08-08T06:02:04.747Z] >>> [apiv2][body] POST https://cloudfunctions.googleapis.com/v2/projects/classtrack-bffb2/locations/asia-south1/functions {"name":"projects/classtrack-bffb2/locations/asia-south1/functions/sendQueuedNotification","buildConfig":{"runtime":"nodejs20","entryPoint":"sendQueuedNotification","source":{"storageSource":{"bucket":"gcf-v2-uploads-401205940629.asia-south1.cloudfunctions.appspot.com","object":"d9055c85-c7e6-4805-a921-ed9bd583147a.zip"}},"environmentVariables":{"GOOGLE_NODE_RUN_SCRIPTS":""}},"serviceConfig":{"environmentVariables":{"FIREBASE_CONFIG":"{\"projectId\":\"classtrack-bffb2\",\"storageBucket\":\"classtrack-bffb2.firebasestorage.app\"}","GCLOUD_PROJECT":"classtrack-bffb2","EVENTARC_CLOUD_EVENT_SOURCE":"projects/classtrack-bffb2/locations/asia-south1/services/sendQueuedNotification","FUNCTION_SIGNATURE_TYPE":"cloudevent","FUNCTION_TARGET":"sendQueuedNotification","LOG_EXECUTION_ID":"true"},"ingressSettings":null,"timeoutSeconds":null,"serviceAccountEmail":null,"availableMemory":"256Mi","minInstanceCount":null,"maxInstanceCount":null,"maxInstanceRequestConcurrency":80,"availableCpu":"1","vpcConnector":null,"vpcConnectorEgressSettings":null,"directVpcNetworkInterface":null,"directVpcEgress":null},"labels":{"deployment-tool":"cli-firebase","firebase-functions-hash":"4e487aea94a5cc375eea913a222b4be2f168cf85"},"eventTrigger":{"eventType":"google.cloud.firestore.document.v1.created","retryPolicy":"RETRY_POLICY_DO_NOT_RETRY","eventFilters":[{"attribute":"database","value":"(default)"},{"attribute":"namespace","value":"(default)"},{"attribute":"document","value":"notifications/{id}","operator":"match-path-pattern"}],"triggerRegion":"asia-south1"}}
[debug] [2026-08-08T06:02:05.571Z] [update-default-us-central1-chat] Retrying task index 0
[debug] [2026-08-08T06:02:05.571Z] Checked if tokens are valid: true, expires at: 1786172451007
[debug] [2026-08-08T06:02:05.571Z] Checked if tokens are valid: true, expires at: 1786172451007
[debug] [2026-08-08T06:02:05.571Z] >>> [apiv2][query] GET https://cloudfunctions.googleapis.com/v2/projects/classtrack-bffb2/locations/us-central1/operations/operation-1786168906070-65882db27b8ef-48b69bf9-303a84f6 [none]
[debug] [2026-08-08T06:02:05.666Z] [create-default-us-central1-setUserRole] Retrying task index 0
[debug] [2026-08-08T06:02:05.667Z] Checked if tokens are valid: true, expires at: 1786172451007
[debug] [2026-08-08T06:02:05.667Z] Checked if tokens are valid: true, expires at: 1786172451007
[debug] [2026-08-08T06:02:05.667Z] >>> [apiv2][query] GET https://cloudfunctions.googleapis.com/v2/projects/classtrack-bffb2/locations/us-central1/operations/operation-1786168907007-65882db3605f4-3451facd-b77787b6 [none]
[debug] [2026-08-08T06:02:07.181Z] <<< [apiv2][status] GET https://cloudfunctions.googleapis.com/v2/projects/classtrack-bffb2/locations/us-central1/operations/operation-1786168906070-65882db27b8ef-48b69bf9-303a84f6 200
[debug] [2026-08-08T06:02:07.181Z] <<< [apiv2][body] GET https://cloudfunctions.googleapis.com/v2/projects/classtrack-bffb2/locations/us-central1/operations/operation-1786168906070-65882db27b8ef-48b69bf9-303a84f6 {"name":"projects/classtrack-bffb2/locations/us-central1/operations/operation-1786168906070-65882db27b8ef-48b69bf9-303a84f6","metadata":{"@type":"type.googleapis.com/google.cloud.functions.v2.OperationMetadata","createTime":"2026-08-08T06:01:48.154954979Z","target":"projects/classtrack-bffb2/locations/us-central1/functions/chat","verb":"update","cancelRequested":false,"apiVersion":"v2","requestResource":{"@type":"type.googleapis.com/google.cloud.functions.v2.Function","name":"projects/classtrack-bffb2/locations/us-central1/functions/chat","buildConfig":{"runtime":"nodejs20","entryPoint":"chat","source":{"storageSource":{"bucket":"gcf-v2-sources-401205940629-us-central1","object":"chat/function-source.zip","generation":"1786168908060304"}},"environmentVariables":{"GOOGLE_NODE_RUN_SCRIPTS":""},"dockerRepository":"projects/classtrack-bffb2/locations/us-central1/repositories/gcf-artifacts","sourceProvenance":{"resolvedStorageSource":{"bucket":"gcf-v2-sources-401205940629-us-central1","object":"chat/function-source.zip","generation":"1786084744514744"}},"dockerRegistry":"ARTIFACT_REGISTRY","serviceAccount":"projects/classtrack-bffb2/serviceAccounts/401205940629-compute@developer.gserviceaccount.com","automaticUpdatePolicy":{}},"serviceConfig":{"service":"projects/classtrack-bffb2/locations/us-central1/services/chat","timeoutSeconds":120,"environmentVariables":{"FIREBASE_CONFIG":"{\"projectId\":\"classtrack-bffb2\",\"storageBucket\":\"classtrack-bffb2.firebasestorage.app\"}","GCLOUD_PROJECT":"classtrack-bffb2","EVENTARC_CLOUD_EVENT_SOURCE":"projects/classtrack-bffb2/locations/us-central1/services/chat","FUNCTION_TARGET":"chat","LOG_EXECUTION_ID":"true"},"ingressSettings":"ALLOW_ALL","uri":"https://chat-q72q4oy2na-uc.a.run.app","serviceAccountEmail":"401205940629-compute@developer.gserviceaccount.com","availableMemory":"512Mi","allTrafficOnLatestRevision":true,"secretEnvironmentVariables":[{"key":"GEMINI_API_KEY","projectId":"classtrack-bffb2","secret":"GEMINI_API_KEY","version":"3"}],"revision":"chat-00021-haj","maxInstanceRequestConcurrency":80,"availableCpu":"1"},"state":"ACTIVE","labels":{"deployment-tool":"cli-firebase","deployment-callable":"true","firebase-functions-hash":"c44cdee2b004b7c5edfd7c2dba60832cf4a17d7e"},"environment":"GEN_2","url":"https://us-central1-classtrack-bffb2.cloudfunctions.net/chat","satisfiesPzi":true},"stages":[{"name":"BUILD","message":"Build in progress","state":"IN_PROGRESS","resource":"projects/401205940629/locations/us-central1/builds/9fb7ed9e-fd47-4904-b78c-202e3335f58e","resourceUri":"https://console.cloud.google.com/cloud-build/builds;region=us-central1/9fb7ed9e-fd47-4904-b78c-202e3335f58e?project=401205940629"},{"name":"SERVICE","state":"NOT_STARTED"}],"operationType":"UPDATE_FUNCTION","buildName":"projects/401205940629/locations/us-central1/builds/9fb7ed9e-fd47-4904-b78c-202e3335f58e"},"done":false}
[debug] [2026-08-08T06:02:09.518Z] <<< [apiv2][status] GET https://cloudfunctions.googleapis.com/v2/projects/classtrack-bffb2/locations/us-central1/operations/operation-1786168907007-65882db3605f4-3451facd-b77787b6 200
[debug] [2026-08-08T06:02:09.518Z] <<< [apiv2][body] GET https://cloudfunctions.googleapis.com/v2/projects/classtrack-bffb2/locations/us-central1/operations/operation-1786168907007-65882db3605f4-3451facd-b77787b6 {"name":"projects/classtrack-bffb2/locations/us-central1/operations/operation-1786168907007-65882db3605f4-3451facd-b77787b6","metadata":{"@type":"type.googleapis.com/google.cloud.functions.v2.OperationMetadata","createTime":"2026-08-08T06:01:48.578650505Z","target":"projects/classtrack-bffb2/locations/us-central1/functions/setUserRole","verb":"create","cancelRequested":false,"apiVersion":"v2","requestResource":{"@type":"type.googleapis.com/google.cloud.functions.v2.Function","name":"projects/classtrack-bffb2/locations/us-central1/functions/setUserRole","buildConfig":{"runtime":"nodejs20","entryPoint":"setUserRole","source":{"storageSource":{"bucket":"gcf-v2-sources-401205940629-us-central1","object":"setUserRole/function-source.zip","generation":"1786168908252527"}},"environmentVariables":{"GOOGLE_NODE_RUN_SCRIPTS":""},"serviceAccount":"projects/classtrack-bffb2/serviceAccounts/401205940629-compute@developer.gserviceaccount.com","automaticUpdatePolicy":{}},"serviceConfig":{"service":"projects/classtrack-bffb2/locations/us-central1/services/setuserrole","timeoutSeconds":60,"environmentVariables":{"FIREBASE_CONFIG":"{\"projectId\":\"classtrack-bffb2\",\"storageBucket\":\"classtrack-bffb2.firebasestorage.app\"}","GCLOUD_PROJECT":"classtrack-bffb2","EVENTARC_CLOUD_EVENT_SOURCE":"projects/classtrack-bffb2/locations/us-central1/services/setUserRole","FUNCTION_TARGET":"setUserRole","LOG_EXECUTION_ID":"true"},"ingressSettings":"ALLOW_ALL","serviceAccountEmail":"401205940629-compute@developer.gserviceaccount.com","availableMemory":"256Mi","maxInstanceRequestConcurrency":80,"availableCpu":"1"},"labels":{"deployment-tool":"cli-firebase","deployment-callable":"true","firebase-functions-hash":"4e487aea94a5cc375eea913a222b4be2f168cf85"},"environment":"GEN_2"},"stages":[{"name":"BUILD","message":"Build in progress","state":"IN_PROGRESS","resource":"projects/401205940629/locations/us-central1/builds/59fb9d99-79f3-4fab-a530-fea6b936c187","resourceUri":"https://console.cloud.google.com/cloud-build/builds;region=us-central1/59fb9d99-79f3-4fab-a530-fea6b936c187?project=401205940629"},{"name":"SERVICE","state":"NOT_STARTED"}],"operationType":"CREATE_FUNCTION","buildName":"projects/401205940629/locations/us-central1/builds/59fb9d99-79f3-4fab-a530-fea6b936c187"},"done":false}
[debug] [2026-08-08T06:02:15.181Z] [update-default-us-central1-chat] Retrying task index 0
[debug] [2026-08-08T06:02:15.182Z] Checked if tokens are valid: true, expires at: 1786172451007
[debug] [2026-08-08T06:02:15.182Z] Checked if tokens are valid: true, expires at: 1786172451007
[debug] [2026-08-08T06:02:15.182Z] >>> [apiv2][query] GET https://cloudfunctions.googleapis.com/v2/projects/classtrack-bffb2/locations/us-central1/operations/operation-1786168906070-65882db27b8ef-48b69bf9-303a84f6 [none]
[debug] [2026-08-08T06:02:16.725Z] <<< [apiv2][status] GET https://cloudfunctions.googleapis.com/v2/projects/classtrack-bffb2/locations/us-central1/operations/operation-1786168906070-65882db27b8ef-48b69bf9-303a84f6 200
[debug] [2026-08-08T06:02:16.726Z] <<< [apiv2][body] GET https://cloudfunctions.googleapis.com/v2/projects/classtrack-bffb2/locations/us-central1/operations/operation-1786168906070-65882db27b8ef-48b69bf9-303a84f6 {"name":"projects/classtrack-bffb2/locations/us-central1/operations/operation-1786168906070-65882db27b8ef-48b69bf9-303a84f6","metadata":{"@type":"type.googleapis.com/google.cloud.functions.v2.OperationMetadata","createTime":"2026-08-08T06:01:48.154954979Z","target":"projects/classtrack-bffb2/locations/us-central1/functions/chat","verb":"update","cancelRequested":false,"apiVersion":"v2","requestResource":{"@type":"type.googleapis.com/google.cloud.functions.v2.Function","name":"projects/classtrack-bffb2/locations/us-central1/functions/chat","buildConfig":{"runtime":"nodejs20","entryPoint":"chat","source":{"storageSource":{"bucket":"gcf-v2-sources-401205940629-us-central1","object":"chat/function-source.zip","generation":"1786168908060304"}},"environmentVariables":{"GOOGLE_NODE_RUN_SCRIPTS":""},"dockerRepository":"projects/classtrack-bffb2/locations/us-central1/repositories/gcf-artifacts","sourceProvenance":{"resolvedStorageSource":{"bucket":"gcf-v2-sources-401205940629-us-central1","object":"chat/function-source.zip","generation":"1786084744514744"}},"dockerRegistry":"ARTIFACT_REGISTRY","serviceAccount":"projects/classtrack-bffb2/serviceAccounts/401205940629-compute@developer.gserviceaccount.com","automaticUpdatePolicy":{}},"serviceConfig":{"service":"projects/classtrack-bffb2/locations/us-central1/services/chat","timeoutSeconds":120,"environmentVariables":{"FIREBASE_CONFIG":"{\"projectId\":\"classtrack-bffb2\",\"storageBucket\":\"classtrack-bffb2.firebasestorage.app\"}","GCLOUD_PROJECT":"classtrack-bffb2","EVENTARC_CLOUD_EVENT_SOURCE":"projects/classtrack-bffb2/locations/us-central1/services/chat","FUNCTION_TARGET":"chat","LOG_EXECUTION_ID":"true"},"ingressSettings":"ALLOW_ALL","uri":"https://chat-q72q4oy2na-uc.a.run.app","serviceAccountEmail":"401205940629-compute@developer.gserviceaccount.com","availableMemory":"512Mi","allTrafficOnLatestRevision":true,"secretEnvironmentVariables":[{"key":"GEMINI_API_KEY","projectId":"classtrack-bffb2","secret":"GEMINI_API_KEY","version":"3"}],"revision":"chat-00021-haj","maxInstanceRequestConcurrency":80,"availableCpu":"1"},"state":"ACTIVE","labels":{"deployment-tool":"cli-firebase","deployment-callable":"true","firebase-functions-hash":"c44cdee2b004b7c5edfd7c2dba60832cf4a17d7e"},"environment":"GEN_2","url":"https://us-central1-classtrack-bffb2.cloudfunctions.net/chat","satisfiesPzi":true},"stages":[{"name":"BUILD","message":"Build in progress","state":"IN_PROGRESS","resource":"projects/401205940629/locations/us-central1/builds/9fb7ed9e-fd47-4904-b78c-202e3335f58e","resourceUri":"https://console.cloud.google.com/cloud-build/builds;region=us-central1/9fb7ed9e-fd47-4904-b78c-202e3335f58e?project=401205940629"},{"name":"SERVICE","state":"NOT_STARTED"}],"operationType":"UPDATE_FUNCTION","buildName":"projects/401205940629/locations/us-central1/builds/9fb7ed9e-fd47-4904-b78c-202e3335f58e"},"done":false}
[debug] [2026-08-08T06:02:17.521Z] [create-default-us-central1-setUserRole] Retrying task index 0
[debug] [2026-08-08T06:02:17.522Z] Checked if tokens are valid: true, expires at: 1786172451007
[debug] [2026-08-08T06:02:17.522Z] Checked if tokens are valid: true, expires at: 1786172451007
[debug] [2026-08-08T06:02:17.522Z] >>> [apiv2][query] GET https://cloudfunctions.googleapis.com/v2/projects/classtrack-bffb2/locations/us-central1/operations/operation-1786168907007-65882db3605f4-3451facd-b77787b6 [none]
[debug] [2026-08-08T06:02:18.978Z] <<< [apiv2][status] GET https://cloudfunctions.googleapis.com/v2/projects/classtrack-bffb2/locations/us-central1/operations/operation-1786168907007-65882db3605f4-3451facd-b77787b6 200
[debug] [2026-08-08T06:02:18.978Z] <<< [apiv2][body] GET https://cloudfunctions.googleapis.com/v2/projects/classtrack-bffb2/locations/us-central1/operations/operation-1786168907007-65882db3605f4-3451facd-b77787b6 {"name":"projects/classtrack-bffb2/locations/us-central1/operations/operation-1786168907007-65882db3605f4-3451facd-b77787b6","metadata":{"@type":"type.googleapis.com/google.cloud.functions.v2.OperationMetadata","createTime":"2026-08-08T06:01:48.578650505Z","target":"projects/classtrack-bffb2/locations/us-central1/functions/setUserRole","verb":"create","cancelRequested":false,"apiVersion":"v2","requestResource":{"@type":"type.googleapis.com/google.cloud.functions.v2.Function","name":"projects/classtrack-bffb2/locations/us-central1/functions/setUserRole","buildConfig":{"runtime":"nodejs20","entryPoint":"setUserRole","source":{"storageSource":{"bucket":"gcf-v2-sources-401205940629-us-central1","object":"setUserRole/function-source.zip","generation":"1786168908252527"}},"environmentVariables":{"GOOGLE_NODE_RUN_SCRIPTS":""},"serviceAccount":"projects/classtrack-bffb2/serviceAccounts/401205940629-compute@developer.gserviceaccount.com","automaticUpdatePolicy":{}},"serviceConfig":{"service":"projects/classtrack-bffb2/locations/us-central1/services/setuserrole","timeoutSeconds":60,"environmentVariables":{"FIREBASE_CONFIG":"{\"projectId\":\"classtrack-bffb2\",\"storageBucket\":\"classtrack-bffb2.firebasestorage.app\"}","GCLOUD_PROJECT":"classtrack-bffb2","EVENTARC_CLOUD_EVENT_SOURCE":"projects/classtrack-bffb2/locations/us-central1/services/setUserRole","FUNCTION_TARGET":"setUserRole","LOG_EXECUTION_ID":"true"},"ingressSettings":"ALLOW_ALL","serviceAccountEmail":"401205940629-compute@developer.gserviceaccount.com","availableMemory":"256Mi","maxInstanceRequestConcurrency":80,"availableCpu":"1"},"labels":{"deployment-tool":"cli-firebase","deployment-callable":"true","firebase-functions-hash":"4e487aea94a5cc375eea913a222b4be2f168cf85"},"environment":"GEN_2"},"stages":[{"name":"BUILD","message":"Build in progress","state":"IN_PROGRESS","resource":"projects/401205940629/locations/us-central1/builds/59fb9d99-79f3-4fab-a530-fea6b936c187","resourceUri":"https://console.cloud.google.com/cloud-build/builds;region=us-central1/59fb9d99-79f3-4fab-a530-fea6b936c187?project=401205940629"},{"name":"SERVICE","state":"NOT_STARTED"}],"operationType":"CREATE_FUNCTION","buildName":"projects/401205940629/locations/us-central1/builds/59fb9d99-79f3-4fab-a530-fea6b936c187"},"done":false}
[debug] [2026-08-08T06:02:20.247Z] <<< [apiv2][status] POST https://cloudfunctions.googleapis.com/v2/projects/classtrack-bffb2/locations/asia-south1/functions 400
[debug] [2026-08-08T06:02:20.247Z] <<< [apiv2][body] POST https://cloudfunctions.googleapis.com/v2/projects/classtrack-bffb2/locations/asia-south1/functions {"error":{"code":400,"message":"Validation failed for trigger projects/classtrack-bffb2/locations/asia-south1/triggers/auditresourcewrite-633429: Invalid resource state for \"\": Permission denied while using the Eventarc Service Agent. If you recently started to use Eventarc, it may take a few minutes before all necessary permissions are propagated to the Service Agent. Otherwise, verify that it has Eventarc Service Agent role.","status":"FAILED_PRECONDITION"}}
[warn] !  functions: Request to https://cloudfunctions.googleapis.com/v2/projects/classtrack-bffb2/locations/asia-south1/functions?functionId=auditResourceWrite had HTTP Error: 400, Validation failed for trigger projects/classtrack-bffb2/locations/asia-south1/triggers/auditresourcewrite-633429: Invalid resource state for "": Permission denied while using the Eventarc Service Agent. If you recently started to use Eventarc, it may take a few minutes before all necessary permissions are propagated to the Service Agent. Otherwise, verify that it has Eventarc Service Agent role. 
[warn] !  functions: Since this is your first time using 2nd gen functions, we need a little bit longer to finish setting everything up. Retry the deployment in a few minutes. 
[warn] !  functions:  failed to create function projects/classtrack-bffb2/locations/asia-south1/functions/auditResourceWrite 
[error] Failed to create function projects/classtrack-bffb2/locations/asia-south1/functions/auditResourceWrite
[debug] [2026-08-08T06:02:20.515Z] <<< [apiv2][status] POST https://cloudfunctions.googleapis.com/v2/projects/classtrack-bffb2/locations/asia-south1/functions 400
[debug] [2026-08-08T06:02:20.515Z] <<< [apiv2][body] POST https://cloudfunctions.googleapis.com/v2/projects/classtrack-bffb2/locations/asia-south1/functions {"error":{"code":400,"message":"Validation failed for trigger projects/classtrack-bffb2/locations/asia-south1/triggers/sendqueuednotification-561760: Invalid resource state for \"\": Permission denied while using the Eventarc Service Agent. If you recently started to use Eventarc, it may take a few minutes before all necessary permissions are propagated to the Service Agent. Otherwise, verify that it has Eventarc Service Agent role.","status":"FAILED_PRECONDITION"}}
[warn] !  functions: Request to https://cloudfunctions.googleapis.com/v2/projects/classtrack-bffb2/locations/asia-south1/functions?functionId=sendQueuedNotification had HTTP Error: 400, Validation failed for trigger projects/classtrack-bffb2/locations/asia-south1/triggers/sendqueuednotification-561760: Invalid resource state for "": Permission denied while using the Eventarc Service Agent. If you recently started to use Eventarc, it may take a few minutes before all necessary permissions are propagated to the Service Agent. Otherwise, verify that it has Eventarc Service Agent role. 
[warn] !  functions: Since this is your first time using 2nd gen functions, we need a little bit longer to finish setting everything up. Retry the deployment in a few minutes. 
[warn] !  functions:  failed to create function projects/classtrack-bffb2/locations/asia-south1/functions/sendQueuedNotification 
[error] Failed to create function projects/classtrack-bffb2/locations/asia-south1/functions/sendQueuedNotification
[debug] [2026-08-08T06:02:20.525Z] <<< [apiv2][status] POST https://cloudfunctions.googleapis.com/v2/projects/classtrack-bffb2/locations/asia-south1/functions 400
[debug] [2026-08-08T06:02:20.526Z] <<< [apiv2][body] POST https://cloudfunctions.googleapis.com/v2/projects/classtrack-bffb2/locations/asia-south1/functions {"error":{"code":400,"message":"Validation failed for trigger projects/classtrack-bffb2/locations/asia-south1/triggers/auditcampaignwrite-039504: Invalid resource state for \"\": Permission denied while using the Eventarc Service Agent. If you recently started to use Eventarc, it may take a few minutes before all necessary permissions are propagated to the Service Agent. Otherwise, verify that it has Eventarc Service Agent role.","status":"FAILED_PRECONDITION"}}
[warn] !  functions: Request to https://cloudfunctions.googleapis.com/v2/projects/classtrack-bffb2/locations/asia-south1/functions?functionId=auditCampaignWrite had HTTP Error: 400, Validation failed for trigger projects/classtrack-bffb2/locations/asia-south1/triggers/auditcampaignwrite-039504: Invalid resource state for "": Permission denied while using the Eventarc Service Agent. If you recently started to use Eventarc, it may take a few minutes before all necessary permissions are propagated to the Service Agent. Otherwise, verify that it has Eventarc Service Agent role. 
[warn] !  functions: Since this is your first time using 2nd gen functions, we need a little bit longer to finish setting everything up. Retry the deployment in a few minutes. 
[warn] !  functions:  failed to create function projects/classtrack-bffb2/locations/asia-south1/functions/auditCampaignWrite 
[error] Failed to create function projects/classtrack-bffb2/locations/asia-south1/functions/auditCampaignWrite
[debug] [2026-08-08T06:02:26.736Z] [update-default-us-central1-chat] Retrying task index 0
[debug] [2026-08-08T06:02:26.737Z] Checked if tokens are valid: true, expires at: 1786172451007
[debug] [2026-08-08T06:02:26.737Z] Checked if tokens are valid: true, expires at: 1786172451007
[debug] [2026-08-08T06:02:26.737Z] >>> [apiv2][query] GET https://cloudfunctions.googleapis.com/v2/projects/classtrack-bffb2/locations/us-central1/operations/operation-1786168906070-65882db27b8ef-48b69bf9-303a84f6 [none]
[debug] [2026-08-08T06:02:27.376Z] <<< [apiv2][status] GET https://cloudfunctions.googleapis.com/v2/projects/classtrack-bffb2/locations/us-central1/operations/operation-1786168906070-65882db27b8ef-48b69bf9-303a84f6 200
[debug] [2026-08-08T06:02:27.376Z] <<< [apiv2][body] GET https://cloudfunctions.googleapis.com/v2/projects/classtrack-bffb2/locations/us-central1/operations/operation-1786168906070-65882db27b8ef-48b69bf9-303a84f6 {"name":"projects/classtrack-bffb2/locations/us-central1/operations/operation-1786168906070-65882db27b8ef-48b69bf9-303a84f6","metadata":{"@type":"type.googleapis.com/google.cloud.functions.v2.OperationMetadata","createTime":"2026-08-08T06:01:48.154954979Z","target":"projects/classtrack-bffb2/locations/us-central1/functions/chat","verb":"update","cancelRequested":false,"apiVersion":"v2","requestResource":{"@type":"type.googleapis.com/google.cloud.functions.v2.Function","name":"projects/classtrack-bffb2/locations/us-central1/functions/chat","buildConfig":{"runtime":"nodejs20","entryPoint":"chat","source":{"storageSource":{"bucket":"gcf-v2-sources-401205940629-us-central1","object":"chat/function-source.zip","generation":"1786168908060304"}},"environmentVariables":{"GOOGLE_NODE_RUN_SCRIPTS":""},"dockerRepository":"projects/classtrack-bffb2/locations/us-central1/repositories/gcf-artifacts","sourceProvenance":{"resolvedStorageSource":{"bucket":"gcf-v2-sources-401205940629-us-central1","object":"chat/function-source.zip","generation":"1786084744514744"}},"dockerRegistry":"ARTIFACT_REGISTRY","serviceAccount":"projects/classtrack-bffb2/serviceAccounts/401205940629-compute@developer.gserviceaccount.com","automaticUpdatePolicy":{}},"serviceConfig":{"service":"projects/classtrack-bffb2/locations/us-central1/services/chat","timeoutSeconds":120,"environmentVariables":{"FIREBASE_CONFIG":"{\"projectId\":\"classtrack-bffb2\",\"storageBucket\":\"classtrack-bffb2.firebasestorage.app\"}","GCLOUD_PROJECT":"classtrack-bffb2","EVENTARC_CLOUD_EVENT_SOURCE":"projects/classtrack-bffb2/locations/us-central1/services/chat","FUNCTION_TARGET":"chat","LOG_EXECUTION_ID":"true"},"ingressSettings":"ALLOW_ALL","uri":"https://chat-q72q4oy2na-uc.a.run.app","serviceAccountEmail":"401205940629-compute@developer.gserviceaccount.com","availableMemory":"512Mi","allTrafficOnLatestRevision":true,"secretEnvironmentVariables":[{"key":"GEMINI_API_KEY","projectId":"classtrack-bffb2","secret":"GEMINI_API_KEY","version":"3"}],"revision":"chat-00021-haj","maxInstanceRequestConcurrency":80,"availableCpu":"1"},"state":"ACTIVE","labels":{"deployment-tool":"cli-firebase","deployment-callable":"true","firebase-functions-hash":"c44cdee2b004b7c5edfd7c2dba60832cf4a17d7e"},"environment":"GEN_2","url":"https://us-central1-classtrack-bffb2.cloudfunctions.net/chat","satisfiesPzi":true},"stages":[{"name":"BUILD","message":"Build finished","state":"COMPLETE","resource":"projects/401205940629/locations/us-central1/builds/9fb7ed9e-fd47-4904-b78c-202e3335f58e","resourceUri":"https://console.cloud.google.com/cloud-build/builds;region=us-central1/9fb7ed9e-fd47-4904-b78c-202e3335f58e?project=401205940629"},{"name":"SERVICE","message":"Updating Cloud Run service","state":"IN_PROGRESS","resource":"projects/classtrack-bffb2/locations/us-central1/services/chat","resourceUri":"https://console.cloud.google.com/run/detail/us-central1/chat?project=classtrack-bffb2","stateMessages":[{"severity":"INFO","type":"CloudRunServiceNewRevisionTrafficInfo","message":"A new revision will be deployed serving with 100% traffic."}]}],"sourceToken":"Cldwcm9qZWN0cy80MDEyMDU5NDA2MjkvbG9jYXRpb25zL3VzLWNlbnRyYWwxL2J1aWxkcy85ZmI3ZWQ5ZS1mZDQ3LTQ5MDQtYjc4Yy0yMDJlMzMzNWY1OGUSaXVzLWNlbnRyYWwxLWRvY2tlci5wa2cuZGV2L2NsYXNzdHJhY2stYmZmYjIvZ2NmLWFydGlmYWN0cy9jbGFzc3RyYWNrLS1iZmZiMl9fdXMtLWNlbnRyYWwxX19jaGF0OnZlcnNpb25fMRiVo/PN1gsiPnByb2plY3RzL2NsYXNzdHJhY2stYmZmYjIvbG9jYXRpb25zL3VzLWNlbnRyYWwxL2Z1bmN0aW9ucy9jaGF0KgwI8Yzb0wYQuJCZrQEyCG5vZGVqczIwOnYKI2djci5pby9nYWUtcnVudGltZXMvbm9kZWpzMjA6c3RhYmxlEk91cy1jZW50cmFsMS1kb2NrZXIucGtnLmRldi9zZXJ2ZXJsZXNzLXJ1bnRpbWVzL2dvb2dsZS0yMi1mdWxsL3J1bnRpbWVzL25vZGVqczIwQAE=","operationType":"UPDATE_FUNCTION","buildName":"projects/401205940629/locations/us-central1/builds/9fb7ed9e-fd47-4904-b78c-202e3335f58e"},"done":false}
[debug] [2026-08-08T06:02:27.376Z] Got source token Cldwcm9qZWN0cy80MDEyMDU5NDA2MjkvbG9jYXRpb25zL3VzLWNlbnRyYWwxL2J1aWxkcy85ZmI3ZWQ5ZS1mZDQ3LTQ5MDQtYjc4Yy0yMDJlMzMzNWY1OGUSaXVzLWNlbnRyYWwxLWRvY2tlci5wa2cuZGV2L2NsYXNzdHJhY2stYmZmYjIvZ2NmLWFydGlmYWN0cy9jbGFzc3RyYWNrLS1iZmZiMl9fdXMtLWNlbnRyYWwxX19jaGF0OnZlcnNpb25fMRiVo/PN1gsiPnByb2plY3RzL2NsYXNzdHJhY2stYmZmYjIvbG9jYXRpb25zL3VzLWNlbnRyYWwxL2Z1bmN0aW9ucy9jaGF0KgwI8Yzb0wYQuJCZrQEyCG5vZGVqczIwOnYKI2djci5pby9nYWUtcnVudGltZXMvbm9kZWpzMjA6c3RhYmxlEk91cy1jZW50cmFsMS1kb2NrZXIucGtnLmRldi9zZXJ2ZXJsZXNzLXJ1bnRpbWVzL2dvb2dsZS0yMi1mdWxsL3J1bnRpbWVzL25vZGVqczIwQAE= for region us-central1
[debug] [2026-08-08T06:02:27.377Z] Checked if tokens are valid: true, expires at: 1786172451007
[debug] [2026-08-08T06:02:27.377Z] Checked if tokens are valid: true, expires at: 1786172451007
[debug] [2026-08-08T06:02:27.377Z] >>> [apiv2][query] PATCH https://cloudfunctions.googleapis.com/v2/projects/classtrack-bffb2/locations/us-central1/functions/parseSchedule updateMask=name%2CbuildConfig.runtime%2CbuildConfig.entryPoint%2CbuildConfig.source.storageSource.bucket%2CbuildConfig.source.storageSource.object%2CbuildConfig.environmentVariables%2CbuildConfig.sourceToken%2CserviceConfig.environmentVariables%2CserviceConfig.secretEnvironmentVariables%2CserviceConfig.ingressSettings%2CserviceConfig.timeoutSeconds%2CserviceConfig.serviceAccountEmail%2CserviceConfig.availableMemory%2CserviceConfig.minInstanceCount%2CserviceConfig.maxInstanceCount%2CserviceConfig.maxInstanceRequestConcurrency%2CserviceConfig.availableCpu%2CserviceConfig.vpcConnector%2CserviceConfig.vpcConnectorEgressSettings%2CserviceConfig.directVpcNetworkInterface%2CserviceConfig.directVpcEgress%2Clabels
[debug] [2026-08-08T06:02:27.377Z] >>> [apiv2][body] PATCH https://cloudfunctions.googleapis.com/v2/projects/classtrack-bffb2/locations/us-central1/functions/parseSchedule {"name":"projects/classtrack-bffb2/locations/us-central1/functions/parseSchedule","buildConfig":{"runtime":"nodejs20","entryPoint":"parseSchedule","source":{"storageSource":{"bucket":"gcf-v2-uploads-401205940629.asia-south1.cloudfunctions.appspot.com","object":"d9055c85-c7e6-4805-a921-ed9bd583147a.zip"}},"environmentVariables":{"GOOGLE_NODE_RUN_SCRIPTS":""},"sourceToken":"Cldwcm9qZWN0cy80MDEyMDU5NDA2MjkvbG9jYXRpb25zL3VzLWNlbnRyYWwxL2J1aWxkcy85ZmI3ZWQ5ZS1mZDQ3LTQ5MDQtYjc4Yy0yMDJlMzMzNWY1OGUSaXVzLWNlbnRyYWwxLWRvY2tlci5wa2cuZGV2L2NsYXNzdHJhY2stYmZmYjIvZ2NmLWFydGlmYWN0cy9jbGFzc3RyYWNrLS1iZmZiMl9fdXMtLWNlbnRyYWwxX19jaGF0OnZlcnNpb25fMRiVo/PN1gsiPnByb2plY3RzL2NsYXNzdHJhY2stYmZmYjIvbG9jYXRpb25zL3VzLWNlbnRyYWwxL2Z1bmN0aW9ucy9jaGF0KgwI8Yzb0wYQuJCZrQEyCG5vZGVqczIwOnYKI2djci5pby9nYWUtcnVudGltZXMvbm9kZWpzMjA6c3RhYmxlEk91cy1jZW50cmFsMS1kb2NrZXIucGtnLmRldi9zZXJ2ZXJsZXNzLXJ1bnRpbWVzL2dvb2dsZS0yMi1mdWxsL3J1bnRpbWVzL25vZGVqczIwQAE="},"serviceConfig":{"environmentVariables":{"FIREBASE_CONFIG":"{\"projectId\":\"classtrack-bffb2\",\"storageBucket\":\"classtrack-bffb2.firebasestorage.app\"}","GCLOUD_PROJECT":"classtrack-bffb2","EVENTARC_CLOUD_EVENT_SOURCE":"projects/classtrack-bffb2/locations/us-central1/services/parseSchedule","FUNCTION_TARGET":"parseSchedule","LOG_EXECUTION_ID":"true","FUNCTION_SIGNATURE_TYPE":"http"},"secretEnvironmentVariables":[{"key":"GEMINI_API_KEY","secret":"GEMINI_API_KEY","projectId":"classtrack-bffb2","version":"3"}],"ingressSettings":null,"timeoutSeconds":120,"serviceAccountEmail":null,"availableMemory":"512Mi","minInstanceCount":null,"maxInstanceCount":null,"maxInstanceRequestConcurrency":80,"availableCpu":"1","vpcConnector":null,"vpcConnectorEgressSettings":null,"directVpcNetworkInterface":null,"directVpcEgress":null},"labels":{"deployment-tool":"cli-firebase","deployment-callable":"true","firebase-functions-hash":"c44cdee2b004b7c5edfd7c2dba60832cf4a17d7e"}}
[debug] [2026-08-08T06:02:28.985Z] [create-default-us-central1-setUserRole] Retrying task index 0
[debug] [2026-08-08T06:02:28.985Z] Checked if tokens are valid: true, expires at: 1786172451007
[debug] [2026-08-08T06:02:28.985Z] Checked if tokens are valid: true, expires at: 1786172451007
[debug] [2026-08-08T06:02:28.985Z] >>> [apiv2][query] GET https://cloudfunctions.googleapis.com/v2/projects/classtrack-bffb2/locations/us-central1/operations/operation-1786168907007-65882db3605f4-3451facd-b77787b6 [none]
[debug] [2026-08-08T06:02:30.755Z] <<< [apiv2][status] GET https://cloudfunctions.googleapis.com/v2/projects/classtrack-bffb2/locations/us-central1/operations/operation-1786168907007-65882db3605f4-3451facd-b77787b6 200
[debug] [2026-08-08T06:02:30.756Z] <<< [apiv2][body] GET https://cloudfunctions.googleapis.com/v2/projects/classtrack-bffb2/locations/us-central1/operations/operation-1786168907007-65882db3605f4-3451facd-b77787b6 {"name":"projects/classtrack-bffb2/locations/us-central1/operations/operation-1786168907007-65882db3605f4-3451facd-b77787b6","metadata":{"@type":"type.googleapis.com/google.cloud.functions.v2.OperationMetadata","createTime":"2026-08-08T06:01:48.578650505Z","target":"projects/classtrack-bffb2/locations/us-central1/functions/setUserRole","verb":"create","cancelRequested":false,"apiVersion":"v2","requestResource":{"@type":"type.googleapis.com/google.cloud.functions.v2.Function","name":"projects/classtrack-bffb2/locations/us-central1/functions/setUserRole","buildConfig":{"runtime":"nodejs20","entryPoint":"setUserRole","source":{"storageSource":{"bucket":"gcf-v2-sources-401205940629-us-central1","object":"setUserRole/function-source.zip","generation":"1786168908252527"}},"environmentVariables":{"GOOGLE_NODE_RUN_SCRIPTS":""},"serviceAccount":"projects/classtrack-bffb2/serviceAccounts/401205940629-compute@developer.gserviceaccount.com","automaticUpdatePolicy":{}},"serviceConfig":{"service":"projects/classtrack-bffb2/locations/us-central1/services/setuserrole","timeoutSeconds":60,"environmentVariables":{"FIREBASE_CONFIG":"{\"projectId\":\"classtrack-bffb2\",\"storageBucket\":\"classtrack-bffb2.firebasestorage.app\"}","GCLOUD_PROJECT":"classtrack-bffb2","EVENTARC_CLOUD_EVENT_SOURCE":"projects/classtrack-bffb2/locations/us-central1/services/setUserRole","FUNCTION_TARGET":"setUserRole","LOG_EXECUTION_ID":"true"},"ingressSettings":"ALLOW_ALL","serviceAccountEmail":"401205940629-compute@developer.gserviceaccount.com","availableMemory":"256Mi","maxInstanceRequestConcurrency":80,"availableCpu":"1"},"labels":{"deployment-tool":"cli-firebase","deployment-callable":"true","firebase-functions-hash":"4e487aea94a5cc375eea913a222b4be2f168cf85"},"environment":"GEN_2"},"stages":[{"name":"BUILD","message":"Build in progress","state":"IN_PROGRESS","resource":"projects/401205940629/locations/us-central1/builds/59fb9d99-79f3-4fab-a530-fea6b936c187","resourceUri":"https://console.cloud.google.com/cloud-build/builds;region=us-central1/59fb9d99-79f3-4fab-a530-fea6b936c187?project=401205940629"},{"name":"SERVICE","state":"NOT_STARTED"}],"operationType":"CREATE_FUNCTION","buildName":"projects/401205940629/locations/us-central1/builds/59fb9d99-79f3-4fab-a530-fea6b936c187"},"done":false}
[debug] [2026-08-08T06:02:33.213Z] <<< [apiv2][status] PATCH https://cloudfunctions.googleapis.com/v2/projects/classtrack-bffb2/locations/us-central1/functions/parseSchedule 200
[debug] [2026-08-08T06:02:33.213Z] <<< [apiv2][body] PATCH https://cloudfunctions.googleapis.com/v2/projects/classtrack-bffb2/locations/us-central1/functions/parseSchedule {"name":"projects/classtrack-bffb2/locations/us-central1/operations/operation-1786168950483-65882ddcd6bd1-175aaf79-046a594f","metadata":{"@type":"type.googleapis.com/google.cloud.functions.v2.OperationMetadata","createTime":"2026-08-08T06:02:32.478315181Z","target":"projects/classtrack-bffb2/locations/us-central1/functions/parseSchedule","verb":"update","cancelRequested":false,"apiVersion":"v2"},"done":false}
[debug] [2026-08-08T06:02:33.214Z] Checked if tokens are valid: true, expires at: 1786172451007
[debug] [2026-08-08T06:02:33.214Z] Checked if tokens are valid: true, expires at: 1786172451007
[debug] [2026-08-08T06:02:33.214Z] >>> [apiv2][query] GET https://cloudfunctions.googleapis.com/v2/projects/classtrack-bffb2/locations/us-central1/operations/operation-1786168950483-65882ddcd6bd1-175aaf79-046a594f [none]
[debug] [2026-08-08T06:02:34.644Z] <<< [apiv2][status] GET https://cloudfunctions.googleapis.com/v2/projects/classtrack-bffb2/locations/us-central1/operations/operation-1786168950483-65882ddcd6bd1-175aaf79-046a594f 200
[debug] [2026-08-08T06:02:34.644Z] <<< [apiv2][body] GET https://cloudfunctions.googleapis.com/v2/projects/classtrack-bffb2/locations/us-central1/operations/operation-1786168950483-65882ddcd6bd1-175aaf79-046a594f {"name":"projects/classtrack-bffb2/locations/us-central1/operations/operation-1786168950483-65882ddcd6bd1-175aaf79-046a594f","metadata":{"@type":"type.googleapis.com/google.cloud.functions.v2.OperationMetadata","createTime":"2026-08-08T06:02:32.478315181Z","target":"projects/classtrack-bffb2/locations/us-central1/functions/parseSchedule","verb":"update","cancelRequested":false,"apiVersion":"v2","requestResource":{"@type":"type.googleapis.com/google.cloud.functions.v2.Function","name":"projects/classtrack-bffb2/locations/us-central1/functions/parseSchedule","buildConfig":{"runtime":"nodejs20","entryPoint":"parseSchedule","source":{"storageSource":{"bucket":"gcf-v2-sources-401205940629-us-central1","object":"parseSchedule/function-source.zip","generation":"1786168952417049"}},"environmentVariables":{"GOOGLE_NODE_RUN_SCRIPTS":""},"dockerRepository":"projects/classtrack-bffb2/locations/us-central1/repositories/gcf-artifacts","sourceProvenance":{"resolvedStorageSource":{"bucket":"gcf-v2-sources-401205940629-us-central1","object":"parseSchedule/function-source.zip","generation":"1786084807544795"}},"dockerRegistry":"ARTIFACT_REGISTRY","sourceToken":"Cldwcm9qZWN0cy80MDEyMDU5NDA2MjkvbG9jYXRpb25zL3VzLWNlbnRyYWwxL2J1aWxkcy85ZmI3ZWQ5ZS1mZDQ3LTQ5MDQtYjc4Yy0yMDJlMzMzNWY1OGUSaXVzLWNlbnRyYWwxLWRvY2tlci5wa2cuZGV2L2NsYXNzdHJhY2stYmZmYjIvZ2NmLWFydGlmYWN0cy9jbGFzc3RyYWNrLS1iZmZiMl9fdXMtLWNlbnRyYWwxX19jaGF0OnZlcnNpb25fMRiVo/PN1gsiPnByb2plY3RzL2NsYXNzdHJhY2stYmZmYjIvbG9jYXRpb25zL3VzLWNlbnRyYWwxL2Z1bmN0aW9ucy9jaGF0KgwI8Yzb0wYQuJCZrQEyCG5vZGVqczIwOnYKI2djci5pby9nYWUtcnVudGltZXMvbm9kZWpzMjA6c3RhYmxlEk91cy1jZW50cmFsMS1kb2NrZXIucGtnLmRldi9zZXJ2ZXJsZXNzLXJ1bnRpbWVzL2dvb2dsZS0yMi1mdWxsL3J1bnRpbWVzL25vZGVqczIwQAE=","serviceAccount":"projects/classtrack-bffb2/serviceAccounts/401205940629-compute@developer.gserviceaccount.com","automaticUpdatePolicy":{}},"serviceConfig":{"service":"projects/classtrack-bffb2/locations/us-central1/services/parseschedule","timeoutSeconds":120,"environmentVariables":{"FIREBASE_CONFIG":"{\"projectId\":\"classtrack-bffb2\",\"storageBucket\":\"classtrack-bffb2.firebasestorage.app\"}","GCLOUD_PROJECT":"classtrack-bffb2","EVENTARC_CLOUD_EVENT_SOURCE":"projects/classtrack-bffb2/locations/us-central1/services/parseSchedule","FUNCTION_TARGET":"parseSchedule","LOG_EXECUTION_ID":"true","FUNCTION_SIGNATURE_TYPE":"http"},"ingressSettings":"ALLOW_ALL","uri":"https://parseschedule-q72q4oy2na-uc.a.run.app","serviceAccountEmail":"401205940629-compute@developer.gserviceaccount.com","availableMemory":"512Mi","allTrafficOnLatestRevision":true,"secretEnvironmentVariables":[{"key":"GEMINI_API_KEY","projectId":"classtrack-bffb2","secret":"GEMINI_API_KEY","version":"3"}],"revision":"parseschedule-00020-lum","maxInstanceRequestConcurrency":80,"availableCpu":"1"},"state":"ACTIVE","labels":{"deployment-tool":"cli-firebase","deployment-callable":"true","firebase-functions-hash":"c44cdee2b004b7c5edfd7c2dba60832cf4a17d7e"},"environment":"GEN_2","url":"https://us-central1-classtrack-bffb2.cloudfunctions.net/parseSchedule","satisfiesPzi":true},"stages":[{"name":"BUILD","message":"Reusing build","state":"COMPLETE","resource":"projects/401205940629/locations/us-central1/builds/9fb7ed9e-fd47-4904-b78c-202e3335f58e","stateMessages":[{"severity":"WARNING","type":"BuildAnalysisWarning","message":"Node.js 20 is no longer supported by the Node.js community as of 30 April, 2026. Node.js 20 will be decommissioned on 2026-10-30. As of 2026-10-30 you will no longer be able to deploy your Cloud Functions using nodejs20. We recommend you to upgrade to the latest version of Node.js as soon as possible."}]},{"name":"SERVICE","message":"Updating Cloud Run service","state":"IN_PROGRESS","resource":"projects/classtrack-bffb2/locations/us-central1/services/parseschedule","resourceUri":"https://console.cloud.google.com/run/detail/us-central1/parseschedule?project=classtrack-bffb2","stateMessages":[{"severity":"INFO","type":"CloudRunServiceNewRevisionTrafficInfo","message":"A new revision will be deployed serving with 100% traffic."}]}],"sourceToken":"Cldwcm9qZWN0cy80MDEyMDU5NDA2MjkvbG9jYXRpb25zL3VzLWNlbnRyYWwxL2J1aWxkcy85ZmI3ZWQ5ZS1mZDQ3LTQ5MDQtYjc4Yy0yMDJlMzMzNWY1OGUSaXVzLWNlbnRyYWwxLWRvY2tlci5wa2cuZGV2L2NsYXNzdHJhY2stYmZmYjIvZ2NmLWFydGlmYWN0cy9jbGFzc3RyYWNrLS1iZmZiMl9fdXMtLWNlbnRyYWwxX19jaGF0OnZlcnNpb25fMRiVo/PN1gsiPnByb2plY3RzL2NsYXNzdHJhY2stYmZmYjIvbG9jYXRpb25zL3VzLWNlbnRyYWwxL2Z1bmN0aW9ucy9jaGF0KgwI8Yzb0wYQuJCZrQEyCG5vZGVqczIwOnYKI2djci5pby9nYWUtcnVudGltZXMvbm9kZWpzMjA6c3RhYmxlEk91cy1jZW50cmFsMS1kb2NrZXIucGtnLmRldi9zZXJ2ZXJsZXNzLXJ1bnRpbWVzL2dvb2dsZS0yMi1mdWxsL3J1bnRpbWVzL25vZGVqczIwQAE=","operationType":"UPDATE_FUNCTION","buildName":"projects/401205940629/locations/us-central1/builds/9fb7ed9e-fd47-4904-b78c-202e3335f58e"},"done":false}
[debug] [2026-08-08T06:02:34.645Z] Got source token Cldwcm9qZWN0cy80MDEyMDU5NDA2MjkvbG9jYXRpb25zL3VzLWNlbnRyYWwxL2J1aWxkcy85ZmI3ZWQ5ZS1mZDQ3LTQ5MDQtYjc4Yy0yMDJlMzMzNWY1OGUSaXVzLWNlbnRyYWwxLWRvY2tlci5wa2cuZGV2L2NsYXNzdHJhY2stYmZmYjIvZ2NmLWFydGlmYWN0cy9jbGFzc3RyYWNrLS1iZmZiMl9fdXMtLWNlbnRyYWwxX19jaGF0OnZlcnNpb25fMRiVo/PN1gsiPnByb2plY3RzL2NsYXNzdHJhY2stYmZmYjIvbG9jYXRpb25zL3VzLWNlbnRyYWwxL2Z1bmN0aW9ucy9jaGF0KgwI8Yzb0wYQuJCZrQEyCG5vZGVqczIwOnYKI2djci5pby9nYWUtcnVudGltZXMvbm9kZWpzMjA6c3RhYmxlEk91cy1jZW50cmFsMS1kb2NrZXIucGtnLmRldi9zZXJ2ZXJsZXNzLXJ1bnRpbWVzL2dvb2dsZS0yMi1mdWxsL3J1bnRpbWVzL25vZGVqczIwQAE= for region us-central1
[debug] [2026-08-08T06:02:35.145Z] [update-default-us-central1-parseSchedule] Retrying task index 0
[debug] [2026-08-08T06:02:35.146Z] Checked if tokens are valid: true, expires at: 1786172451007
[debug] [2026-08-08T06:02:35.146Z] Checked if tokens are valid: true, expires at: 1786172451007
[debug] [2026-08-08T06:02:35.146Z] >>> [apiv2][query] GET https://cloudfunctions.googleapis.com/v2/projects/classtrack-bffb2/locations/us-central1/operations/operation-1786168950483-65882ddcd6bd1-175aaf79-046a594f [none]
[debug] [2026-08-08T06:02:36.592Z] <<< [apiv2][status] GET https://cloudfunctions.googleapis.com/v2/projects/classtrack-bffb2/locations/us-central1/operations/operation-1786168950483-65882ddcd6bd1-175aaf79-046a594f 200
[debug] [2026-08-08T06:02:36.592Z] <<< [apiv2][body] GET https://cloudfunctions.googleapis.com/v2/projects/classtrack-bffb2/locations/us-central1/operations/operation-1786168950483-65882ddcd6bd1-175aaf79-046a594f {"name":"projects/classtrack-bffb2/locations/us-central1/operations/operation-1786168950483-65882ddcd6bd1-175aaf79-046a594f","metadata":{"@type":"type.googleapis.com/google.cloud.functions.v2.OperationMetadata","createTime":"2026-08-08T06:02:32.478315181Z","target":"projects/classtrack-bffb2/locations/us-central1/functions/parseSchedule","verb":"update","cancelRequested":false,"apiVersion":"v2","requestResource":{"@type":"type.googleapis.com/google.cloud.functions.v2.Function","name":"projects/classtrack-bffb2/locations/us-central1/functions/parseSchedule","buildConfig":{"runtime":"nodejs20","entryPoint":"parseSchedule","source":{"storageSource":{"bucket":"gcf-v2-sources-401205940629-us-central1","object":"parseSchedule/function-source.zip","generation":"1786168952417049"}},"environmentVariables":{"GOOGLE_NODE_RUN_SCRIPTS":""},"dockerRepository":"projects/classtrack-bffb2/locations/us-central1/repositories/gcf-artifacts","sourceProvenance":{"resolvedStorageSource":{"bucket":"gcf-v2-sources-401205940629-us-central1","object":"parseSchedule/function-source.zip","generation":"1786084807544795"}},"dockerRegistry":"ARTIFACT_REGISTRY","sourceToken":"Cldwcm9qZWN0cy80MDEyMDU5NDA2MjkvbG9jYXRpb25zL3VzLWNlbnRyYWwxL2J1aWxkcy85ZmI3ZWQ5ZS1mZDQ3LTQ5MDQtYjc4Yy0yMDJlMzMzNWY1OGUSaXVzLWNlbnRyYWwxLWRvY2tlci5wa2cuZGV2L2NsYXNzdHJhY2stYmZmYjIvZ2NmLWFydGlmYWN0cy9jbGFzc3RyYWNrLS1iZmZiMl9fdXMtLWNlbnRyYWwxX19jaGF0OnZlcnNpb25fMRiVo/PN1gsiPnByb2plY3RzL2NsYXNzdHJhY2stYmZmYjIvbG9jYXRpb25zL3VzLWNlbnRyYWwxL2Z1bmN0aW9ucy9jaGF0KgwI8Yzb0wYQuJCZrQEyCG5vZGVqczIwOnYKI2djci5pby9nYWUtcnVudGltZXMvbm9kZWpzMjA6c3RhYmxlEk91cy1jZW50cmFsMS1kb2NrZXIucGtnLmRldi9zZXJ2ZXJsZXNzLXJ1bnRpbWVzL2dvb2dsZS0yMi1mdWxsL3J1bnRpbWVzL25vZGVqczIwQAE=","serviceAccount":"projects/classtrack-bffb2/serviceAccounts/401205940629-compute@developer.gserviceaccount.com","automaticUpdatePolicy":{}},"serviceConfig":{"service":"projects/classtrack-bffb2/locations/us-central1/services/parseschedule","timeoutSeconds":120,"environmentVariables":{"FIREBASE_CONFIG":"{\"projectId\":\"classtrack-bffb2\",\"storageBucket\":\"classtrack-bffb2.firebasestorage.app\"}","GCLOUD_PROJECT":"classtrack-bffb2","EVENTARC_CLOUD_EVENT_SOURCE":"projects/classtrack-bffb2/locations/us-central1/services/parseSchedule","FUNCTION_TARGET":"parseSchedule","LOG_EXECUTION_ID":"true","FUNCTION_SIGNATURE_TYPE":"http"},"ingressSettings":"ALLOW_ALL","uri":"https://parseschedule-q72q4oy2na-uc.a.run.app","serviceAccountEmail":"401205940629-compute@developer.gserviceaccount.com","availableMemory":"512Mi","allTrafficOnLatestRevision":true,"secretEnvironmentVariables":[{"key":"GEMINI_API_KEY","projectId":"classtrack-bffb2","secret":"GEMINI_API_KEY","version":"3"}],"revision":"parseschedule-00020-lum","maxInstanceRequestConcurrency":80,"availableCpu":"1"},"state":"ACTIVE","labels":{"deployment-tool":"cli-firebase","deployment-callable":"true","firebase-functions-hash":"c44cdee2b004b7c5edfd7c2dba60832cf4a17d7e"},"environment":"GEN_2","url":"https://us-central1-classtrack-bffb2.cloudfunctions.net/parseSchedule","satisfiesPzi":true},"stages":[{"name":"BUILD","message":"Reusing build","state":"COMPLETE","resource":"projects/401205940629/locations/us-central1/builds/9fb7ed9e-fd47-4904-b78c-202e3335f58e","stateMessages":[{"severity":"WARNING","type":"BuildAnalysisWarning","message":"Node.js 20 is no longer supported by the Node.js community as of 30 April, 2026. Node.js 20 will be decommissioned on 2026-10-30. As of 2026-10-30 you will no longer be able to deploy your Cloud Functions using nodejs20. We recommend you to upgrade to the latest version of Node.js as soon as possible."}]},{"name":"SERVICE","message":"Updating Cloud Run service","state":"IN_PROGRESS","resource":"projects/classtrack-bffb2/locations/us-central1/services/parseschedule","resourceUri":"https://console.cloud.google.com/run/detail/us-central1/parseschedule?project=classtrack-bffb2","stateMessages":[{"severity":"INFO","type":"CloudRunServiceNewRevisionTrafficInfo","message":"A new revision will be deployed serving with 100% traffic."}]}],"sourceToken":"Cldwcm9qZWN0cy80MDEyMDU5NDA2MjkvbG9jYXRpb25zL3VzLWNlbnRyYWwxL2J1aWxkcy85ZmI3ZWQ5ZS1mZDQ3LTQ5MDQtYjc4Yy0yMDJlMzMzNWY1OGUSaXVzLWNlbnRyYWwxLWRvY2tlci5wa2cuZGV2L2NsYXNzdHJhY2stYmZmYjIvZ2NmLWFydGlmYWN0cy9jbGFzc3RyYWNrLS1iZmZiMl9fdXMtLWNlbnRyYWwxX19jaGF0OnZlcnNpb25fMRiVo/PN1gsiPnByb2plY3RzL2NsYXNzdHJhY2stYmZmYjIvbG9jYXRpb25zL3VzLWNlbnRyYWwxL2Z1bmN0aW9ucy9jaGF0KgwI8Yzb0wYQuJCZrQEyCG5vZGVqczIwOnYKI2djci5pby9nYWUtcnVudGltZXMvbm9kZWpzMjA6c3RhYmxlEk91cy1jZW50cmFsMS1kb2NrZXIucGtnLmRldi9zZXJ2ZXJsZXNzLXJ1bnRpbWVzL2dvb2dsZS0yMi1mdWxsL3J1bnRpbWVzL25vZGVqczIwQAE=","operationType":"UPDATE_FUNCTION","buildName":"projects/401205940629/locations/us-central1/builds/9fb7ed9e-fd47-4904-b78c-202e3335f58e"},"done":false}
[debug] [2026-08-08T06:02:36.592Z] Got source token Cldwcm9qZWN0cy80MDEyMDU5NDA2MjkvbG9jYXRpb25zL3VzLWNlbnRyYWwxL2J1aWxkcy85ZmI3ZWQ5ZS1mZDQ3LTQ5MDQtYjc4Yy0yMDJlMzMzNWY1OGUSaXVzLWNlbnRyYWwxLWRvY2tlci5wa2cuZGV2L2NsYXNzdHJhY2stYmZmYjIvZ2NmLWFydGlmYWN0cy9jbGFzc3RyYWNrLS1iZmZiMl9fdXMtLWNlbnRyYWwxX19jaGF0OnZlcnNpb25fMRiVo/PN1gsiPnByb2plY3RzL2NsYXNzdHJhY2stYmZmYjIvbG9jYXRpb25zL3VzLWNlbnRyYWwxL2Z1bmN0aW9ucy9jaGF0KgwI8Yzb0wYQuJCZrQEyCG5vZGVqczIwOnYKI2djci5pby9nYWUtcnVudGltZXMvbm9kZWpzMjA6c3RhYmxlEk91cy1jZW50cmFsMS1kb2NrZXIucGtnLmRldi9zZXJ2ZXJsZXNzLXJ1bnRpbWVzL2dvb2dsZS0yMi1mdWxsL3J1bnRpbWVzL25vZGVqczIwQAE= for region us-central1
[debug] [2026-08-08T06:02:37.380Z] [update-default-us-central1-chat] Retrying task index 0
[debug] [2026-08-08T06:02:37.380Z] Checked if tokens are valid: true, expires at: 1786172451007
[debug] [2026-08-08T06:02:37.380Z] Checked if tokens are valid: true, expires at: 1786172451007
[debug] [2026-08-08T06:02:37.380Z] >>> [apiv2][query] GET https://cloudfunctions.googleapis.com/v2/projects/classtrack-bffb2/locations/us-central1/operations/operation-1786168906070-65882db27b8ef-48b69bf9-303a84f6 [none]
[debug] [2026-08-08T06:02:37.599Z] [update-default-us-central1-parseSchedule] Retrying task index 0
[debug] [2026-08-08T06:02:37.600Z] Checked if tokens are valid: true, expires at: 1786172451007
[debug] [2026-08-08T06:02:37.600Z] Checked if tokens are valid: true, expires at: 1786172451007
[debug] [2026-08-08T06:02:37.600Z] >>> [apiv2][query] GET https://cloudfunctions.googleapis.com/v2/projects/classtrack-bffb2/locations/us-central1/operations/operation-1786168950483-65882ddcd6bd1-175aaf79-046a594f [none]
[debug] [2026-08-08T06:02:38.844Z] <<< [apiv2][status] GET https://cloudfunctions.googleapis.com/v2/projects/classtrack-bffb2/locations/us-central1/operations/operation-1786168906070-65882db27b8ef-48b69bf9-303a84f6 200
[debug] [2026-08-08T06:02:38.844Z] <<< [apiv2][body] GET https://cloudfunctions.googleapis.com/v2/projects/classtrack-bffb2/locations/us-central1/operations/operation-1786168906070-65882db27b8ef-48b69bf9-303a84f6 {"name":"projects/classtrack-bffb2/locations/us-central1/operations/operation-1786168906070-65882db27b8ef-48b69bf9-303a84f6","metadata":{"@type":"type.googleapis.com/google.cloud.functions.v2.OperationMetadata","createTime":"2026-08-08T06:01:48.154954979Z","endTime":"2026-08-08T06:02:32.818517244Z","target":"projects/classtrack-bffb2/locations/us-central1/functions/chat","verb":"update","cancelRequested":false,"apiVersion":"v2","requestResource":{"@type":"type.googleapis.com/google.cloud.functions.v2.Function","name":"projects/classtrack-bffb2/locations/us-central1/functions/chat","buildConfig":{"runtime":"nodejs20","entryPoint":"chat","source":{"storageSource":{"bucket":"gcf-v2-sources-401205940629-us-central1","object":"chat/function-source.zip","generation":"1786168908060304"}},"environmentVariables":{"GOOGLE_NODE_RUN_SCRIPTS":""},"dockerRepository":"projects/classtrack-bffb2/locations/us-central1/repositories/gcf-artifacts","sourceProvenance":{"resolvedStorageSource":{"bucket":"gcf-v2-sources-401205940629-us-central1","object":"chat/function-source.zip","generation":"1786084744514744"}},"dockerRegistry":"ARTIFACT_REGISTRY","serviceAccount":"projects/classtrack-bffb2/serviceAccounts/401205940629-compute@developer.gserviceaccount.com","automaticUpdatePolicy":{}},"serviceConfig":{"service":"projects/classtrack-bffb2/locations/us-central1/services/chat","timeoutSeconds":120,"environmentVariables":{"FIREBASE_CONFIG":"{\"projectId\":\"classtrack-bffb2\",\"storageBucket\":\"classtrack-bffb2.firebasestorage.app\"}","GCLOUD_PROJECT":"classtrack-bffb2","EVENTARC_CLOUD_EVENT_SOURCE":"projects/classtrack-bffb2/locations/us-central1/services/chat","FUNCTION_TARGET":"chat","LOG_EXECUTION_ID":"true"},"ingressSettings":"ALLOW_ALL","uri":"https://chat-q72q4oy2na-uc.a.run.app","serviceAccountEmail":"401205940629-compute@developer.gserviceaccount.com","availableMemory":"512Mi","allTrafficOnLatestRevision":true,"secretEnvironmentVariables":[{"key":"GEMINI_API_KEY","projectId":"classtrack-bffb2","secret":"GEMINI_API_KEY","version":"3"}],"revision":"chat-00021-haj","maxInstanceRequestConcurrency":80,"availableCpu":"1"},"state":"ACTIVE","labels":{"deployment-tool":"cli-firebase","deployment-callable":"true","firebase-functions-hash":"c44cdee2b004b7c5edfd7c2dba60832cf4a17d7e"},"environment":"GEN_2","url":"https://us-central1-classtrack-bffb2.cloudfunctions.net/chat","satisfiesPzi":true},"stages":[{"name":"BUILD","message":"Build finished","state":"COMPLETE","resource":"projects/401205940629/locations/us-central1/builds/9fb7ed9e-fd47-4904-b78c-202e3335f58e","resourceUri":"https://console.cloud.google.com/cloud-build/builds;region=us-central1/9fb7ed9e-fd47-4904-b78c-202e3335f58e?project=401205940629"},{"name":"SERVICE","message":"Updating Cloud Run service","state":"COMPLETE","resource":"projects/classtrack-bffb2/locations/us-central1/services/chat","resourceUri":"https://console.cloud.google.com/run/detail/us-central1/chat?project=classtrack-bffb2","stateMessages":[{"severity":"INFO","type":"CloudRunServiceNewRevisionTrafficInfo","message":"A new revision will be deployed serving with 100% traffic."}]}],"sourceToken":"Cldwcm9qZWN0cy80MDEyMDU5NDA2MjkvbG9jYXRpb25zL3VzLWNlbnRyYWwxL2J1aWxkcy85ZmI3ZWQ5ZS1mZDQ3LTQ5MDQtYjc4Yy0yMDJlMzMzNWY1OGUSaXVzLWNlbnRyYWwxLWRvY2tlci5wa2cuZGV2L2NsYXNzdHJhY2stYmZmYjIvZ2NmLWFydGlmYWN0cy9jbGFzc3RyYWNrLS1iZmZiMl9fdXMtLWNlbnRyYWwxX19jaGF0OnZlcnNpb25fMRiVo/PN1gsiPnByb2plY3RzL2NsYXNzdHJhY2stYmZmYjIvbG9jYXRpb25zL3VzLWNlbnRyYWwxL2Z1bmN0aW9ucy9jaGF0KgwI8Yzb0wYQuJCZrQEyCG5vZGVqczIwOnYKI2djci5pby9nYWUtcnVudGltZXMvbm9kZWpzMjA6c3RhYmxlEk91cy1jZW50cmFsMS1kb2NrZXIucGtnLmRldi9zZXJ2ZXJsZXNzLXJ1bnRpbWVzL2dvb2dsZS0yMi1mdWxsL3J1bnRpbWVzL25vZGVqczIwQAE=","operationType":"UPDATE_FUNCTION","buildName":"projects/401205940629/locations/us-central1/builds/9fb7ed9e-fd47-4904-b78c-202e3335f58e"},"done":true,"response":{"@type":"type.googleapis.com/google.cloud.functions.v2.Function","name":"projects/classtrack-bffb2/locations/us-central1/functions/chat","buildConfig":{"build":"projects/401205940629/locations/us-central1/builds/9fb7ed9e-fd47-4904-b78c-202e3335f58e","runtime":"nodejs20","entryPoint":"chat","source":{"storageSource":{"bucket":"gcf-v2-sources-401205940629-us-central1","object":"chat/function-source.zip","generation":"1786168908060304"}},"environmentVariables":{"GOOGLE_NODE_RUN_SCRIPTS":""},"dockerRepository":"projects/classtrack-bffb2/locations/us-central1/repositories/gcf-artifacts","sourceProvenance":{"resolvedStorageSource":{"bucket":"gcf-v2-sources-401205940629-us-central1","object":"chat/function-source.zip","generation":"1786168908060304"}},"dockerRegistry":"ARTIFACT_REGISTRY","serviceAccount":"projects/classtrack-bffb2/serviceAccounts/401205940629-compute@developer.gserviceaccount.com","automaticUpdatePolicy":{}},"serviceConfig":{"service":"projects/classtrack-bffb2/locations/us-central1/services/chat","timeoutSeconds":120,"environmentVariables":{"FIREBASE_CONFIG":"{\"projectId\":\"classtrack-bffb2\",\"storageBucket\":\"classtrack-bffb2.firebasestorage.app\"}","GCLOUD_PROJECT":"classtrack-bffb2","EVENTARC_CLOUD_EVENT_SOURCE":"projects/classtrack-bffb2/locations/us-central1/services/chat","FUNCTION_TARGET":"chat","LOG_EXECUTION_ID":"true"},"maxInstanceCount":20,"ingressSettings":"ALLOW_ALL","uri":"https://chat-q72q4oy2na-uc.a.run.app","serviceAccountEmail":"401205940629-compute@developer.gserviceaccount.com","availableMemory":"512Mi","allTrafficOnLatestRevision":true,"secretEnvironmentVariables":[{"key":"GEMINI_API_KEY","projectId":"classtrack-bffb2","secret":"GEMINI_API_KEY","version":"3"}],"revision":"chat-00022-yoj","maxInstanceRequestConcurrency":80,"availableCpu":"1"},"state":"ACTIVE","updateTime":"2026-08-08T06:01:48.158871896Z","labels":{"deployment-tool":"cli-firebase","deployment-callable":"true","firebase-functions-hash":"c44cdee2b004b7c5edfd7c2dba60832cf4a17d7e"},"environment":"GEN_2","url":"https://us-central1-classtrack-bffb2.cloudfunctions.net/chat","createTime":"2026-07-19T09:00:48.316743164Z","satisfiesPzi":true}}
[debug] [2026-08-08T06:02:38.844Z] Got source token Cldwcm9qZWN0cy80MDEyMDU5NDA2MjkvbG9jYXRpb25zL3VzLWNlbnRyYWwxL2J1aWxkcy85ZmI3ZWQ5ZS1mZDQ3LTQ5MDQtYjc4Yy0yMDJlMzMzNWY1OGUSaXVzLWNlbnRyYWwxLWRvY2tlci5wa2cuZGV2L2NsYXNzdHJhY2stYmZmYjIvZ2NmLWFydGlmYWN0cy9jbGFzc3RyYWNrLS1iZmZiMl9fdXMtLWNlbnRyYWwxX19jaGF0OnZlcnNpb25fMRiVo/PN1gsiPnByb2plY3RzL2NsYXNzdHJhY2stYmZmYjIvbG9jYXRpb25zL3VzLWNlbnRyYWwxL2Z1bmN0aW9ucy9jaGF0KgwI8Yzb0wYQuJCZrQEyCG5vZGVqczIwOnYKI2djci5pby9nYWUtcnVudGltZXMvbm9kZWpzMjA6c3RhYmxlEk91cy1jZW50cmFsMS1kb2NrZXIucGtnLmRldi9zZXJ2ZXJsZXNzLXJ1bnRpbWVzL2dvb2dsZS0yMi1mdWxsL3J1bnRpbWVzL25vZGVqczIwQAE= for region us-central1
[info] +  functions[chat(us-central1)] Successful update operation. 
[debug] [2026-08-08T06:02:39.202Z] <<< [apiv2][status] GET https://cloudfunctions.googleapis.com/v2/projects/classtrack-bffb2/locations/us-central1/operations/operation-1786168950483-65882ddcd6bd1-175aaf79-046a594f 200
[debug] [2026-08-08T06:02:39.202Z] <<< [apiv2][body] GET https://cloudfunctions.googleapis.com/v2/projects/classtrack-bffb2/locations/us-central1/operations/operation-1786168950483-65882ddcd6bd1-175aaf79-046a594f {"name":"projects/classtrack-bffb2/locations/us-central1/operations/operation-1786168950483-65882ddcd6bd1-175aaf79-046a594f","metadata":{"@type":"type.googleapis.com/google.cloud.functions.v2.OperationMetadata","createTime":"2026-08-08T06:02:32.478315181Z","target":"projects/classtrack-bffb2/locations/us-central1/functions/parseSchedule","verb":"update","cancelRequested":false,"apiVersion":"v2","requestResource":{"@type":"type.googleapis.com/google.cloud.functions.v2.Function","name":"projects/classtrack-bffb2/locations/us-central1/functions/parseSchedule","buildConfig":{"runtime":"nodejs20","entryPoint":"parseSchedule","source":{"storageSource":{"bucket":"gcf-v2-sources-401205940629-us-central1","object":"parseSchedule/function-source.zip","generation":"1786168952417049"}},"environmentVariables":{"GOOGLE_NODE_RUN_SCRIPTS":""},"dockerRepository":"projects/classtrack-bffb2/locations/us-central1/repositories/gcf-artifacts","sourceProvenance":{"resolvedStorageSource":{"bucket":"gcf-v2-sources-401205940629-us-central1","object":"parseSchedule/function-source.zip","generation":"1786084807544795"}},"dockerRegistry":"ARTIFACT_REGISTRY","sourceToken":"Cldwcm9qZWN0cy80MDEyMDU5NDA2MjkvbG9jYXRpb25zL3VzLWNlbnRyYWwxL2J1aWxkcy85ZmI3ZWQ5ZS1mZDQ3LTQ5MDQtYjc4Yy0yMDJlMzMzNWY1OGUSaXVzLWNlbnRyYWwxLWRvY2tlci5wa2cuZGV2L2NsYXNzdHJhY2stYmZmYjIvZ2NmLWFydGlmYWN0cy9jbGFzc3RyYWNrLS1iZmZiMl9fdXMtLWNlbnRyYWwxX19jaGF0OnZlcnNpb25fMRiVo/PN1gsiPnByb2plY3RzL2NsYXNzdHJhY2stYmZmYjIvbG9jYXRpb25zL3VzLWNlbnRyYWwxL2Z1bmN0aW9ucy9jaGF0KgwI8Yzb0wYQuJCZrQEyCG5vZGVqczIwOnYKI2djci5pby9nYWUtcnVudGltZXMvbm9kZWpzMjA6c3RhYmxlEk91cy1jZW50cmFsMS1kb2NrZXIucGtnLmRldi9zZXJ2ZXJsZXNzLXJ1bnRpbWVzL2dvb2dsZS0yMi1mdWxsL3J1bnRpbWVzL25vZGVqczIwQAE=","serviceAccount":"projects/classtrack-bffb2/serviceAccounts/401205940629-compute@developer.gserviceaccount.com","automaticUpdatePolicy":{}},"serviceConfig":{"service":"projects/classtrack-bffb2/locations/us-central1/services/parseschedule","timeoutSeconds":120,"environmentVariables":{"FIREBASE_CONFIG":"{\"projectId\":\"classtrack-bffb2\",\"storageBucket\":\"classtrack-bffb2.firebasestorage.app\"}","GCLOUD_PROJECT":"classtrack-bffb2","EVENTARC_CLOUD_EVENT_SOURCE":"projects/classtrack-bffb2/locations/us-central1/services/parseSchedule","FUNCTION_TARGET":"parseSchedule","LOG_EXECUTION_ID":"true","FUNCTION_SIGNATURE_TYPE":"http"},"ingressSettings":"ALLOW_ALL","uri":"https://parseschedule-q72q4oy2na-uc.a.run.app","serviceAccountEmail":"401205940629-compute@developer.gserviceaccount.com","availableMemory":"512Mi","allTrafficOnLatestRevision":true,"secretEnvironmentVariables":[{"key":"GEMINI_API_KEY","projectId":"classtrack-bffb2","secret":"GEMINI_API_KEY","version":"3"}],"revision":"parseschedule-00020-lum","maxInstanceRequestConcurrency":80,"availableCpu":"1"},"state":"ACTIVE","labels":{"deployment-tool":"cli-firebase","deployment-callable":"true","firebase-functions-hash":"c44cdee2b004b7c5edfd7c2dba60832cf4a17d7e"},"environment":"GEN_2","url":"https://us-central1-classtrack-bffb2.cloudfunctions.net/parseSchedule","satisfiesPzi":true},"stages":[{"name":"BUILD","message":"Reusing build","state":"COMPLETE","resource":"projects/401205940629/locations/us-central1/builds/9fb7ed9e-fd47-4904-b78c-202e3335f58e","stateMessages":[{"severity":"WARNING","type":"BuildAnalysisWarning","message":"Node.js 20 is no longer supported by the Node.js community as of 30 April, 2026. Node.js 20 will be decommissioned on 2026-10-30. As of 2026-10-30 you will no longer be able to deploy your Cloud Functions using nodejs20. We recommend you to upgrade to the latest version of Node.js as soon as possible."}]},{"name":"SERVICE","message":"Updating Cloud Run service","state":"IN_PROGRESS","resource":"projects/classtrack-bffb2/locations/us-central1/services/parseschedule","resourceUri":"https://console.cloud.google.com/run/detail/us-central1/parseschedule?project=classtrack-bffb2","stateMessages":[{"severity":"INFO","type":"CloudRunServiceNewRevisionTrafficInfo","message":"A new revision will be deployed serving with 100% traffic."}]}],"sourceToken":"Cldwcm9qZWN0cy80MDEyMDU5NDA2MjkvbG9jYXRpb25zL3VzLWNlbnRyYWwxL2J1aWxkcy85ZmI3ZWQ5ZS1mZDQ3LTQ5MDQtYjc4Yy0yMDJlMzMzNWY1OGUSaXVzLWNlbnRyYWwxLWRvY2tlci5wa2cuZGV2L2NsYXNzdHJhY2stYmZmYjIvZ2NmLWFydGlmYWN0cy9jbGFzc3RyYWNrLS1iZmZiMl9fdXMtLWNlbnRyYWwxX19jaGF0OnZlcnNpb25fMRiVo/PN1gsiPnByb2plY3RzL2NsYXNzdHJhY2stYmZmYjIvbG9jYXRpb25zL3VzLWNlbnRyYWwxL2Z1bmN0aW9ucy9jaGF0KgwI8Yzb0wYQuJCZrQEyCG5vZGVqczIwOnYKI2djci5pby9nYWUtcnVudGltZXMvbm9kZWpzMjA6c3RhYmxlEk91cy1jZW50cmFsMS1kb2NrZXIucGtnLmRldi9zZXJ2ZXJsZXNzLXJ1bnRpbWVzL2dvb2dsZS0yMi1mdWxsL3J1bnRpbWVzL25vZGVqczIwQAE=","operationType":"UPDATE_FUNCTION","buildName":"projects/401205940629/locations/us-central1/builds/9fb7ed9e-fd47-4904-b78c-202e3335f58e"},"done":false}
[debug] [2026-08-08T06:02:39.202Z] Got source token Cldwcm9qZWN0cy80MDEyMDU5NDA2MjkvbG9jYXRpb25zL3VzLWNlbnRyYWwxL2J1aWxkcy85ZmI3ZWQ5ZS1mZDQ3LTQ5MDQtYjc4Yy0yMDJlMzMzNWY1OGUSaXVzLWNlbnRyYWwxLWRvY2tlci5wa2cuZGV2L2NsYXNzdHJhY2stYmZmYjIvZ2NmLWFydGlmYWN0cy9jbGFzc3RyYWNrLS1iZmZiMl9fdXMtLWNlbnRyYWwxX19jaGF0OnZlcnNpb25fMRiVo/PN1gsiPnByb2plY3RzL2NsYXNzdHJhY2stYmZmYjIvbG9jYXRpb25zL3VzLWNlbnRyYWwxL2Z1bmN0aW9ucy9jaGF0KgwI8Yzb0wYQuJCZrQEyCG5vZGVqczIwOnYKI2djci5pby9nYWUtcnVudGltZXMvbm9kZWpzMjA6c3RhYmxlEk91cy1jZW50cmFsMS1kb2NrZXIucGtnLmRldi9zZXJ2ZXJsZXNzLXJ1bnRpbWVzL2dvb2dsZS0yMi1mdWxsL3J1bnRpbWVzL25vZGVqczIwQAE= for region us-central1
[debug] [2026-08-08T06:02:40.768Z] [create-default-us-central1-setUserRole] Retrying task index 0
[debug] [2026-08-08T06:02:40.768Z] Checked if tokens are valid: true, expires at: 1786172451007
[debug] [2026-08-08T06:02:40.768Z] Checked if tokens are valid: true, expires at: 1786172451007
[debug] [2026-08-08T06:02:40.769Z] >>> [apiv2][query] GET https://cloudfunctions.googleapis.com/v2/projects/classtrack-bffb2/locations/us-central1/operations/operation-1786168907007-65882db3605f4-3451facd-b77787b6 [none]
[debug] [2026-08-08T06:02:41.208Z] [update-default-us-central1-parseSchedule] Retrying task index 0
[debug] [2026-08-08T06:02:41.208Z] Checked if tokens are valid: true, expires at: 1786172451007
[debug] [2026-08-08T06:02:41.208Z] Checked if tokens are valid: true, expires at: 1786172451007
[debug] [2026-08-08T06:02:41.208Z] >>> [apiv2][query] GET https://cloudfunctions.googleapis.com/v2/projects/classtrack-bffb2/locations/us-central1/operations/operation-1786168950483-65882ddcd6bd1-175aaf79-046a594f [none]
[debug] [2026-08-08T06:02:42.223Z] <<< [apiv2][status] GET https://cloudfunctions.googleapis.com/v2/projects/classtrack-bffb2/locations/us-central1/operations/operation-1786168907007-65882db3605f4-3451facd-b77787b6 200
[debug] [2026-08-08T06:02:42.223Z] <<< [apiv2][body] GET https://cloudfunctions.googleapis.com/v2/projects/classtrack-bffb2/locations/us-central1/operations/operation-1786168907007-65882db3605f4-3451facd-b77787b6 {"name":"projects/classtrack-bffb2/locations/us-central1/operations/operation-1786168907007-65882db3605f4-3451facd-b77787b6","metadata":{"@type":"type.googleapis.com/google.cloud.functions.v2.OperationMetadata","createTime":"2026-08-08T06:01:48.578650505Z","target":"projects/classtrack-bffb2/locations/us-central1/functions/setUserRole","verb":"create","cancelRequested":false,"apiVersion":"v2","requestResource":{"@type":"type.googleapis.com/google.cloud.functions.v2.Function","name":"projects/classtrack-bffb2/locations/us-central1/functions/setUserRole","buildConfig":{"runtime":"nodejs20","entryPoint":"setUserRole","source":{"storageSource":{"bucket":"gcf-v2-sources-401205940629-us-central1","object":"setUserRole/function-source.zip","generation":"1786168908252527"}},"environmentVariables":{"GOOGLE_NODE_RUN_SCRIPTS":""},"serviceAccount":"projects/classtrack-bffb2/serviceAccounts/401205940629-compute@developer.gserviceaccount.com","automaticUpdatePolicy":{}},"serviceConfig":{"service":"projects/classtrack-bffb2/locations/us-central1/services/setuserrole","timeoutSeconds":60,"environmentVariables":{"FIREBASE_CONFIG":"{\"projectId\":\"classtrack-bffb2\",\"storageBucket\":\"classtrack-bffb2.firebasestorage.app\"}","GCLOUD_PROJECT":"classtrack-bffb2","EVENTARC_CLOUD_EVENT_SOURCE":"projects/classtrack-bffb2/locations/us-central1/services/setUserRole","FUNCTION_TARGET":"setUserRole","LOG_EXECUTION_ID":"true"},"ingressSettings":"ALLOW_ALL","serviceAccountEmail":"401205940629-compute@developer.gserviceaccount.com","availableMemory":"256Mi","maxInstanceRequestConcurrency":80,"availableCpu":"1"},"labels":{"deployment-tool":"cli-firebase","deployment-callable":"true","firebase-functions-hash":"4e487aea94a5cc375eea913a222b4be2f168cf85"},"environment":"GEN_2"},"stages":[{"name":"BUILD","message":"Build finished","state":"COMPLETE","resource":"projects/401205940629/locations/us-central1/builds/59fb9d99-79f3-4fab-a530-fea6b936c187","resourceUri":"https://console.cloud.google.com/cloud-build/builds;region=us-central1/59fb9d99-79f3-4fab-a530-fea6b936c187?project=401205940629"},{"name":"SERVICE","message":"Creating Cloud Run service","state":"IN_PROGRESS","resource":"projects/classtrack-bffb2/locations/us-central1/services/setuserrole","resourceUri":"https://console.cloud.google.com/run/detail/us-central1/setuserrole?project=classtrack-bffb2"}],"sourceToken":"Cldwcm9qZWN0cy80MDEyMDU5NDA2MjkvbG9jYXRpb25zL3VzLWNlbnRyYWwxL2J1aWxkcy81OWZiOWQ5OS03OWYzLTRmYWItYTUzMC1mZWE2YjkzNmMxODcScnVzLWNlbnRyYWwxLWRvY2tlci5wa2cuZGV2L2NsYXNzdHJhY2stYmZmYjIvZ2NmLWFydGlmYWN0cy9jbGFzc3RyYWNrLS1iZmZiMl9fdXMtLWNlbnRyYWwxX19zZXRfdXNlcl9yb2xlOnZlcnNpb25fMRiVo/PN1gsiRXByb2plY3RzL2NsYXNzdHJhY2stYmZmYjIvbG9jYXRpb25zL3VzLWNlbnRyYWwxL2Z1bmN0aW9ucy9zZXRVc2VyUm9sZSoMCPuM29MGEOC6n7kCMghub2RlanMyMDp2CiNnY3IuaW8vZ2FlLXJ1bnRpbWVzL25vZGVqczIwOnN0YWJsZRJPdXMtY2VudHJhbDEtZG9ja2VyLnBrZy5kZXYvc2VydmVybGVzcy1ydW50aW1lcy9nb29nbGUtMjItZnVsbC9ydW50aW1lcy9ub2RlanMyMEAB","operationType":"CREATE_FUNCTION","buildName":"projects/401205940629/locations/us-central1/builds/59fb9d99-79f3-4fab-a530-fea6b936c187"},"done":false}
[debug] [2026-08-08T06:02:42.223Z] Got source token Cldwcm9qZWN0cy80MDEyMDU5NDA2MjkvbG9jYXRpb25zL3VzLWNlbnRyYWwxL2J1aWxkcy81OWZiOWQ5OS03OWYzLTRmYWItYTUzMC1mZWE2YjkzNmMxODcScnVzLWNlbnRyYWwxLWRvY2tlci5wa2cuZGV2L2NsYXNzdHJhY2stYmZmYjIvZ2NmLWFydGlmYWN0cy9jbGFzc3RyYWNrLS1iZmZiMl9fdXMtLWNlbnRyYWwxX19zZXRfdXNlcl9yb2xlOnZlcnNpb25fMRiVo/PN1gsiRXByb2plY3RzL2NsYXNzdHJhY2stYmZmYjIvbG9jYXRpb25zL3VzLWNlbnRyYWwxL2Z1bmN0aW9ucy9zZXRVc2VyUm9sZSoMCPuM29MGEOC6n7kCMghub2RlanMyMDp2CiNnY3IuaW8vZ2FlLXJ1bnRpbWVzL25vZGVqczIwOnN0YWJsZRJPdXMtY2VudHJhbDEtZG9ja2VyLnBrZy5kZXYvc2VydmVybGVzcy1ydW50aW1lcy9nb29nbGUtMjItZnVsbC9ydW50aW1lcy9ub2RlanMyMEAB for region us-central1
[debug] [2026-08-08T06:02:42.224Z] Checked if tokens are valid: true, expires at: 1786172451007
[debug] [2026-08-08T06:02:42.224Z] Checked if tokens are valid: true, expires at: 1786172451007
[debug] [2026-08-08T06:02:42.224Z] Checked if tokens are valid: true, expires at: 1786172451007
[debug] [2026-08-08T06:02:42.224Z] Checked if tokens are valid: true, expires at: 1786172451007
[debug] [2026-08-08T06:02:42.224Z] Checked if tokens are valid: true, expires at: 1786172451007
[debug] [2026-08-08T06:02:42.224Z] Checked if tokens are valid: true, expires at: 1786172451007
[debug] [2026-08-08T06:02:42.224Z] Checked if tokens are valid: true, expires at: 1786172451007
[debug] [2026-08-08T06:02:42.224Z] Checked if tokens are valid: true, expires at: 1786172451007
[debug] [2026-08-08T06:02:42.224Z] >>> [apiv2][query] PATCH https://cloudfunctions.googleapis.com/v2/projects/classtrack-bffb2/locations/us-central1/functions/deleteAccount updateMask=name%2CbuildConfig.runtime%2CbuildConfig.entryPoint%2CbuildConfig.source.storageSource.bucket%2CbuildConfig.source.storageSource.object%2CbuildConfig.environmentVariables%2CbuildConfig.sourceToken%2CserviceConfig.environmentVariables%2CserviceConfig.ingressSettings%2CserviceConfig.timeoutSeconds%2CserviceConfig.serviceAccountEmail%2CserviceConfig.availableMemory%2CserviceConfig.minInstanceCount%2CserviceConfig.maxInstanceCount%2CserviceConfig.maxInstanceRequestConcurrency%2CserviceConfig.availableCpu%2CserviceConfig.vpcConnector%2CserviceConfig.vpcConnectorEgressSettings%2CserviceConfig.directVpcNetworkInterface%2CserviceConfig.directVpcEgress%2Clabels
[debug] [2026-08-08T06:02:42.224Z] >>> [apiv2][body] PATCH https://cloudfunctions.googleapis.com/v2/projects/classtrack-bffb2/locations/us-central1/functions/deleteAccount {"name":"projects/classtrack-bffb2/locations/us-central1/functions/deleteAccount","buildConfig":{"runtime":"nodejs20","entryPoint":"deleteAccount","source":{"storageSource":{"bucket":"gcf-v2-uploads-401205940629.asia-south1.cloudfunctions.appspot.com","object":"d9055c85-c7e6-4805-a921-ed9bd583147a.zip"}},"environmentVariables":{"GOOGLE_NODE_RUN_SCRIPTS":""},"sourceToken":"Cldwcm9qZWN0cy80MDEyMDU5NDA2MjkvbG9jYXRpb25zL3VzLWNlbnRyYWwxL2J1aWxkcy81OWZiOWQ5OS03OWYzLTRmYWItYTUzMC1mZWE2YjkzNmMxODcScnVzLWNlbnRyYWwxLWRvY2tlci5wa2cuZGV2L2NsYXNzdHJhY2stYmZmYjIvZ2NmLWFydGlmYWN0cy9jbGFzc3RyYWNrLS1iZmZiMl9fdXMtLWNlbnRyYWwxX19zZXRfdXNlcl9yb2xlOnZlcnNpb25fMRiVo/PN1gsiRXByb2plY3RzL2NsYXNzdHJhY2stYmZmYjIvbG9jYXRpb25zL3VzLWNlbnRyYWwxL2Z1bmN0aW9ucy9zZXRVc2VyUm9sZSoMCPuM29MGEOC6n7kCMghub2RlanMyMDp2CiNnY3IuaW8vZ2FlLXJ1bnRpbWVzL25vZGVqczIwOnN0YWJsZRJPdXMtY2VudHJhbDEtZG9ja2VyLnBrZy5kZXYvc2VydmVybGVzcy1ydW50aW1lcy9nb29nbGUtMjItZnVsbC9ydW50aW1lcy9ub2RlanMyMEAB"},"serviceConfig":{"environmentVariables":{"FIREBASE_CONFIG":"{\"projectId\":\"classtrack-bffb2\",\"storageBucket\":\"classtrack-bffb2.firebasestorage.app\"}","GCLOUD_PROJECT":"classtrack-bffb2","EVENTARC_CLOUD_EVENT_SOURCE":"projects/classtrack-bffb2/locations/us-central1/services/deleteAccount","FUNCTION_TARGET":"deleteAccount","LOG_EXECUTION_ID":"true"},"ingressSettings":null,"timeoutSeconds":null,"serviceAccountEmail":null,"availableMemory":"256Mi","minInstanceCount":null,"maxInstanceCount":null,"maxInstanceRequestConcurrency":80,"availableCpu":"1","vpcConnector":null,"vpcConnectorEgressSettings":null,"directVpcNetworkInterface":null,"directVpcEgress":null},"labels":{"deployment-tool":"cli-firebase","deployment-callable":"true","firebase-functions-hash":"4e487aea94a5cc375eea913a222b4be2f168cf85"}}
[debug] [2026-08-08T06:02:42.225Z] >>> [apiv2][query] PATCH https://cloudfunctions.googleapis.com/v2/projects/classtrack-bffb2/locations/us-central1/functions/getReferralInfo updateMask=name%2CbuildConfig.runtime%2CbuildConfig.entryPoint%2CbuildConfig.source.storageSource.bucket%2CbuildConfig.source.storageSource.object%2CbuildConfig.environmentVariables%2CbuildConfig.sourceToken%2CserviceConfig.environmentVariables%2CserviceConfig.ingressSettings%2CserviceConfig.timeoutSeconds%2CserviceConfig.serviceAccountEmail%2CserviceConfig.availableMemory%2CserviceConfig.minInstanceCount%2CserviceConfig.maxInstanceCount%2CserviceConfig.maxInstanceRequestConcurrency%2CserviceConfig.availableCpu%2CserviceConfig.vpcConnector%2CserviceConfig.vpcConnectorEgressSettings%2CserviceConfig.directVpcNetworkInterface%2CserviceConfig.directVpcEgress%2Clabels
[debug] [2026-08-08T06:02:42.225Z] >>> [apiv2][body] PATCH https://cloudfunctions.googleapis.com/v2/projects/classtrack-bffb2/locations/us-central1/functions/getReferralInfo {"name":"projects/classtrack-bffb2/locations/us-central1/functions/getReferralInfo","buildConfig":{"runtime":"nodejs20","entryPoint":"getReferralInfo","source":{"storageSource":{"bucket":"gcf-v2-uploads-401205940629.asia-south1.cloudfunctions.appspot.com","object":"d9055c85-c7e6-4805-a921-ed9bd583147a.zip"}},"environmentVariables":{"GOOGLE_NODE_RUN_SCRIPTS":""},"sourceToken":"Cldwcm9qZWN0cy80MDEyMDU5NDA2MjkvbG9jYXRpb25zL3VzLWNlbnRyYWwxL2J1aWxkcy81OWZiOWQ5OS03OWYzLTRmYWItYTUzMC1mZWE2YjkzNmMxODcScnVzLWNlbnRyYWwxLWRvY2tlci5wa2cuZGV2L2NsYXNzdHJhY2stYmZmYjIvZ2NmLWFydGlmYWN0cy9jbGFzc3RyYWNrLS1iZmZiMl9fdXMtLWNlbnRyYWwxX19zZXRfdXNlcl9yb2xlOnZlcnNpb25fMRiVo/PN1gsiRXByb2plY3RzL2NsYXNzdHJhY2stYmZmYjIvbG9jYXRpb25zL3VzLWNlbnRyYWwxL2Z1bmN0aW9ucy9zZXRVc2VyUm9sZSoMCPuM29MGEOC6n7kCMghub2RlanMyMDp2CiNnY3IuaW8vZ2FlLXJ1bnRpbWVzL25vZGVqczIwOnN0YWJsZRJPdXMtY2VudHJhbDEtZG9ja2VyLnBrZy5kZXYvc2VydmVybGVzcy1ydW50aW1lcy9nb29nbGUtMjItZnVsbC9ydW50aW1lcy9ub2RlanMyMEAB"},"serviceConfig":{"environmentVariables":{"FIREBASE_CONFIG":"{\"projectId\":\"classtrack-bffb2\",\"storageBucket\":\"classtrack-bffb2.firebasestorage.app\"}","GCLOUD_PROJECT":"classtrack-bffb2","EVENTARC_CLOUD_EVENT_SOURCE":"projects/classtrack-bffb2/locations/us-central1/services/getReferralInfo","FUNCTION_TARGET":"getReferralInfo","LOG_EXECUTION_ID":"true","FUNCTION_SIGNATURE_TYPE":"http"},"ingressSettings":null,"timeoutSeconds":null,"serviceAccountEmail":null,"availableMemory":"256Mi","minInstanceCount":null,"maxInstanceCount":null,"maxInstanceRequestConcurrency":80,"availableCpu":"1","vpcConnector":null,"vpcConnectorEgressSettings":null,"directVpcNetworkInterface":null,"directVpcEgress":null},"labels":{"deployment-tool":"cli-firebase","deployment-callable":"true","firebase-functions-hash":"4e487aea94a5cc375eea913a222b4be2f168cf85"}}
[debug] [2026-08-08T06:02:42.225Z] >>> [apiv2][query] PATCH https://cloudfunctions.googleapis.com/v2/projects/classtrack-bffb2/locations/us-central1/functions/redeemReferral updateMask=name%2CbuildConfig.runtime%2CbuildConfig.entryPoint%2CbuildConfig.source.storageSource.bucket%2CbuildConfig.source.storageSource.object%2CbuildConfig.environmentVariables%2CbuildConfig.sourceToken%2CserviceConfig.environmentVariables%2CserviceConfig.ingressSettings%2CserviceConfig.timeoutSeconds%2CserviceConfig.serviceAccountEmail%2CserviceConfig.availableMemory%2CserviceConfig.minInstanceCount%2CserviceConfig.maxInstanceCount%2CserviceConfig.maxInstanceRequestConcurrency%2CserviceConfig.availableCpu%2CserviceConfig.vpcConnector%2CserviceConfig.vpcConnectorEgressSettings%2CserviceConfig.directVpcNetworkInterface%2CserviceConfig.directVpcEgress%2Clabels
[debug] [2026-08-08T06:02:42.225Z] >>> [apiv2][body] PATCH https://cloudfunctions.googleapis.com/v2/projects/classtrack-bffb2/locations/us-central1/functions/redeemReferral {"name":"projects/classtrack-bffb2/locations/us-central1/functions/redeemReferral","buildConfig":{"runtime":"nodejs20","entryPoint":"redeemReferral","source":{"storageSource":{"bucket":"gcf-v2-uploads-401205940629.asia-south1.cloudfunctions.appspot.com","object":"d9055c85-c7e6-4805-a921-ed9bd583147a.zip"}},"environmentVariables":{"GOOGLE_NODE_RUN_SCRIPTS":""},"sourceToken":"Cldwcm9qZWN0cy80MDEyMDU5NDA2MjkvbG9jYXRpb25zL3VzLWNlbnRyYWwxL2J1aWxkcy81OWZiOWQ5OS03OWYzLTRmYWItYTUzMC1mZWE2YjkzNmMxODcScnVzLWNlbnRyYWwxLWRvY2tlci5wa2cuZGV2L2NsYXNzdHJhY2stYmZmYjIvZ2NmLWFydGlmYWN0cy9jbGFzc3RyYWNrLS1iZmZiMl9fdXMtLWNlbnRyYWwxX19zZXRfdXNlcl9yb2xlOnZlcnNpb25fMRiVo/PN1gsiRXByb2plY3RzL2NsYXNzdHJhY2stYmZmYjIvbG9jYXRpb25zL3VzLWNlbnRyYWwxL2Z1bmN0aW9ucy9zZXRVc2VyUm9sZSoMCPuM29MGEOC6n7kCMghub2RlanMyMDp2CiNnY3IuaW8vZ2FlLXJ1bnRpbWVzL25vZGVqczIwOnN0YWJsZRJPdXMtY2VudHJhbDEtZG9ja2VyLnBrZy5kZXYvc2VydmVybGVzcy1ydW50aW1lcy9nb29nbGUtMjItZnVsbC9ydW50aW1lcy9ub2RlanMyMEAB"},"serviceConfig":{"environmentVariables":{"FIREBASE_CONFIG":"{\"projectId\":\"classtrack-bffb2\",\"storageBucket\":\"classtrack-bffb2.firebasestorage.app\"}","GCLOUD_PROJECT":"classtrack-bffb2","EVENTARC_CLOUD_EVENT_SOURCE":"projects/classtrack-bffb2/locations/us-central1/services/redeemReferral","FUNCTION_TARGET":"redeemReferral","LOG_EXECUTION_ID":"true","FUNCTION_SIGNATURE_TYPE":"http"},"ingressSettings":null,"timeoutSeconds":null,"serviceAccountEmail":null,"availableMemory":"256Mi","minInstanceCount":null,"maxInstanceCount":null,"maxInstanceRequestConcurrency":80,"availableCpu":"1","vpcConnector":null,"vpcConnectorEgressSettings":null,"directVpcNetworkInterface":null,"directVpcEgress":null},"labels":{"deployment-tool":"cli-firebase","deployment-callable":"true","firebase-functions-hash":"4e487aea94a5cc375eea913a222b4be2f168cf85"}}
[debug] [2026-08-08T06:02:42.225Z] >>> [apiv2][query] PATCH https://cloudfunctions.googleapis.com/v2/projects/classtrack-bffb2/locations/us-central1/functions/revenueCatWebhook updateMask=name%2CbuildConfig.runtime%2CbuildConfig.entryPoint%2CbuildConfig.source.storageSource.bucket%2CbuildConfig.source.storageSource.object%2CbuildConfig.environmentVariables%2CbuildConfig.sourceToken%2CserviceConfig.environmentVariables%2CserviceConfig.secretEnvironmentVariables%2CserviceConfig.ingressSettings%2CserviceConfig.timeoutSeconds%2CserviceConfig.serviceAccountEmail%2CserviceConfig.availableMemory%2CserviceConfig.minInstanceCount%2CserviceConfig.maxInstanceCount%2CserviceConfig.maxInstanceRequestConcurrency%2CserviceConfig.availableCpu%2CserviceConfig.vpcConnector%2CserviceConfig.vpcConnectorEgressSettings%2CserviceConfig.directVpcNetworkInterface%2CserviceConfig.directVpcEgress%2Clabels
[debug] [2026-08-08T06:02:42.225Z] >>> [apiv2][body] PATCH https://cloudfunctions.googleapis.com/v2/projects/classtrack-bffb2/locations/us-central1/functions/revenueCatWebhook {"name":"projects/classtrack-bffb2/locations/us-central1/functions/revenueCatWebhook","buildConfig":{"runtime":"nodejs20","entryPoint":"revenueCatWebhook","source":{"storageSource":{"bucket":"gcf-v2-uploads-401205940629.asia-south1.cloudfunctions.appspot.com","object":"d9055c85-c7e6-4805-a921-ed9bd583147a.zip"}},"environmentVariables":{"GOOGLE_NODE_RUN_SCRIPTS":""},"sourceToken":"Cldwcm9qZWN0cy80MDEyMDU5NDA2MjkvbG9jYXRpb25zL3VzLWNlbnRyYWwxL2J1aWxkcy81OWZiOWQ5OS03OWYzLTRmYWItYTUzMC1mZWE2YjkzNmMxODcScnVzLWNlbnRyYWwxLWRvY2tlci5wa2cuZGV2L2NsYXNzdHJhY2stYmZmYjIvZ2NmLWFydGlmYWN0cy9jbGFzc3RyYWNrLS1iZmZiMl9fdXMtLWNlbnRyYWwxX19zZXRfdXNlcl9yb2xlOnZlcnNpb25fMRiVo/PN1gsiRXByb2plY3RzL2NsYXNzdHJhY2stYmZmYjIvbG9jYXRpb25zL3VzLWNlbnRyYWwxL2Z1bmN0aW9ucy9zZXRVc2VyUm9sZSoMCPuM29MGEOC6n7kCMghub2RlanMyMDp2CiNnY3IuaW8vZ2FlLXJ1bnRpbWVzL25vZGVqczIwOnN0YWJsZRJPdXMtY2VudHJhbDEtZG9ja2VyLnBrZy5kZXYvc2VydmVybGVzcy1ydW50aW1lcy9nb29nbGUtMjItZnVsbC9ydW50aW1lcy9ub2RlanMyMEAB"},"serviceConfig":{"environmentVariables":{"FIREBASE_CONFIG":"{\"projectId\":\"classtrack-bffb2\",\"storageBucket\":\"classtrack-bffb2.firebasestorage.app\"}","GCLOUD_PROJECT":"classtrack-bffb2","EVENTARC_CLOUD_EVENT_SOURCE":"projects/classtrack-bffb2/locations/us-central1/services/revenueCatWebhook","FUNCTION_TARGET":"revenueCatWebhook","LOG_EXECUTION_ID":"true","FUNCTION_SIGNATURE_TYPE":"http"},"secretEnvironmentVariables":[{"key":"REVENUECAT_WEBHOOK_AUTH","secret":"REVENUECAT_WEBHOOK_AUTH","projectId":"classtrack-bffb2","version":"4"}],"ingressSettings":null,"timeoutSeconds":null,"serviceAccountEmail":null,"availableMemory":"256Mi","minInstanceCount":null,"maxInstanceCount":null,"maxInstanceRequestConcurrency":80,"availableCpu":"1","vpcConnector":null,"vpcConnectorEgressSettings":null,"directVpcNetworkInterface":null,"directVpcEgress":null},"labels":{"deployment-tool":"cli-firebase","firebase-functions-hash":"ea5a720b094267e59284cd14438c1af2765d7122"}}
[debug] [2026-08-08T06:02:45.007Z] <<< [apiv2][status] PATCH https://cloudfunctions.googleapis.com/v2/projects/classtrack-bffb2/locations/us-central1/functions/redeemReferral 200
[debug] [2026-08-08T06:02:45.007Z] <<< [apiv2][body] PATCH https://cloudfunctions.googleapis.com/v2/projects/classtrack-bffb2/locations/us-central1/functions/redeemReferral {"name":"projects/classtrack-bffb2/locations/us-central1/operations/operation-1786168962357-65882de82992f-b218c786-4762a257","metadata":{"@type":"type.googleapis.com/google.cloud.functions.v2.OperationMetadata","createTime":"2026-08-08T06:02:44.333211967Z","target":"projects/classtrack-bffb2/locations/us-central1/functions/redeemReferral","verb":"update","cancelRequested":false,"apiVersion":"v2"},"done":false}
[debug] [2026-08-08T06:02:45.007Z] Checked if tokens are valid: true, expires at: 1786172451007
[debug] [2026-08-08T06:02:45.007Z] Checked if tokens are valid: true, expires at: 1786172451007
[debug] [2026-08-08T06:02:45.007Z] >>> [apiv2][query] GET https://cloudfunctions.googleapis.com/v2/projects/classtrack-bffb2/locations/us-central1/operations/operation-1786168962357-65882de82992f-b218c786-4762a257 [none]
[debug] [2026-08-08T06:02:45.182Z] <<< [apiv2][status] PATCH https://cloudfunctions.googleapis.com/v2/projects/classtrack-bffb2/locations/us-central1/functions/deleteAccount 200
[debug] [2026-08-08T06:02:45.182Z] <<< [apiv2][body] PATCH https://cloudfunctions.googleapis.com/v2/projects/classtrack-bffb2/locations/us-central1/functions/deleteAccount {"name":"projects/classtrack-bffb2/locations/us-central1/operations/operation-1786168962958-65882de8bc32a-3ef790f3-32d8e2b8","metadata":{"@type":"type.googleapis.com/google.cloud.functions.v2.OperationMetadata","createTime":"2026-08-08T06:02:44.507883036Z","target":"projects/classtrack-bffb2/locations/us-central1/functions/deleteAccount","verb":"update","cancelRequested":false,"apiVersion":"v2"},"done":false}
[debug] [2026-08-08T06:02:45.183Z] Checked if tokens are valid: true, expires at: 1786172451007
[debug] [2026-08-08T06:02:45.183Z] Checked if tokens are valid: true, expires at: 1786172451007
[debug] [2026-08-08T06:02:45.183Z] >>> [apiv2][query] GET https://cloudfunctions.googleapis.com/v2/projects/classtrack-bffb2/locations/us-central1/operations/operation-1786168962958-65882de8bc32a-3ef790f3-32d8e2b8 [none]
[debug] [2026-08-08T06:02:45.665Z] <<< [apiv2][status] PATCH https://cloudfunctions.googleapis.com/v2/projects/classtrack-bffb2/locations/us-central1/functions/revenueCatWebhook 200
[debug] [2026-08-08T06:02:45.665Z] <<< [apiv2][body] PATCH https://cloudfunctions.googleapis.com/v2/projects/classtrack-bffb2/locations/us-central1/functions/revenueCatWebhook {"name":"projects/classtrack-bffb2/locations/us-central1/operations/operation-1786168963149-65882de8eadc0-fc41f416-1912d8d3","metadata":{"@type":"type.googleapis.com/google.cloud.functions.v2.OperationMetadata","createTime":"2026-08-08T06:02:44.975965154Z","target":"projects/classtrack-bffb2/locations/us-central1/functions/revenueCatWebhook","verb":"update","cancelRequested":false,"apiVersion":"v2"},"done":false}
[debug] [2026-08-08T06:02:45.666Z] Checked if tokens are valid: true, expires at: 1786172451007
[debug] [2026-08-08T06:02:45.666Z] Checked if tokens are valid: true, expires at: 1786172451007
[debug] [2026-08-08T06:02:45.666Z] >>> [apiv2][query] GET https://cloudfunctions.googleapis.com/v2/projects/classtrack-bffb2/locations/us-central1/operations/operation-1786168963149-65882de8eadc0-fc41f416-1912d8d3 [none]
[debug] [2026-08-08T06:02:46.437Z] <<< [apiv2][status] PATCH https://cloudfunctions.googleapis.com/v2/projects/classtrack-bffb2/locations/us-central1/functions/getReferralInfo 200
[debug] [2026-08-08T06:02:46.438Z] <<< [apiv2][body] PATCH https://cloudfunctions.googleapis.com/v2/projects/classtrack-bffb2/locations/us-central1/functions/getReferralInfo {"name":"projects/classtrack-bffb2/locations/us-central1/operations/operation-1786168963146-65882de8ea42e-bbc3da1b-fae60365","metadata":{"@type":"type.googleapis.com/google.cloud.functions.v2.OperationMetadata","createTime":"2026-08-08T06:02:45.764113770Z","target":"projects/classtrack-bffb2/locations/us-central1/functions/getReferralInfo","verb":"update","cancelRequested":false,"apiVersion":"v2"},"done":false}
[debug] [2026-08-08T06:02:46.438Z] Checked if tokens are valid: true, expires at: 1786172451007
[debug] [2026-08-08T06:02:46.438Z] Checked if tokens are valid: true, expires at: 1786172451007
[debug] [2026-08-08T06:02:46.438Z] >>> [apiv2][query] GET https://cloudfunctions.googleapis.com/v2/projects/classtrack-bffb2/locations/us-central1/operations/operation-1786168963146-65882de8ea42e-bbc3da1b-fae60365 [none]
[debug] [2026-08-08T06:02:48.343Z] <<< [apiv2][status] GET https://cloudfunctions.googleapis.com/v2/projects/classtrack-bffb2/locations/us-central1/operations/operation-1786168962958-65882de8bc32a-3ef790f3-32d8e2b8 200
[debug] [2026-08-08T06:02:48.343Z] <<< [apiv2][body] GET https://cloudfunctions.googleapis.com/v2/projects/classtrack-bffb2/locations/us-central1/operations/operation-1786168962958-65882de8bc32a-3ef790f3-32d8e2b8 {"name":"projects/classtrack-bffb2/locations/us-central1/operations/operation-1786168962958-65882de8bc32a-3ef790f3-32d8e2b8","metadata":{"@type":"type.googleapis.com/google.cloud.functions.v2.OperationMetadata","createTime":"2026-08-08T06:02:44.507883036Z","target":"projects/classtrack-bffb2/locations/us-central1/functions/deleteAccount","verb":"update","cancelRequested":false,"apiVersion":"v2","requestResource":{"@type":"type.googleapis.com/google.cloud.functions.v2.Function","name":"projects/classtrack-bffb2/locations/us-central1/functions/deleteAccount","buildConfig":{"runtime":"nodejs20","entryPoint":"deleteAccount","source":{"storageSource":{"bucket":"gcf-v2-sources-401205940629-us-central1","object":"deleteAccount/function-source.zip","generation":"1786168964452339"}},"environmentVariables":{"GOOGLE_NODE_RUN_SCRIPTS":""},"dockerRepository":"projects/classtrack-bffb2/locations/us-central1/repositories/gcf-artifacts","sourceProvenance":{"resolvedStorageSource":{"bucket":"gcf-v2-sources-401205940629-us-central1","object":"deleteAccount/function-source.zip","generation":"1786084744619214"}},"dockerRegistry":"ARTIFACT_REGISTRY","sourceToken":"Cldwcm9qZWN0cy80MDEyMDU5NDA2MjkvbG9jYXRpb25zL3VzLWNlbnRyYWwxL2J1aWxkcy81OWZiOWQ5OS03OWYzLTRmYWItYTUzMC1mZWE2YjkzNmMxODcScnVzLWNlbnRyYWwxLWRvY2tlci5wa2cuZGV2L2NsYXNzdHJhY2stYmZmYjIvZ2NmLWFydGlmYWN0cy9jbGFzc3RyYWNrLS1iZmZiMl9fdXMtLWNlbnRyYWwxX19zZXRfdXNlcl9yb2xlOnZlcnNpb25fMRiVo/PN1gsiRXByb2plY3RzL2NsYXNzdHJhY2stYmZmYjIvbG9jYXRpb25zL3VzLWNlbnRyYWwxL2Z1bmN0aW9ucy9zZXRVc2VyUm9sZSoMCPuM29MGEOC6n7kCMghub2RlanMyMDp2CiNnY3IuaW8vZ2FlLXJ1bnRpbWVzL25vZGVqczIwOnN0YWJsZRJPdXMtY2VudHJhbDEtZG9ja2VyLnBrZy5kZXYvc2VydmVybGVzcy1ydW50aW1lcy9nb29nbGUtMjItZnVsbC9ydW50aW1lcy9ub2RlanMyMEAB","serviceAccount":"projects/classtrack-bffb2/serviceAccounts/401205940629-compute@developer.gserviceaccount.com","automaticUpdatePolicy":{}},"serviceConfig":{"service":"projects/classtrack-bffb2/locations/us-central1/services/deleteaccount","timeoutSeconds":60,"environmentVariables":{"FIREBASE_CONFIG":"{\"projectId\":\"classtrack-bffb2\",\"storageBucket\":\"classtrack-bffb2.firebasestorage.app\"}","GCLOUD_PROJECT":"classtrack-bffb2","EVENTARC_CLOUD_EVENT_SOURCE":"projects/classtrack-bffb2/locations/us-central1/services/deleteAccount","FUNCTION_TARGET":"deleteAccount","LOG_EXECUTION_ID":"true","FUNCTION_SIGNATURE_TYPE":"http"},"ingressSettings":"ALLOW_ALL","uri":"https://deleteaccount-q72q4oy2na-uc.a.run.app","serviceAccountEmail":"401205940629-compute@developer.gserviceaccount.com","availableMemory":"256Mi","allTrafficOnLatestRevision":true,"revision":"deleteaccount-00004-xuz","maxInstanceRequestConcurrency":80,"availableCpu":"1"},"state":"ACTIVE","labels":{"deployment-tool":"cli-firebase","deployment-callable":"true","firebase-functions-hash":"4e487aea94a5cc375eea913a222b4be2f168cf85"},"environment":"GEN_2","url":"https://us-central1-classtrack-bffb2.cloudfunctions.net/deleteAccount","satisfiesPzi":true},"stages":[{"name":"BUILD","message":"Reusing build","state":"COMPLETE","resource":"projects/401205940629/locations/us-central1/builds/59fb9d99-79f3-4fab-a530-fea6b936c187","stateMessages":[{"severity":"WARNING","type":"BuildAnalysisWarning","message":"Node.js 20 is no longer supported by the Node.js community as of 30 April, 2026. Node.js 20 will be decommissioned on 2026-10-30. As of 2026-10-30 you will no longer be able to deploy your Cloud Functions using nodejs20. We recommend you to upgrade to the latest version of Node.js as soon as possible."}]},{"name":"SERVICE","message":"Updating Cloud Run service","state":"IN_PROGRESS","resource":"projects/classtrack-bffb2/locations/us-central1/services/deleteaccount","resourceUri":"https://console.cloud.google.com/run/detail/us-central1/deleteaccount?project=classtrack-bffb2","stateMessages":[{"severity":"INFO","type":"CloudRunServiceNewRevisionTrafficInfo","message":"A new revision will be deployed serving with 100% traffic."}]}],"sourceToken":"Cldwcm9qZWN0cy80MDEyMDU5NDA2MjkvbG9jYXRpb25zL3VzLWNlbnRyYWwxL2J1aWxkcy81OWZiOWQ5OS03OWYzLTRmYWItYTUzMC1mZWE2YjkzNmMxODcScnVzLWNlbnRyYWwxLWRvY2tlci5wa2cuZGV2L2NsYXNzdHJhY2stYmZmYjIvZ2NmLWFydGlmYWN0cy9jbGFzc3RyYWNrLS1iZmZiMl9fdXMtLWNlbnRyYWwxX19zZXRfdXNlcl9yb2xlOnZlcnNpb25fMRiVo/PN1gsiRXByb2plY3RzL2NsYXNzdHJhY2stYmZmYjIvbG9jYXRpb25zL3VzLWNlbnRyYWwxL2Z1bmN0aW9ucy9zZXRVc2VyUm9sZSoMCPuM29MGEOC6n7kCMghub2RlanMyMDp2CiNnY3IuaW8vZ2FlLXJ1bnRpbWVzL25vZGVqczIwOnN0YWJsZRJPdXMtY2VudHJhbDEtZG9ja2VyLnBrZy5kZXYvc2VydmVybGVzcy1ydW50aW1lcy9nb29nbGUtMjItZnVsbC9ydW50aW1lcy9ub2RlanMyMEAB","operationType":"UPDATE_FUNCTION","buildName":"projects/401205940629/locations/us-central1/builds/59fb9d99-79f3-4fab-a530-fea6b936c187"},"done":false}
[debug] [2026-08-08T06:02:48.343Z] Got source token Cldwcm9qZWN0cy80MDEyMDU5NDA2MjkvbG9jYXRpb25zL3VzLWNlbnRyYWwxL2J1aWxkcy81OWZiOWQ5OS03OWYzLTRmYWItYTUzMC1mZWE2YjkzNmMxODcScnVzLWNlbnRyYWwxLWRvY2tlci5wa2cuZGV2L2NsYXNzdHJhY2stYmZmYjIvZ2NmLWFydGlmYWN0cy9jbGFzc3RyYWNrLS1iZmZiMl9fdXMtLWNlbnRyYWwxX19zZXRfdXNlcl9yb2xlOnZlcnNpb25fMRiVo/PN1gsiRXByb2plY3RzL2NsYXNzdHJhY2stYmZmYjIvbG9jYXRpb25zL3VzLWNlbnRyYWwxL2Z1bmN0aW9ucy9zZXRVc2VyUm9sZSoMCPuM29MGEOC6n7kCMghub2RlanMyMDp2CiNnY3IuaW8vZ2FlLXJ1bnRpbWVzL25vZGVqczIwOnN0YWJsZRJPdXMtY2VudHJhbDEtZG9ja2VyLnBrZy5kZXYvc2VydmVybGVzcy1ydW50aW1lcy9nb29nbGUtMjItZnVsbC9ydW50aW1lcy9ub2RlanMyMEAB for region us-central1
[debug] [2026-08-08T06:02:48.354Z] <<< [apiv2][status] GET https://cloudfunctions.googleapis.com/v2/projects/classtrack-bffb2/locations/us-central1/operations/operation-1786168963146-65882de8ea42e-bbc3da1b-fae60365 200
[debug] [2026-08-08T06:02:48.354Z] <<< [apiv2][body] GET https://cloudfunctions.googleapis.com/v2/projects/classtrack-bffb2/locations/us-central1/operations/operation-1786168963146-65882de8ea42e-bbc3da1b-fae60365 {"name":"projects/classtrack-bffb2/locations/us-central1/operations/operation-1786168963146-65882de8ea42e-bbc3da1b-fae60365","metadata":{"@type":"type.googleapis.com/google.cloud.functions.v2.OperationMetadata","createTime":"2026-08-08T06:02:45.764113770Z","target":"projects/classtrack-bffb2/locations/us-central1/functions/getReferralInfo","verb":"update","cancelRequested":false,"apiVersion":"v2","requestResource":{"@type":"type.googleapis.com/google.cloud.functions.v2.Function","name":"projects/classtrack-bffb2/locations/us-central1/functions/getReferralInfo","buildConfig":{"runtime":"nodejs20","entryPoint":"getReferralInfo","source":{"storageSource":{"bucket":"gcf-v2-sources-401205940629-us-central1","object":"getReferralInfo/function-source.zip","generation":"1786168965713503"}},"environmentVariables":{"GOOGLE_NODE_RUN_SCRIPTS":""},"dockerRepository":"projects/classtrack-bffb2/locations/us-central1/repositories/gcf-artifacts","sourceProvenance":{"resolvedStorageSource":{"bucket":"gcf-v2-sources-401205940629-us-central1","object":"getReferralInfo/function-source.zip","generation":"1786084794987733"}},"dockerRegistry":"ARTIFACT_REGISTRY","sourceToken":"Cldwcm9qZWN0cy80MDEyMDU5NDA2MjkvbG9jYXRpb25zL3VzLWNlbnRyYWwxL2J1aWxkcy81OWZiOWQ5OS03OWYzLTRmYWItYTUzMC1mZWE2YjkzNmMxODcScnVzLWNlbnRyYWwxLWRvY2tlci5wa2cuZGV2L2NsYXNzdHJhY2stYmZmYjIvZ2NmLWFydGlmYWN0cy9jbGFzc3RyYWNrLS1iZmZiMl9fdXMtLWNlbnRyYWwxX19zZXRfdXNlcl9yb2xlOnZlcnNpb25fMRiVo/PN1gsiRXByb2plY3RzL2NsYXNzdHJhY2stYmZmYjIvbG9jYXRpb25zL3VzLWNlbnRyYWwxL2Z1bmN0aW9ucy9zZXRVc2VyUm9sZSoMCPuM29MGEOC6n7kCMghub2RlanMyMDp2CiNnY3IuaW8vZ2FlLXJ1bnRpbWVzL25vZGVqczIwOnN0YWJsZRJPdXMtY2VudHJhbDEtZG9ja2VyLnBrZy5kZXYvc2VydmVybGVzcy1ydW50aW1lcy9nb29nbGUtMjItZnVsbC9ydW50aW1lcy9ub2RlanMyMEAB","serviceAccount":"projects/classtrack-bffb2/serviceAccounts/401205940629-compute@developer.gserviceaccount.com","automaticUpdatePolicy":{}},"serviceConfig":{"service":"projects/classtrack-bffb2/locations/us-central1/services/getreferralinfo","timeoutSeconds":60,"environmentVariables":{"FIREBASE_CONFIG":"{\"projectId\":\"classtrack-bffb2\",\"storageBucket\":\"classtrack-bffb2.firebasestorage.app\"}","GCLOUD_PROJECT":"classtrack-bffb2","EVENTARC_CLOUD_EVENT_SOURCE":"projects/classtrack-bffb2/locations/us-central1/services/getReferralInfo","FUNCTION_TARGET":"getReferralInfo","LOG_EXECUTION_ID":"true","FUNCTION_SIGNATURE_TYPE":"http"},"ingressSettings":"ALLOW_ALL","uri":"https://getreferralinfo-q72q4oy2na-uc.a.run.app","serviceAccountEmail":"401205940629-compute@developer.gserviceaccount.com","availableMemory":"256Mi","allTrafficOnLatestRevision":true,"revision":"getreferralinfo-00008-cot","maxInstanceRequestConcurrency":80,"availableCpu":"1"},"state":"ACTIVE","labels":{"deployment-tool":"cli-firebase","deployment-callable":"true","firebase-functions-hash":"4e487aea94a5cc375eea913a222b4be2f168cf85"},"environment":"GEN_2","url":"https://us-central1-classtrack-bffb2.cloudfunctions.net/getReferralInfo","satisfiesPzi":true},"stages":[{"name":"BUILD","message":"Reusing build","state":"COMPLETE","resource":"projects/401205940629/locations/us-central1/builds/59fb9d99-79f3-4fab-a530-fea6b936c187","stateMessages":[{"severity":"WARNING","type":"BuildAnalysisWarning","message":"Node.js 20 is no longer supported by the Node.js community as of 30 April, 2026. Node.js 20 will be decommissioned on 2026-10-30. As of 2026-10-30 you will no longer be able to deploy your Cloud Functions using nodejs20. We recommend you to upgrade to the latest version of Node.js as soon as possible."}]},{"name":"SERVICE","message":"Updating Cloud Run service","state":"IN_PROGRESS","resource":"projects/classtrack-bffb2/locations/us-central1/services/getreferralinfo","resourceUri":"https://console.cloud.google.com/run/detail/us-central1/getreferralinfo?project=classtrack-bffb2","stateMessages":[{"severity":"INFO","type":"CloudRunServiceNewRevisionTrafficInfo","message":"A new revision will be deployed serving with 100% traffic."}]}],"sourceToken":"Cldwcm9qZWN0cy80MDEyMDU5NDA2MjkvbG9jYXRpb25zL3VzLWNlbnRyYWwxL2J1aWxkcy81OWZiOWQ5OS03OWYzLTRmYWItYTUzMC1mZWE2YjkzNmMxODcScnVzLWNlbnRyYWwxLWRvY2tlci5wa2cuZGV2L2NsYXNzdHJhY2stYmZmYjIvZ2NmLWFydGlmYWN0cy9jbGFzc3RyYWNrLS1iZmZiMl9fdXMtLWNlbnRyYWwxX19zZXRfdXNlcl9yb2xlOnZlcnNpb25fMRiVo/PN1gsiRXByb2plY3RzL2NsYXNzdHJhY2stYmZmYjIvbG9jYXRpb25zL3VzLWNlbnRyYWwxL2Z1bmN0aW9ucy9zZXRVc2VyUm9sZSoMCPuM29MGEOC6n7kCMghub2RlanMyMDp2CiNnY3IuaW8vZ2FlLXJ1bnRpbWVzL25vZGVqczIwOnN0YWJsZRJPdXMtY2VudHJhbDEtZG9ja2VyLnBrZy5kZXYvc2VydmVybGVzcy1ydW50aW1lcy9nb29nbGUtMjItZnVsbC9ydW50aW1lcy9ub2RlanMyMEAB","operationType":"UPDATE_FUNCTION","buildName":"projects/401205940629/locations/us-central1/builds/59fb9d99-79f3-4fab-a530-fea6b936c187"},"done":false}
[debug] [2026-08-08T06:02:48.355Z] Got source token Cldwcm9qZWN0cy80MDEyMDU5NDA2MjkvbG9jYXRpb25zL3VzLWNlbnRyYWwxL2J1aWxkcy81OWZiOWQ5OS03OWYzLTRmYWItYTUzMC1mZWE2YjkzNmMxODcScnVzLWNlbnRyYWwxLWRvY2tlci5wa2cuZGV2L2NsYXNzdHJhY2stYmZmYjIvZ2NmLWFydGlmYWN0cy9jbGFzc3RyYWNrLS1iZmZiMl9fdXMtLWNlbnRyYWwxX19zZXRfdXNlcl9yb2xlOnZlcnNpb25fMRiVo/PN1gsiRXByb2plY3RzL2NsYXNzdHJhY2stYmZmYjIvbG9jYXRpb25zL3VzLWNlbnRyYWwxL2Z1bmN0aW9ucy9zZXRVc2VyUm9sZSoMCPuM29MGEOC6n7kCMghub2RlanMyMDp2CiNnY3IuaW8vZ2FlLXJ1bnRpbWVzL25vZGVqczIwOnN0YWJsZRJPdXMtY2VudHJhbDEtZG9ja2VyLnBrZy5kZXYvc2VydmVybGVzcy1ydW50aW1lcy9nb29nbGUtMjItZnVsbC9ydW50aW1lcy9ub2RlanMyMEAB for region us-central1
[debug] [2026-08-08T06:02:48.411Z] <<< [apiv2][status] GET https://cloudfunctions.googleapis.com/v2/projects/classtrack-bffb2/locations/us-central1/operations/operation-1786168963149-65882de8eadc0-fc41f416-1912d8d3 200
[debug] [2026-08-08T06:02:48.411Z] <<< [apiv2][body] GET https://cloudfunctions.googleapis.com/v2/projects/classtrack-bffb2/locations/us-central1/operations/operation-1786168963149-65882de8eadc0-fc41f416-1912d8d3 {"name":"projects/classtrack-bffb2/locations/us-central1/operations/operation-1786168963149-65882de8eadc0-fc41f416-1912d8d3","metadata":{"@type":"type.googleapis.com/google.cloud.functions.v2.OperationMetadata","createTime":"2026-08-08T06:02:44.975965154Z","target":"projects/classtrack-bffb2/locations/us-central1/functions/revenueCatWebhook","verb":"update","cancelRequested":false,"apiVersion":"v2","requestResource":{"@type":"type.googleapis.com/google.cloud.functions.v2.Function","name":"projects/classtrack-bffb2/locations/us-central1/functions/revenueCatWebhook","buildConfig":{"runtime":"nodejs20","entryPoint":"revenueCatWebhook","source":{"storageSource":{"bucket":"gcf-v2-sources-401205940629-us-central1","object":"revenueCatWebhook/function-source.zip","generation":"1786168964921526"}},"environmentVariables":{"GOOGLE_NODE_RUN_SCRIPTS":""},"dockerRepository":"projects/classtrack-bffb2/locations/us-central1/repositories/gcf-artifacts","sourceProvenance":{"resolvedStorageSource":{"bucket":"gcf-v2-sources-401205940629-us-central1","object":"revenueCatWebhook/function-source.zip","generation":"1786084795024742"}},"dockerRegistry":"ARTIFACT_REGISTRY","sourceToken":"Cldwcm9qZWN0cy80MDEyMDU5NDA2MjkvbG9jYXRpb25zL3VzLWNlbnRyYWwxL2J1aWxkcy81OWZiOWQ5OS03OWYzLTRmYWItYTUzMC1mZWE2YjkzNmMxODcScnVzLWNlbnRyYWwxLWRvY2tlci5wa2cuZGV2L2NsYXNzdHJhY2stYmZmYjIvZ2NmLWFydGlmYWN0cy9jbGFzc3RyYWNrLS1iZmZiMl9fdXMtLWNlbnRyYWwxX19zZXRfdXNlcl9yb2xlOnZlcnNpb25fMRiVo/PN1gsiRXByb2plY3RzL2NsYXNzdHJhY2stYmZmYjIvbG9jYXRpb25zL3VzLWNlbnRyYWwxL2Z1bmN0aW9ucy9zZXRVc2VyUm9sZSoMCPuM29MGEOC6n7kCMghub2RlanMyMDp2CiNnY3IuaW8vZ2FlLXJ1bnRpbWVzL25vZGVqczIwOnN0YWJsZRJPdXMtY2VudHJhbDEtZG9ja2VyLnBrZy5kZXYvc2VydmVybGVzcy1ydW50aW1lcy9nb29nbGUtMjItZnVsbC9ydW50aW1lcy9ub2RlanMyMEAB","serviceAccount":"projects/classtrack-bffb2/serviceAccounts/401205940629-compute@developer.gserviceaccount.com","automaticUpdatePolicy":{}},"serviceConfig":{"service":"projects/classtrack-bffb2/locations/us-central1/services/revenuecatwebhook","timeoutSeconds":60,"environmentVariables":{"FIREBASE_CONFIG":"{\"projectId\":\"classtrack-bffb2\",\"storageBucket\":\"classtrack-bffb2.firebasestorage.app\"}","GCLOUD_PROJECT":"classtrack-bffb2","EVENTARC_CLOUD_EVENT_SOURCE":"projects/classtrack-bffb2/locations/us-central1/services/revenueCatWebhook","FUNCTION_TARGET":"revenueCatWebhook","LOG_EXECUTION_ID":"true","FUNCTION_SIGNATURE_TYPE":"http"},"ingressSettings":"ALLOW_ALL","uri":"https://revenuecatwebhook-q72q4oy2na-uc.a.run.app","serviceAccountEmail":"401205940629-compute@developer.gserviceaccount.com","availableMemory":"256Mi","allTrafficOnLatestRevision":true,"secretEnvironmentVariables":[{"key":"REVENUECAT_WEBHOOK_AUTH","projectId":"classtrack-bffb2","secret":"REVENUECAT_WEBHOOK_AUTH","version":"4"}],"revision":"revenuecatwebhook-00014-poh","maxInstanceRequestConcurrency":80,"availableCpu":"1"},"state":"ACTIVE","labels":{"deployment-tool":"cli-firebase","firebase-functions-hash":"ea5a720b094267e59284cd14438c1af2765d7122"},"environment":"GEN_2","url":"https://us-central1-classtrack-bffb2.cloudfunctions.net/revenueCatWebhook","satisfiesPzi":true},"stages":[{"name":"BUILD","message":"Reusing build","state":"COMPLETE","resource":"projects/401205940629/locations/us-central1/builds/59fb9d99-79f3-4fab-a530-fea6b936c187","stateMessages":[{"severity":"WARNING","type":"BuildAnalysisWarning","message":"Node.js 20 is no longer supported by the Node.js community as of 30 April, 2026. Node.js 20 will be decommissioned on 2026-10-30. As of 2026-10-30 you will no longer be able to deploy your Cloud Functions using nodejs20. We recommend you to upgrade to the latest version of Node.js as soon as possible."}]},{"name":"SERVICE","message":"Updating Cloud Run service","state":"IN_PROGRESS","resource":"projects/classtrack-bffb2/locations/us-central1/services/revenuecatwebhook","resourceUri":"https://console.cloud.google.com/run/detail/us-central1/revenuecatwebhook?project=classtrack-bffb2","stateMessages":[{"severity":"INFO","type":"CloudRunServiceNewRevisionTrafficInfo","message":"A new revision will be deployed serving with 100% traffic."}]}],"sourceToken":"Cldwcm9qZWN0cy80MDEyMDU5NDA2MjkvbG9jYXRpb25zL3VzLWNlbnRyYWwxL2J1aWxkcy81OWZiOWQ5OS03OWYzLTRmYWItYTUzMC1mZWE2YjkzNmMxODcScnVzLWNlbnRyYWwxLWRvY2tlci5wa2cuZGV2L2NsYXNzdHJhY2stYmZmYjIvZ2NmLWFydGlmYWN0cy9jbGFzc3RyYWNrLS1iZmZiMl9fdXMtLWNlbnRyYWwxX19zZXRfdXNlcl9yb2xlOnZlcnNpb25fMRiVo/PN1gsiRXByb2plY3RzL2NsYXNzdHJhY2stYmZmYjIvbG9jYXRpb25zL3VzLWNlbnRyYWwxL2Z1bmN0aW9ucy9zZXRVc2VyUm9sZSoMCPuM29MGEOC6n7kCMghub2RlanMyMDp2CiNnY3IuaW8vZ2FlLXJ1bnRpbWVzL25vZGVqczIwOnN0YWJsZRJPdXMtY2VudHJhbDEtZG9ja2VyLnBrZy5kZXYvc2VydmVybGVzcy1ydW50aW1lcy9nb29nbGUtMjItZnVsbC9ydW50aW1lcy9ub2RlanMyMEAB","operationType":"UPDATE_FUNCTION","buildName":"projects/401205940629/locations/us-central1/builds/59fb9d99-79f3-4fab-a530-fea6b936c187"},"done":false}
[debug] [2026-08-08T06:02:48.411Z] Got source token Cldwcm9qZWN0cy80MDEyMDU5NDA2MjkvbG9jYXRpb25zL3VzLWNlbnRyYWwxL2J1aWxkcy81OWZiOWQ5OS03OWYzLTRmYWItYTUzMC1mZWE2YjkzNmMxODcScnVzLWNlbnRyYWwxLWRvY2tlci5wa2cuZGV2L2NsYXNzdHJhY2stYmZmYjIvZ2NmLWFydGlmYWN0cy9jbGFzc3RyYWNrLS1iZmZiMl9fdXMtLWNlbnRyYWwxX19zZXRfdXNlcl9yb2xlOnZlcnNpb25fMRiVo/PN1gsiRXByb2plY3RzL2NsYXNzdHJhY2stYmZmYjIvbG9jYXRpb25zL3VzLWNlbnRyYWwxL2Z1bmN0aW9ucy9zZXRVc2VyUm9sZSoMCPuM29MGEOC6n7kCMghub2RlanMyMDp2CiNnY3IuaW8vZ2FlLXJ1bnRpbWVzL25vZGVqczIwOnN0YWJsZRJPdXMtY2VudHJhbDEtZG9ja2VyLnBrZy5kZXYvc2VydmVybGVzcy1ydW50aW1lcy9nb29nbGUtMjItZnVsbC9ydW50aW1lcy9ub2RlanMyMEAB for region us-central1
[debug] [2026-08-08T06:02:48.853Z] [update-default-us-central1-deleteAccount] Retrying task index 0
[debug] [2026-08-08T06:02:48.853Z] Checked if tokens are valid: true, expires at: 1786172451007
[debug] [2026-08-08T06:02:48.853Z] Checked if tokens are valid: true, expires at: 1786172451007
[debug] [2026-08-08T06:02:48.853Z] >>> [apiv2][query] GET https://cloudfunctions.googleapis.com/v2/projects/classtrack-bffb2/locations/us-central1/operations/operation-1786168962958-65882de8bc32a-3ef790f3-32d8e2b8 [none]
[debug] [2026-08-08T06:02:48.868Z] [update-default-us-central1-getReferralInfo] Retrying task index 0
[debug] [2026-08-08T06:02:48.868Z] Checked if tokens are valid: true, expires at: 1786172451007
[debug] [2026-08-08T06:02:48.868Z] Checked if tokens are valid: true, expires at: 1786172451007
[debug] [2026-08-08T06:02:48.868Z] >>> [apiv2][query] GET https://cloudfunctions.googleapis.com/v2/projects/classtrack-bffb2/locations/us-central1/operations/operation-1786168963146-65882de8ea42e-bbc3da1b-fae60365 [none]
[debug] [2026-08-08T06:02:48.915Z] [update-default-us-central1-revenueCatWebhook] Retrying task index 0
[debug] [2026-08-08T06:02:48.915Z] Checked if tokens are valid: true, expires at: 1786172451007
[debug] [2026-08-08T06:02:48.915Z] Checked if tokens are valid: true, expires at: 1786172451007
[debug] [2026-08-08T06:02:48.915Z] >>> [apiv2][query] GET https://cloudfunctions.googleapis.com/v2/projects/classtrack-bffb2/locations/us-central1/operations/operation-1786168963149-65882de8eadc0-fc41f416-1912d8d3 [none]
[debug] [2026-08-08T06:02:50.203Z] <<< [apiv2][status] GET https://cloudfunctions.googleapis.com/v2/projects/classtrack-bffb2/locations/us-central1/operations/operation-1786168962958-65882de8bc32a-3ef790f3-32d8e2b8 200
[debug] [2026-08-08T06:02:50.203Z] <<< [apiv2][body] GET https://cloudfunctions.googleapis.com/v2/projects/classtrack-bffb2/locations/us-central1/operations/operation-1786168962958-65882de8bc32a-3ef790f3-32d8e2b8 {"name":"projects/classtrack-bffb2/locations/us-central1/operations/operation-1786168962958-65882de8bc32a-3ef790f3-32d8e2b8","metadata":{"@type":"type.googleapis.com/google.cloud.functions.v2.OperationMetadata","createTime":"2026-08-08T06:02:44.507883036Z","target":"projects/classtrack-bffb2/locations/us-central1/functions/deleteAccount","verb":"update","cancelRequested":false,"apiVersion":"v2","requestResource":{"@type":"type.googleapis.com/google.cloud.functions.v2.Function","name":"projects/classtrack-bffb2/locations/us-central1/functions/deleteAccount","buildConfig":{"runtime":"nodejs20","entryPoint":"deleteAccount","source":{"storageSource":{"bucket":"gcf-v2-sources-401205940629-us-central1","object":"deleteAccount/function-source.zip","generation":"1786168964452339"}},"environmentVariables":{"GOOGLE_NODE_RUN_SCRIPTS":""},"dockerRepository":"projects/classtrack-bffb2/locations/us-central1/repositories/gcf-artifacts","sourceProvenance":{"resolvedStorageSource":{"bucket":"gcf-v2-sources-401205940629-us-central1","object":"deleteAccount/function-source.zip","generation":"1786084744619214"}},"dockerRegistry":"ARTIFACT_REGISTRY","sourceToken":"Cldwcm9qZWN0cy80MDEyMDU5NDA2MjkvbG9jYXRpb25zL3VzLWNlbnRyYWwxL2J1aWxkcy81OWZiOWQ5OS03OWYzLTRmYWItYTUzMC1mZWE2YjkzNmMxODcScnVzLWNlbnRyYWwxLWRvY2tlci5wa2cuZGV2L2NsYXNzdHJhY2stYmZmYjIvZ2NmLWFydGlmYWN0cy9jbGFzc3RyYWNrLS1iZmZiMl9fdXMtLWNlbnRyYWwxX19zZXRfdXNlcl9yb2xlOnZlcnNpb25fMRiVo/PN1gsiRXByb2plY3RzL2NsYXNzdHJhY2stYmZmYjIvbG9jYXRpb25zL3VzLWNlbnRyYWwxL2Z1bmN0aW9ucy9zZXRVc2VyUm9sZSoMCPuM29MGEOC6n7kCMghub2RlanMyMDp2CiNnY3IuaW8vZ2FlLXJ1bnRpbWVzL25vZGVqczIwOnN0YWJsZRJPdXMtY2VudHJhbDEtZG9ja2VyLnBrZy5kZXYvc2VydmVybGVzcy1ydW50aW1lcy9nb29nbGUtMjItZnVsbC9ydW50aW1lcy9ub2RlanMyMEAB","serviceAccount":"projects/classtrack-bffb2/serviceAccounts/401205940629-compute@developer.gserviceaccount.com","automaticUpdatePolicy":{}},"serviceConfig":{"service":"projects/classtrack-bffb2/locations/us-central1/services/deleteaccount","timeoutSeconds":60,"environmentVariables":{"FIREBASE_CONFIG":"{\"projectId\":\"classtrack-bffb2\",\"storageBucket\":\"classtrack-bffb2.firebasestorage.app\"}","GCLOUD_PROJECT":"classtrack-bffb2","EVENTARC_CLOUD_EVENT_SOURCE":"projects/classtrack-bffb2/locations/us-central1/services/deleteAccount","FUNCTION_TARGET":"deleteAccount","LOG_EXECUTION_ID":"true","FUNCTION_SIGNATURE_TYPE":"http"},"ingressSettings":"ALLOW_ALL","uri":"https://deleteaccount-q72q4oy2na-uc.a.run.app","serviceAccountEmail":"401205940629-compute@developer.gserviceaccount.com","availableMemory":"256Mi","allTrafficOnLatestRevision":true,"revision":"deleteaccount-00004-xuz","maxInstanceRequestConcurrency":80,"availableCpu":"1"},"state":"ACTIVE","labels":{"deployment-tool":"cli-firebase","deployment-callable":"true","firebase-functions-hash":"4e487aea94a5cc375eea913a222b4be2f168cf85"},"environment":"GEN_2","url":"https://us-central1-classtrack-bffb2.cloudfunctions.net/deleteAccount","satisfiesPzi":true},"stages":[{"name":"BUILD","message":"Reusing build","state":"COMPLETE","resource":"projects/401205940629/locations/us-central1/builds/59fb9d99-79f3-4fab-a530-fea6b936c187","stateMessages":[{"severity":"WARNING","type":"BuildAnalysisWarning","message":"Node.js 20 is no longer supported by the Node.js community as of 30 April, 2026. Node.js 20 will be decommissioned on 2026-10-30. As of 2026-10-30 you will no longer be able to deploy your Cloud Functions using nodejs20. We recommend you to upgrade to the latest version of Node.js as soon as possible."}]},{"name":"SERVICE","message":"Updating Cloud Run service","state":"IN_PROGRESS","resource":"projects/classtrack-bffb2/locations/us-central1/services/deleteaccount","resourceUri":"https://console.cloud.google.com/run/detail/us-central1/deleteaccount?project=classtrack-bffb2","stateMessages":[{"severity":"INFO","type":"CloudRunServiceNewRevisionTrafficInfo","message":"A new revision will be deployed serving with 100% traffic."}]}],"sourceToken":"Cldwcm9qZWN0cy80MDEyMDU5NDA2MjkvbG9jYXRpb25zL3VzLWNlbnRyYWwxL2J1aWxkcy81OWZiOWQ5OS03OWYzLTRmYWItYTUzMC1mZWE2YjkzNmMxODcScnVzLWNlbnRyYWwxLWRvY2tlci5wa2cuZGV2L2NsYXNzdHJhY2stYmZmYjIvZ2NmLWFydGlmYWN0cy9jbGFzc3RyYWNrLS1iZmZiMl9fdXMtLWNlbnRyYWwxX19zZXRfdXNlcl9yb2xlOnZlcnNpb25fMRiVo/PN1gsiRXByb2plY3RzL2NsYXNzdHJhY2stYmZmYjIvbG9jYXRpb25zL3VzLWNlbnRyYWwxL2Z1bmN0aW9ucy9zZXRVc2VyUm9sZSoMCPuM29MGEOC6n7kCMghub2RlanMyMDp2CiNnY3IuaW8vZ2FlLXJ1bnRpbWVzL25vZGVqczIwOnN0YWJsZRJPdXMtY2VudHJhbDEtZG9ja2VyLnBrZy5kZXYvc2VydmVybGVzcy1ydW50aW1lcy9nb29nbGUtMjItZnVsbC9ydW50aW1lcy9ub2RlanMyMEAB","operationType":"UPDATE_FUNCTION","buildName":"projects/401205940629/locations/us-central1/builds/59fb9d99-79f3-4fab-a530-fea6b936c187"},"done":false}
[debug] [2026-08-08T06:02:50.203Z] Got source token Cldwcm9qZWN0cy80MDEyMDU5NDA2MjkvbG9jYXRpb25zL3VzLWNlbnRyYWwxL2J1aWxkcy81OWZiOWQ5OS03OWYzLTRmYWItYTUzMC1mZWE2YjkzNmMxODcScnVzLWNlbnRyYWwxLWRvY2tlci5wa2cuZGV2L2NsYXNzdHJhY2stYmZmYjIvZ2NmLWFydGlmYWN0cy9jbGFzc3RyYWNrLS1iZmZiMl9fdXMtLWNlbnRyYWwxX19zZXRfdXNlcl9yb2xlOnZlcnNpb25fMRiVo/PN1gsiRXByb2plY3RzL2NsYXNzdHJhY2stYmZmYjIvbG9jYXRpb25zL3VzLWNlbnRyYWwxL2Z1bmN0aW9ucy9zZXRVc2VyUm9sZSoMCPuM29MGEOC6n7kCMghub2RlanMyMDp2CiNnY3IuaW8vZ2FlLXJ1bnRpbWVzL25vZGVqczIwOnN0YWJsZRJPdXMtY2VudHJhbDEtZG9ja2VyLnBrZy5kZXYvc2VydmVybGVzcy1ydW50aW1lcy9nb29nbGUtMjItZnVsbC9ydW50aW1lcy9ub2RlanMyMEAB for region us-central1
[debug] [2026-08-08T06:02:50.221Z] <<< [apiv2][status] GET https://cloudfunctions.googleapis.com/v2/projects/classtrack-bffb2/locations/us-central1/operations/operation-1786168963146-65882de8ea42e-bbc3da1b-fae60365 200
[debug] [2026-08-08T06:02:50.222Z] <<< [apiv2][body] GET https://cloudfunctions.googleapis.com/v2/projects/classtrack-bffb2/locations/us-central1/operations/operation-1786168963146-65882de8ea42e-bbc3da1b-fae60365 {"name":"projects/classtrack-bffb2/locations/us-central1/operations/operation-1786168963146-65882de8ea42e-bbc3da1b-fae60365","metadata":{"@type":"type.googleapis.com/google.cloud.functions.v2.OperationMetadata","createTime":"2026-08-08T06:02:45.764113770Z","target":"projects/classtrack-bffb2/locations/us-central1/functions/getReferralInfo","verb":"update","cancelRequested":false,"apiVersion":"v2","requestResource":{"@type":"type.googleapis.com/google.cloud.functions.v2.Function","name":"projects/classtrack-bffb2/locations/us-central1/functions/getReferralInfo","buildConfig":{"runtime":"nodejs20","entryPoint":"getReferralInfo","source":{"storageSource":{"bucket":"gcf-v2-sources-401205940629-us-central1","object":"getReferralInfo/function-source.zip","generation":"1786168965713503"}},"environmentVariables":{"GOOGLE_NODE_RUN_SCRIPTS":""},"dockerRepository":"projects/classtrack-bffb2/locations/us-central1/repositories/gcf-artifacts","sourceProvenance":{"resolvedStorageSource":{"bucket":"gcf-v2-sources-401205940629-us-central1","object":"getReferralInfo/function-source.zip","generation":"1786084794987733"}},"dockerRegistry":"ARTIFACT_REGISTRY","sourceToken":"Cldwcm9qZWN0cy80MDEyMDU5NDA2MjkvbG9jYXRpb25zL3VzLWNlbnRyYWwxL2J1aWxkcy81OWZiOWQ5OS03OWYzLTRmYWItYTUzMC1mZWE2YjkzNmMxODcScnVzLWNlbnRyYWwxLWRvY2tlci5wa2cuZGV2L2NsYXNzdHJhY2stYmZmYjIvZ2NmLWFydGlmYWN0cy9jbGFzc3RyYWNrLS1iZmZiMl9fdXMtLWNlbnRyYWwxX19zZXRfdXNlcl9yb2xlOnZlcnNpb25fMRiVo/PN1gsiRXByb2plY3RzL2NsYXNzdHJhY2stYmZmYjIvbG9jYXRpb25zL3VzLWNlbnRyYWwxL2Z1bmN0aW9ucy9zZXRVc2VyUm9sZSoMCPuM29MGEOC6n7kCMghub2RlanMyMDp2CiNnY3IuaW8vZ2FlLXJ1bnRpbWVzL25vZGVqczIwOnN0YWJsZRJPdXMtY2VudHJhbDEtZG9ja2VyLnBrZy5kZXYvc2VydmVybGVzcy1ydW50aW1lcy9nb29nbGUtMjItZnVsbC9ydW50aW1lcy9ub2RlanMyMEAB","serviceAccount":"projects/classtrack-bffb2/serviceAccounts/401205940629-compute@developer.gserviceaccount.com","automaticUpdatePolicy":{}},"serviceConfig":{"service":"projects/classtrack-bffb2/locations/us-central1/services/getreferralinfo","timeoutSeconds":60,"environmentVariables":{"FIREBASE_CONFIG":"{\"projectId\":\"classtrack-bffb2\",\"storageBucket\":\"classtrack-bffb2.firebasestorage.app\"}","GCLOUD_PROJECT":"classtrack-bffb2","EVENTARC_CLOUD_EVENT_SOURCE":"projects/classtrack-bffb2/locations/us-central1/services/getReferralInfo","FUNCTION_TARGET":"getReferralInfo","LOG_EXECUTION_ID":"true","FUNCTION_SIGNATURE_TYPE":"http"},"ingressSettings":"ALLOW_ALL","uri":"https://getreferralinfo-q72q4oy2na-uc.a.run.app","serviceAccountEmail":"401205940629-compute@developer.gserviceaccount.com","availableMemory":"256Mi","allTrafficOnLatestRevision":true,"revision":"getreferralinfo-00008-cot","maxInstanceRequestConcurrency":80,"availableCpu":"1"},"state":"ACTIVE","labels":{"deployment-tool":"cli-firebase","deployment-callable":"true","firebase-functions-hash":"4e487aea94a5cc375eea913a222b4be2f168cf85"},"environment":"GEN_2","url":"https://us-central1-classtrack-bffb2.cloudfunctions.net/getReferralInfo","satisfiesPzi":true},"stages":[{"name":"BUILD","message":"Reusing build","state":"COMPLETE","resource":"projects/401205940629/locations/us-central1/builds/59fb9d99-79f3-4fab-a530-fea6b936c187","stateMessages":[{"severity":"WARNING","type":"BuildAnalysisWarning","message":"Node.js 20 is no longer supported by the Node.js community as of 30 April, 2026. Node.js 20 will be decommissioned on 2026-10-30. As of 2026-10-30 you will no longer be able to deploy your Cloud Functions using nodejs20. We recommend you to upgrade to the latest version of Node.js as soon as possible."}]},{"name":"SERVICE","message":"Updating Cloud Run service","state":"IN_PROGRESS","resource":"projects/classtrack-bffb2/locations/us-central1/services/getreferralinfo","resourceUri":"https://console.cloud.google.com/run/detail/us-central1/getreferralinfo?project=classtrack-bffb2","stateMessages":[{"severity":"INFO","type":"CloudRunServiceNewRevisionTrafficInfo","message":"A new revision will be deployed serving with 100% traffic."}]}],"sourceToken":"Cldwcm9qZWN0cy80MDEyMDU5NDA2MjkvbG9jYXRpb25zL3VzLWNlbnRyYWwxL2J1aWxkcy81OWZiOWQ5OS03OWYzLTRmYWItYTUzMC1mZWE2YjkzNmMxODcScnVzLWNlbnRyYWwxLWRvY2tlci5wa2cuZGV2L2NsYXNzdHJhY2stYmZmYjIvZ2NmLWFydGlmYWN0cy9jbGFzc3RyYWNrLS1iZmZiMl9fdXMtLWNlbnRyYWwxX19zZXRfdXNlcl9yb2xlOnZlcnNpb25fMRiVo/PN1gsiRXByb2plY3RzL2NsYXNzdHJhY2stYmZmYjIvbG9jYXRpb25zL3VzLWNlbnRyYWwxL2Z1bmN0aW9ucy9zZXRVc2VyUm9sZSoMCPuM29MGEOC6n7kCMghub2RlanMyMDp2CiNnY3IuaW8vZ2FlLXJ1bnRpbWVzL25vZGVqczIwOnN0YWJsZRJPdXMtY2VudHJhbDEtZG9ja2VyLnBrZy5kZXYvc2VydmVybGVzcy1ydW50aW1lcy9nb29nbGUtMjItZnVsbC9ydW50aW1lcy9ub2RlanMyMEAB","operationType":"UPDATE_FUNCTION","buildName":"projects/401205940629/locations/us-central1/builds/59fb9d99-79f3-4fab-a530-fea6b936c187"},"done":false}
[debug] [2026-08-08T06:02:50.222Z] Got source token Cldwcm9qZWN0cy80MDEyMDU5NDA2MjkvbG9jYXRpb25zL3VzLWNlbnRyYWwxL2J1aWxkcy81OWZiOWQ5OS03OWYzLTRmYWItYTUzMC1mZWE2YjkzNmMxODcScnVzLWNlbnRyYWwxLWRvY2tlci5wa2cuZGV2L2NsYXNzdHJhY2stYmZmYjIvZ2NmLWFydGlmYWN0cy9jbGFzc3RyYWNrLS1iZmZiMl9fdXMtLWNlbnRyYWwxX19zZXRfdXNlcl9yb2xlOnZlcnNpb25fMRiVo/PN1gsiRXByb2plY3RzL2NsYXNzdHJhY2stYmZmYjIvbG9jYXRpb25zL3VzLWNlbnRyYWwxL2Z1bmN0aW9ucy9zZXRVc2VyUm9sZSoMCPuM29MGEOC6n7kCMghub2RlanMyMDp2CiNnY3IuaW8vZ2FlLXJ1bnRpbWVzL25vZGVqczIwOnN0YWJsZRJPdXMtY2VudHJhbDEtZG9ja2VyLnBrZy5kZXYvc2VydmVybGVzcy1ydW50aW1lcy9nb29nbGUtMjItZnVsbC9ydW50aW1lcy9ub2RlanMyMEAB for region us-central1
[debug] [2026-08-08T06:02:50.277Z] <<< [apiv2][status] GET https://cloudfunctions.googleapis.com/v2/projects/classtrack-bffb2/locations/us-central1/operations/operation-1786168962357-65882de82992f-b218c786-4762a257 200
[debug] [2026-08-08T06:02:50.277Z] <<< [apiv2][body] GET https://cloudfunctions.googleapis.com/v2/projects/classtrack-bffb2/locations/us-central1/operations/operation-1786168962357-65882de82992f-b218c786-4762a257 {"name":"projects/classtrack-bffb2/locations/us-central1/operations/operation-1786168962357-65882de82992f-b218c786-4762a257","metadata":{"@type":"type.googleapis.com/google.cloud.functions.v2.OperationMetadata","createTime":"2026-08-08T06:02:44.333211967Z","target":"projects/classtrack-bffb2/locations/us-central1/functions/redeemReferral","verb":"update","cancelRequested":false,"apiVersion":"v2","requestResource":{"@type":"type.googleapis.com/google.cloud.functions.v2.Function","name":"projects/classtrack-bffb2/locations/us-central1/functions/redeemReferral","buildConfig":{"runtime":"nodejs20","entryPoint":"redeemReferral","source":{"storageSource":{"bucket":"gcf-v2-sources-401205940629-us-central1","object":"redeemReferral/function-source.zip","generation":"1786168964278984"}},"environmentVariables":{"GOOGLE_NODE_RUN_SCRIPTS":""},"dockerRepository":"projects/classtrack-bffb2/locations/us-central1/repositories/gcf-artifacts","sourceProvenance":{"resolvedStorageSource":{"bucket":"gcf-v2-sources-401205940629-us-central1","object":"redeemReferral/function-source.zip","generation":"1786084795067173"}},"dockerRegistry":"ARTIFACT_REGISTRY","sourceToken":"Cldwcm9qZWN0cy80MDEyMDU5NDA2MjkvbG9jYXRpb25zL3VzLWNlbnRyYWwxL2J1aWxkcy81OWZiOWQ5OS03OWYzLTRmYWItYTUzMC1mZWE2YjkzNmMxODcScnVzLWNlbnRyYWwxLWRvY2tlci5wa2cuZGV2L2NsYXNzdHJhY2stYmZmYjIvZ2NmLWFydGlmYWN0cy9jbGFzc3RyYWNrLS1iZmZiMl9fdXMtLWNlbnRyYWwxX19zZXRfdXNlcl9yb2xlOnZlcnNpb25fMRiVo/PN1gsiRXByb2plY3RzL2NsYXNzdHJhY2stYmZmYjIvbG9jYXRpb25zL3VzLWNlbnRyYWwxL2Z1bmN0aW9ucy9zZXRVc2VyUm9sZSoMCPuM29MGEOC6n7kCMghub2RlanMyMDp2CiNnY3IuaW8vZ2FlLXJ1bnRpbWVzL25vZGVqczIwOnN0YWJsZRJPdXMtY2VudHJhbDEtZG9ja2VyLnBrZy5kZXYvc2VydmVybGVzcy1ydW50aW1lcy9nb29nbGUtMjItZnVsbC9ydW50aW1lcy9ub2RlanMyMEAB","serviceAccount":"projects/classtrack-bffb2/serviceAccounts/401205940629-compute@developer.gserviceaccount.com","automaticUpdatePolicy":{}},"serviceConfig":{"service":"projects/classtrack-bffb2/locations/us-central1/services/redeemreferral","timeoutSeconds":60,"environmentVariables":{"FIREBASE_CONFIG":"{\"projectId\":\"classtrack-bffb2\",\"storageBucket\":\"classtrack-bffb2.firebasestorage.app\"}","GCLOUD_PROJECT":"classtrack-bffb2","EVENTARC_CLOUD_EVENT_SOURCE":"projects/classtrack-bffb2/locations/us-central1/services/redeemReferral","FUNCTION_TARGET":"redeemReferral","LOG_EXECUTION_ID":"true","FUNCTION_SIGNATURE_TYPE":"http"},"ingressSettings":"ALLOW_ALL","uri":"https://redeemreferral-q72q4oy2na-uc.a.run.app","serviceAccountEmail":"401205940629-compute@developer.gserviceaccount.com","availableMemory":"256Mi","allTrafficOnLatestRevision":true,"revision":"redeemreferral-00008-guv","maxInstanceRequestConcurrency":80,"availableCpu":"1"},"state":"ACTIVE","labels":{"deployment-tool":"cli-firebase","deployment-callable":"true","firebase-functions-hash":"4e487aea94a5cc375eea913a222b4be2f168cf85"},"environment":"GEN_2","url":"https://us-central1-classtrack-bffb2.cloudfunctions.net/redeemReferral","satisfiesPzi":true},"stages":[{"name":"BUILD","message":"Reusing build","state":"COMPLETE","resource":"projects/401205940629/locations/us-central1/builds/59fb9d99-79f3-4fab-a530-fea6b936c187","stateMessages":[{"severity":"WARNING","type":"BuildAnalysisWarning","message":"Node.js 20 is no longer supported by the Node.js community as of 30 April, 2026. Node.js 20 will be decommissioned on 2026-10-30. As of 2026-10-30 you will no longer be able to deploy your Cloud Functions using nodejs20. We recommend you to upgrade to the latest version of Node.js as soon as possible."}]},{"name":"SERVICE","message":"Updating Cloud Run service","state":"IN_PROGRESS","resource":"projects/classtrack-bffb2/locations/us-central1/services/redeemreferral","resourceUri":"https://console.cloud.google.com/run/detail/us-central1/redeemreferral?project=classtrack-bffb2","stateMessages":[{"severity":"INFO","type":"CloudRunServiceNewRevisionTrafficInfo","message":"A new revision will be deployed serving with 100% traffic."}]}],"sourceToken":"Cldwcm9qZWN0cy80MDEyMDU5NDA2MjkvbG9jYXRpb25zL3VzLWNlbnRyYWwxL2J1aWxkcy81OWZiOWQ5OS03OWYzLTRmYWItYTUzMC1mZWE2YjkzNmMxODcScnVzLWNlbnRyYWwxLWRvY2tlci5wa2cuZGV2L2NsYXNzdHJhY2stYmZmYjIvZ2NmLWFydGlmYWN0cy9jbGFzc3RyYWNrLS1iZmZiMl9fdXMtLWNlbnRyYWwxX19zZXRfdXNlcl9yb2xlOnZlcnNpb25fMRiVo/PN1gsiRXByb2plY3RzL2NsYXNzdHJhY2stYmZmYjIvbG9jYXRpb25zL3VzLWNlbnRyYWwxL2Z1bmN0aW9ucy9zZXRVc2VyUm9sZSoMCPuM29MGEOC6n7kCMghub2RlanMyMDp2CiNnY3IuaW8vZ2FlLXJ1bnRpbWVzL25vZGVqczIwOnN0YWJsZRJPdXMtY2VudHJhbDEtZG9ja2VyLnBrZy5kZXYvc2VydmVybGVzcy1ydW50aW1lcy9nb29nbGUtMjItZnVsbC9ydW50aW1lcy9ub2RlanMyMEAB","operationType":"UPDATE_FUNCTION","buildName":"projects/401205940629/locations/us-central1/builds/59fb9d99-79f3-4fab-a530-fea6b936c187"},"done":false}
[debug] [2026-08-08T06:02:50.277Z] Got source token Cldwcm9qZWN0cy80MDEyMDU5NDA2MjkvbG9jYXRpb25zL3VzLWNlbnRyYWwxL2J1aWxkcy81OWZiOWQ5OS03OWYzLTRmYWItYTUzMC1mZWE2YjkzNmMxODcScnVzLWNlbnRyYWwxLWRvY2tlci5wa2cuZGV2L2NsYXNzdHJhY2stYmZmYjIvZ2NmLWFydGlmYWN0cy9jbGFzc3RyYWNrLS1iZmZiMl9fdXMtLWNlbnRyYWwxX19zZXRfdXNlcl9yb2xlOnZlcnNpb25fMRiVo/PN1gsiRXByb2plY3RzL2NsYXNzdHJhY2stYmZmYjIvbG9jYXRpb25zL3VzLWNlbnRyYWwxL2Z1bmN0aW9ucy9zZXRVc2VyUm9sZSoMCPuM29MGEOC6n7kCMghub2RlanMyMDp2CiNnY3IuaW8vZ2FlLXJ1bnRpbWVzL25vZGVqczIwOnN0YWJsZRJPdXMtY2VudHJhbDEtZG9ja2VyLnBrZy5kZXYvc2VydmVybGVzcy1ydW50aW1lcy9nb29nbGUtMjItZnVsbC9ydW50aW1lcy9ub2RlanMyMEAB for region us-central1
[debug] [2026-08-08T06:02:50.309Z] <<< [apiv2][status] GET https://cloudfunctions.googleapis.com/v2/projects/classtrack-bffb2/locations/us-central1/operations/operation-1786168963149-65882de8eadc0-fc41f416-1912d8d3 200
[debug] [2026-08-08T06:02:50.310Z] <<< [apiv2][body] GET https://cloudfunctions.googleapis.com/v2/projects/classtrack-bffb2/locations/us-central1/operations/operation-1786168963149-65882de8eadc0-fc41f416-1912d8d3 {"name":"projects/classtrack-bffb2/locations/us-central1/operations/operation-1786168963149-65882de8eadc0-fc41f416-1912d8d3","metadata":{"@type":"type.googleapis.com/google.cloud.functions.v2.OperationMetadata","createTime":"2026-08-08T06:02:44.975965154Z","target":"projects/classtrack-bffb2/locations/us-central1/functions/revenueCatWebhook","verb":"update","cancelRequested":false,"apiVersion":"v2","requestResource":{"@type":"type.googleapis.com/google.cloud.functions.v2.Function","name":"projects/classtrack-bffb2/locations/us-central1/functions/revenueCatWebhook","buildConfig":{"runtime":"nodejs20","entryPoint":"revenueCatWebhook","source":{"storageSource":{"bucket":"gcf-v2-sources-401205940629-us-central1","object":"revenueCatWebhook/function-source.zip","generation":"1786168964921526"}},"environmentVariables":{"GOOGLE_NODE_RUN_SCRIPTS":""},"dockerRepository":"projects/classtrack-bffb2/locations/us-central1/repositories/gcf-artifacts","sourceProvenance":{"resolvedStorageSource":{"bucket":"gcf-v2-sources-401205940629-us-central1","object":"revenueCatWebhook/function-source.zip","generation":"1786084795024742"}},"dockerRegistry":"ARTIFACT_REGISTRY","sourceToken":"Cldwcm9qZWN0cy80MDEyMDU5NDA2MjkvbG9jYXRpb25zL3VzLWNlbnRyYWwxL2J1aWxkcy81OWZiOWQ5OS03OWYzLTRmYWItYTUzMC1mZWE2YjkzNmMxODcScnVzLWNlbnRyYWwxLWRvY2tlci5wa2cuZGV2L2NsYXNzdHJhY2stYmZmYjIvZ2NmLWFydGlmYWN0cy9jbGFzc3RyYWNrLS1iZmZiMl9fdXMtLWNlbnRyYWwxX19zZXRfdXNlcl9yb2xlOnZlcnNpb25fMRiVo/PN1gsiRXByb2plY3RzL2NsYXNzdHJhY2stYmZmYjIvbG9jYXRpb25zL3VzLWNlbnRyYWwxL2Z1bmN0aW9ucy9zZXRVc2VyUm9sZSoMCPuM29MGEOC6n7kCMghub2RlanMyMDp2CiNnY3IuaW8vZ2FlLXJ1bnRpbWVzL25vZGVqczIwOnN0YWJsZRJPdXMtY2VudHJhbDEtZG9ja2VyLnBrZy5kZXYvc2VydmVybGVzcy1ydW50aW1lcy9nb29nbGUtMjItZnVsbC9ydW50aW1lcy9ub2RlanMyMEAB","serviceAccount":"projects/classtrack-bffb2/serviceAccounts/401205940629-compute@developer.gserviceaccount.com","automaticUpdatePolicy":{}},"serviceConfig":{"service":"projects/classtrack-bffb2/locations/us-central1/services/revenuecatwebhook","timeoutSeconds":60,"environmentVariables":{"FIREBASE_CONFIG":"{\"projectId\":\"classtrack-bffb2\",\"storageBucket\":\"classtrack-bffb2.firebasestorage.app\"}","GCLOUD_PROJECT":"classtrack-bffb2","EVENTARC_CLOUD_EVENT_SOURCE":"projects/classtrack-bffb2/locations/us-central1/services/revenueCatWebhook","FUNCTION_TARGET":"revenueCatWebhook","LOG_EXECUTION_ID":"true","FUNCTION_SIGNATURE_TYPE":"http"},"ingressSettings":"ALLOW_ALL","uri":"https://revenuecatwebhook-q72q4oy2na-uc.a.run.app","serviceAccountEmail":"401205940629-compute@developer.gserviceaccount.com","availableMemory":"256Mi","allTrafficOnLatestRevision":true,"secretEnvironmentVariables":[{"key":"REVENUECAT_WEBHOOK_AUTH","projectId":"classtrack-bffb2","secret":"REVENUECAT_WEBHOOK_AUTH","version":"4"}],"revision":"revenuecatwebhook-00014-poh","maxInstanceRequestConcurrency":80,"availableCpu":"1"},"state":"ACTIVE","labels":{"deployment-tool":"cli-firebase","firebase-functions-hash":"ea5a720b094267e59284cd14438c1af2765d7122"},"environment":"GEN_2","url":"https://us-central1-classtrack-bffb2.cloudfunctions.net/revenueCatWebhook","satisfiesPzi":true},"stages":[{"name":"BUILD","message":"Reusing build","state":"COMPLETE","resource":"projects/401205940629/locations/us-central1/builds/59fb9d99-79f3-4fab-a530-fea6b936c187","stateMessages":[{"severity":"WARNING","type":"BuildAnalysisWarning","message":"Node.js 20 is no longer supported by the Node.js community as of 30 April, 2026. Node.js 20 will be decommissioned on 2026-10-30. As of 2026-10-30 you will no longer be able to deploy your Cloud Functions using nodejs20. We recommend you to upgrade to the latest version of Node.js as soon as possible."}]},{"name":"SERVICE","message":"Updating Cloud Run service","state":"IN_PROGRESS","resource":"projects/classtrack-bffb2/locations/us-central1/services/revenuecatwebhook","resourceUri":"https://console.cloud.google.com/run/detail/us-central1/revenuecatwebhook?project=classtrack-bffb2","stateMessages":[{"severity":"INFO","type":"CloudRunServiceNewRevisionTrafficInfo","message":"A new revision will be deployed serving with 100% traffic."}]}],"sourceToken":"Cldwcm9qZWN0cy80MDEyMDU5NDA2MjkvbG9jYXRpb25zL3VzLWNlbnRyYWwxL2J1aWxkcy81OWZiOWQ5OS03OWYzLTRmYWItYTUzMC1mZWE2YjkzNmMxODcScnVzLWNlbnRyYWwxLWRvY2tlci5wa2cuZGV2L2NsYXNzdHJhY2stYmZmYjIvZ2NmLWFydGlmYWN0cy9jbGFzc3RyYWNrLS1iZmZiMl9fdXMtLWNlbnRyYWwxX19zZXRfdXNlcl9yb2xlOnZlcnNpb25fMRiVo/PN1gsiRXByb2plY3RzL2NsYXNzdHJhY2stYmZmYjIvbG9jYXRpb25zL3VzLWNlbnRyYWwxL2Z1bmN0aW9ucy9zZXRVc2VyUm9sZSoMCPuM29MGEOC6n7kCMghub2RlanMyMDp2CiNnY3IuaW8vZ2FlLXJ1bnRpbWVzL25vZGVqczIwOnN0YWJsZRJPdXMtY2VudHJhbDEtZG9ja2VyLnBrZy5kZXYvc2VydmVybGVzcy1ydW50aW1lcy9nb29nbGUtMjItZnVsbC9ydW50aW1lcy9ub2RlanMyMEAB","operationType":"UPDATE_FUNCTION","buildName":"projects/401205940629/locations/us-central1/builds/59fb9d99-79f3-4fab-a530-fea6b936c187"},"done":false}
[debug] [2026-08-08T06:02:50.310Z] Got source token Cldwcm9qZWN0cy80MDEyMDU5NDA2MjkvbG9jYXRpb25zL3VzLWNlbnRyYWwxL2J1aWxkcy81OWZiOWQ5OS03OWYzLTRmYWItYTUzMC1mZWE2YjkzNmMxODcScnVzLWNlbnRyYWwxLWRvY2tlci5wa2cuZGV2L2NsYXNzdHJhY2stYmZmYjIvZ2NmLWFydGlmYWN0cy9jbGFzc3RyYWNrLS1iZmZiMl9fdXMtLWNlbnRyYWwxX19zZXRfdXNlcl9yb2xlOnZlcnNpb25fMRiVo/PN1gsiRXByb2plY3RzL2NsYXNzdHJhY2stYmZmYjIvbG9jYXRpb25zL3VzLWNlbnRyYWwxL2Z1bmN0aW9ucy9zZXRVc2VyUm9sZSoMCPuM29MGEOC6n7kCMghub2RlanMyMDp2CiNnY3IuaW8vZ2FlLXJ1bnRpbWVzL25vZGVqczIwOnN0YWJsZRJPdXMtY2VudHJhbDEtZG9ja2VyLnBrZy5kZXYvc2VydmVybGVzcy1ydW50aW1lcy9nb29nbGUtMjItZnVsbC9ydW50aW1lcy9ub2RlanMyMEAB for region us-central1
[debug] [2026-08-08T06:02:50.789Z] [update-default-us-central1-redeemReferral] Retrying task index 0
[debug] [2026-08-08T06:02:50.789Z] Checked if tokens are valid: true, expires at: 1786172451007
[debug] [2026-08-08T06:02:50.789Z] Checked if tokens are valid: true, expires at: 1786172451007
[debug] [2026-08-08T06:02:50.789Z] >>> [apiv2][query] GET https://cloudfunctions.googleapis.com/v2/projects/classtrack-bffb2/locations/us-central1/operations/operation-1786168962357-65882de82992f-b218c786-4762a257 [none]
[debug] [2026-08-08T06:02:51.216Z] [update-default-us-central1-deleteAccount] Retrying task index 0
[debug] [2026-08-08T06:02:51.216Z] Checked if tokens are valid: true, expires at: 1786172451007
[debug] [2026-08-08T06:02:51.216Z] Checked if tokens are valid: true, expires at: 1786172451007
[debug] [2026-08-08T06:02:51.216Z] >>> [apiv2][query] GET https://cloudfunctions.googleapis.com/v2/projects/classtrack-bffb2/locations/us-central1/operations/operation-1786168962958-65882de8bc32a-3ef790f3-32d8e2b8 [none]
[debug] [2026-08-08T06:02:51.231Z] [update-default-us-central1-getReferralInfo] Retrying task index 0
[debug] [2026-08-08T06:02:51.232Z] Checked if tokens are valid: true, expires at: 1786172451007
[debug] [2026-08-08T06:02:51.232Z] Checked if tokens are valid: true, expires at: 1786172451007
[debug] [2026-08-08T06:02:51.232Z] >>> [apiv2][query] GET https://cloudfunctions.googleapis.com/v2/projects/classtrack-bffb2/locations/us-central1/operations/operation-1786168963146-65882de8ea42e-bbc3da1b-fae60365 [none]
[debug] [2026-08-08T06:02:51.311Z] [update-default-us-central1-revenueCatWebhook] Retrying task index 0
[debug] [2026-08-08T06:02:51.311Z] Checked if tokens are valid: true, expires at: 1786172451007
[debug] [2026-08-08T06:02:51.311Z] Checked if tokens are valid: true, expires at: 1786172451007
[debug] [2026-08-08T06:02:51.311Z] >>> [apiv2][query] GET https://cloudfunctions.googleapis.com/v2/projects/classtrack-bffb2/locations/us-central1/operations/operation-1786168963149-65882de8eadc0-fc41f416-1912d8d3 [none]
[debug] [2026-08-08T06:02:51.614Z] <<< [apiv2][status] GET https://cloudfunctions.googleapis.com/v2/projects/classtrack-bffb2/locations/us-central1/operations/operation-1786168963146-65882de8ea42e-bbc3da1b-fae60365 200
[debug] [2026-08-08T06:02:51.614Z] <<< [apiv2][body] GET https://cloudfunctions.googleapis.com/v2/projects/classtrack-bffb2/locations/us-central1/operations/operation-1786168963146-65882de8ea42e-bbc3da1b-fae60365 {"name":"projects/classtrack-bffb2/locations/us-central1/operations/operation-1786168963146-65882de8ea42e-bbc3da1b-fae60365","metadata":{"@type":"type.googleapis.com/google.cloud.functions.v2.OperationMetadata","createTime":"2026-08-08T06:02:45.764113770Z","target":"projects/classtrack-bffb2/locations/us-central1/functions/getReferralInfo","verb":"update","cancelRequested":false,"apiVersion":"v2","requestResource":{"@type":"type.googleapis.com/google.cloud.functions.v2.Function","name":"projects/classtrack-bffb2/locations/us-central1/functions/getReferralInfo","buildConfig":{"runtime":"nodejs20","entryPoint":"getReferralInfo","source":{"storageSource":{"bucket":"gcf-v2-sources-401205940629-us-central1","object":"getReferralInfo/function-source.zip","generation":"1786168965713503"}},"environmentVariables":{"GOOGLE_NODE_RUN_SCRIPTS":""},"dockerRepository":"projects/classtrack-bffb2/locations/us-central1/repositories/gcf-artifacts","sourceProvenance":{"resolvedStorageSource":{"bucket":"gcf-v2-sources-401205940629-us-central1","object":"getReferralInfo/function-source.zip","generation":"1786084794987733"}},"dockerRegistry":"ARTIFACT_REGISTRY","sourceToken":"Cldwcm9qZWN0cy80MDEyMDU5NDA2MjkvbG9jYXRpb25zL3VzLWNlbnRyYWwxL2J1aWxkcy81OWZiOWQ5OS03OWYzLTRmYWItYTUzMC1mZWE2YjkzNmMxODcScnVzLWNlbnRyYWwxLWRvY2tlci5wa2cuZGV2L2NsYXNzdHJhY2stYmZmYjIvZ2NmLWFydGlmYWN0cy9jbGFzc3RyYWNrLS1iZmZiMl9fdXMtLWNlbnRyYWwxX19zZXRfdXNlcl9yb2xlOnZlcnNpb25fMRiVo/PN1gsiRXByb2plY3RzL2NsYXNzdHJhY2stYmZmYjIvbG9jYXRpb25zL3VzLWNlbnRyYWwxL2Z1bmN0aW9ucy9zZXRVc2VyUm9sZSoMCPuM29MGEOC6n7kCMghub2RlanMyMDp2CiNnY3IuaW8vZ2FlLXJ1bnRpbWVzL25vZGVqczIwOnN0YWJsZRJPdXMtY2VudHJhbDEtZG9ja2VyLnBrZy5kZXYvc2VydmVybGVzcy1ydW50aW1lcy9nb29nbGUtMjItZnVsbC9ydW50aW1lcy9ub2RlanMyMEAB","serviceAccount":"projects/classtrack-bffb2/serviceAccounts/401205940629-compute@developer.gserviceaccount.com","automaticUpdatePolicy":{}},"serviceConfig":{"service":"projects/classtrack-bffb2/locations/us-central1/services/getreferralinfo","timeoutSeconds":60,"environmentVariables":{"FIREBASE_CONFIG":"{\"projectId\":\"classtrack-bffb2\",\"storageBucket\":\"classtrack-bffb2.firebasestorage.app\"}","GCLOUD_PROJECT":"classtrack-bffb2","EVENTARC_CLOUD_EVENT_SOURCE":"projects/classtrack-bffb2/locations/us-central1/services/getReferralInfo","FUNCTION_TARGET":"getReferralInfo","LOG_EXECUTION_ID":"true","FUNCTION_SIGNATURE_TYPE":"http"},"ingressSettings":"ALLOW_ALL","uri":"https://getreferralinfo-q72q4oy2na-uc.a.run.app","serviceAccountEmail":"401205940629-compute@developer.gserviceaccount.com","availableMemory":"256Mi","allTrafficOnLatestRevision":true,"revision":"getreferralinfo-00008-cot","maxInstanceRequestConcurrency":80,"availableCpu":"1"},"state":"ACTIVE","labels":{"deployment-tool":"cli-firebase","deployment-callable":"true","firebase-functions-hash":"4e487aea94a5cc375eea913a222b4be2f168cf85"},"environment":"GEN_2","url":"https://us-central1-classtrack-bffb2.cloudfunctions.net/getReferralInfo","satisfiesPzi":true},"stages":[{"name":"BUILD","message":"Reusing build","state":"COMPLETE","resource":"projects/401205940629/locations/us-central1/builds/59fb9d99-79f3-4fab-a530-fea6b936c187","stateMessages":[{"severity":"WARNING","type":"BuildAnalysisWarning","message":"Node.js 20 is no longer supported by the Node.js community as of 30 April, 2026. Node.js 20 will be decommissioned on 2026-10-30. As of 2026-10-30 you will no longer be able to deploy your Cloud Functions using nodejs20. We recommend you to upgrade to the latest version of Node.js as soon as possible."}]},{"name":"SERVICE","message":"Updating Cloud Run service","state":"IN_PROGRESS","resource":"projects/classtrack-bffb2/locations/us-central1/services/getreferralinfo","resourceUri":"https://console.cloud.google.com/run/detail/us-central1/getreferralinfo?project=classtrack-bffb2","stateMessages":[{"severity":"INFO","type":"CloudRunServiceNewRevisionTrafficInfo","message":"A new revision will be deployed serving with 100% traffic."}]}],"sourceToken":"Cldwcm9qZWN0cy80MDEyMDU5NDA2MjkvbG9jYXRpb25zL3VzLWNlbnRyYWwxL2J1aWxkcy81OWZiOWQ5OS03OWYzLTRmYWItYTUzMC1mZWE2YjkzNmMxODcScnVzLWNlbnRyYWwxLWRvY2tlci5wa2cuZGV2L2NsYXNzdHJhY2stYmZmYjIvZ2NmLWFydGlmYWN0cy9jbGFzc3RyYWNrLS1iZmZiMl9fdXMtLWNlbnRyYWwxX19zZXRfdXNlcl9yb2xlOnZlcnNpb25fMRiVo/PN1gsiRXByb2plY3RzL2NsYXNzdHJhY2stYmZmYjIvbG9jYXRpb25zL3VzLWNlbnRyYWwxL2Z1bmN0aW9ucy9zZXRVc2VyUm9sZSoMCPuM29MGEOC6n7kCMghub2RlanMyMDp2CiNnY3IuaW8vZ2FlLXJ1bnRpbWVzL25vZGVqczIwOnN0YWJsZRJPdXMtY2VudHJhbDEtZG9ja2VyLnBrZy5kZXYvc2VydmVybGVzcy1ydW50aW1lcy9nb29nbGUtMjItZnVsbC9ydW50aW1lcy9ub2RlanMyMEAB","operationType":"UPDATE_FUNCTION","buildName":"projects/401205940629/locations/us-central1/builds/59fb9d99-79f3-4fab-a530-fea6b936c187"},"done":false}
[debug] [2026-08-08T06:02:51.614Z] Got source token Cldwcm9qZWN0cy80MDEyMDU5NDA2MjkvbG9jYXRpb25zL3VzLWNlbnRyYWwxL2J1aWxkcy81OWZiOWQ5OS03OWYzLTRmYWItYTUzMC1mZWE2YjkzNmMxODcScnVzLWNlbnRyYWwxLWRvY2tlci5wa2cuZGV2L2NsYXNzdHJhY2stYmZmYjIvZ2NmLWFydGlmYWN0cy9jbGFzc3RyYWNrLS1iZmZiMl9fdXMtLWNlbnRyYWwxX19zZXRfdXNlcl9yb2xlOnZlcnNpb25fMRiVo/PN1gsiRXByb2plY3RzL2NsYXNzdHJhY2stYmZmYjIvbG9jYXRpb25zL3VzLWNlbnRyYWwxL2Z1bmN0aW9ucy9zZXRVc2VyUm9sZSoMCPuM29MGEOC6n7kCMghub2RlanMyMDp2CiNnY3IuaW8vZ2FlLXJ1bnRpbWVzL25vZGVqczIwOnN0YWJsZRJPdXMtY2VudHJhbDEtZG9ja2VyLnBrZy5kZXYvc2VydmVybGVzcy1ydW50aW1lcy9nb29nbGUtMjItZnVsbC9ydW50aW1lcy9ub2RlanMyMEAB for region us-central1
[debug] [2026-08-08T06:02:52.145Z] <<< [apiv2][status] GET https://cloudfunctions.googleapis.com/v2/projects/classtrack-bffb2/locations/us-central1/operations/operation-1786168962357-65882de82992f-b218c786-4762a257 200
[debug] [2026-08-08T06:02:52.146Z] <<< [apiv2][body] GET https://cloudfunctions.googleapis.com/v2/projects/classtrack-bffb2/locations/us-central1/operations/operation-1786168962357-65882de82992f-b218c786-4762a257 {"name":"projects/classtrack-bffb2/locations/us-central1/operations/operation-1786168962357-65882de82992f-b218c786-4762a257","metadata":{"@type":"type.googleapis.com/google.cloud.functions.v2.OperationMetadata","createTime":"2026-08-08T06:02:44.333211967Z","target":"projects/classtrack-bffb2/locations/us-central1/functions/redeemReferral","verb":"update","cancelRequested":false,"apiVersion":"v2","requestResource":{"@type":"type.googleapis.com/google.cloud.functions.v2.Function","name":"projects/classtrack-bffb2/locations/us-central1/functions/redeemReferral","buildConfig":{"runtime":"nodejs20","entryPoint":"redeemReferral","source":{"storageSource":{"bucket":"gcf-v2-sources-401205940629-us-central1","object":"redeemReferral/function-source.zip","generation":"1786168964278984"}},"environmentVariables":{"GOOGLE_NODE_RUN_SCRIPTS":""},"dockerRepository":"projects/classtrack-bffb2/locations/us-central1/repositories/gcf-artifacts","sourceProvenance":{"resolvedStorageSource":{"bucket":"gcf-v2-sources-401205940629-us-central1","object":"redeemReferral/function-source.zip","generation":"1786084795067173"}},"dockerRegistry":"ARTIFACT_REGISTRY","sourceToken":"Cldwcm9qZWN0cy80MDEyMDU5NDA2MjkvbG9jYXRpb25zL3VzLWNlbnRyYWwxL2J1aWxkcy81OWZiOWQ5OS03OWYzLTRmYWItYTUzMC1mZWE2YjkzNmMxODcScnVzLWNlbnRyYWwxLWRvY2tlci5wa2cuZGV2L2NsYXNzdHJhY2stYmZmYjIvZ2NmLWFydGlmYWN0cy9jbGFzc3RyYWNrLS1iZmZiMl9fdXMtLWNlbnRyYWwxX19zZXRfdXNlcl9yb2xlOnZlcnNpb25fMRiVo/PN1gsiRXByb2plY3RzL2NsYXNzdHJhY2stYmZmYjIvbG9jYXRpb25zL3VzLWNlbnRyYWwxL2Z1bmN0aW9ucy9zZXRVc2VyUm9sZSoMCPuM29MGEOC6n7kCMghub2RlanMyMDp2CiNnY3IuaW8vZ2FlLXJ1bnRpbWVzL25vZGVqczIwOnN0YWJsZRJPdXMtY2VudHJhbDEtZG9ja2VyLnBrZy5kZXYvc2VydmVybGVzcy1ydW50aW1lcy9nb29nbGUtMjItZnVsbC9ydW50aW1lcy9ub2RlanMyMEAB","serviceAccount":"projects/classtrack-bffb2/serviceAccounts/401205940629-compute@developer.gserviceaccount.com","automaticUpdatePolicy":{}},"serviceConfig":{"service":"projects/classtrack-bffb2/locations/us-central1/services/redeemreferral","timeoutSeconds":60,"environmentVariables":{"FIREBASE_CONFIG":"{\"projectId\":\"classtrack-bffb2\",\"storageBucket\":\"classtrack-bffb2.firebasestorage.app\"}","GCLOUD_PROJECT":"classtrack-bffb2","EVENTARC_CLOUD_EVENT_SOURCE":"projects/classtrack-bffb2/locations/us-central1/services/redeemReferral","FUNCTION_TARGET":"redeemReferral","LOG_EXECUTION_ID":"true","FUNCTION_SIGNATURE_TYPE":"http"},"ingressSettings":"ALLOW_ALL","uri":"https://redeemreferral-q72q4oy2na-uc.a.run.app","serviceAccountEmail":"401205940629-compute@developer.gserviceaccount.com","availableMemory":"256Mi","allTrafficOnLatestRevision":true,"revision":"redeemreferral-00008-guv","maxInstanceRequestConcurrency":80,"availableCpu":"1"},"state":"ACTIVE","labels":{"deployment-tool":"cli-firebase","deployment-callable":"true","firebase-functions-hash":"4e487aea94a5cc375eea913a222b4be2f168cf85"},"environment":"GEN_2","url":"https://us-central1-classtrack-bffb2.cloudfunctions.net/redeemReferral","satisfiesPzi":true},"stages":[{"name":"BUILD","message":"Reusing build","state":"COMPLETE","resource":"projects/401205940629/locations/us-central1/builds/59fb9d99-79f3-4fab-a530-fea6b936c187","stateMessages":[{"severity":"WARNING","type":"BuildAnalysisWarning","message":"Node.js 20 is no longer supported by the Node.js community as of 30 April, 2026. Node.js 20 will be decommissioned on 2026-10-30. As of 2026-10-30 you will no longer be able to deploy your Cloud Functions using nodejs20. We recommend you to upgrade to the latest version of Node.js as soon as possible."}]},{"name":"SERVICE","message":"Updating Cloud Run service","state":"IN_PROGRESS","resource":"projects/classtrack-bffb2/locations/us-central1/services/redeemreferral","resourceUri":"https://console.cloud.google.com/run/detail/us-central1/redeemreferral?project=classtrack-bffb2","stateMessages":[{"severity":"INFO","type":"CloudRunServiceNewRevisionTrafficInfo","message":"A new revision will be deployed serving with 100% traffic."}]}],"sourceToken":"Cldwcm9qZWN0cy80MDEyMDU5NDA2MjkvbG9jYXRpb25zL3VzLWNlbnRyYWwxL2J1aWxkcy81OWZiOWQ5OS03OWYzLTRmYWItYTUzMC1mZWE2YjkzNmMxODcScnVzLWNlbnRyYWwxLWRvY2tlci5wa2cuZGV2L2NsYXNzdHJhY2stYmZmYjIvZ2NmLWFydGlmYWN0cy9jbGFzc3RyYWNrLS1iZmZiMl9fdXMtLWNlbnRyYWwxX19zZXRfdXNlcl9yb2xlOnZlcnNpb25fMRiVo/PN1gsiRXByb2plY3RzL2NsYXNzdHJhY2stYmZmYjIvbG9jYXRpb25zL3VzLWNlbnRyYWwxL2Z1bmN0aW9ucy9zZXRVc2VyUm9sZSoMCPuM29MGEOC6n7kCMghub2RlanMyMDp2CiNnY3IuaW8vZ2FlLXJ1bnRpbWVzL25vZGVqczIwOnN0YWJsZRJPdXMtY2VudHJhbDEtZG9ja2VyLnBrZy5kZXYvc2VydmVybGVzcy1ydW50aW1lcy9nb29nbGUtMjItZnVsbC9ydW50aW1lcy9ub2RlanMyMEAB","operationType":"UPDATE_FUNCTION","buildName":"projects/401205940629/locations/us-central1/builds/59fb9d99-79f3-4fab-a530-fea6b936c187"},"done":false}
[debug] [2026-08-08T06:02:52.146Z] Got source token Cldwcm9qZWN0cy80MDEyMDU5NDA2MjkvbG9jYXRpb25zL3VzLWNlbnRyYWwxL2J1aWxkcy81OWZiOWQ5OS03OWYzLTRmYWItYTUzMC1mZWE2YjkzNmMxODcScnVzLWNlbnRyYWwxLWRvY2tlci5wa2cuZGV2L2NsYXNzdHJhY2stYmZmYjIvZ2NmLWFydGlmYWN0cy9jbGFzc3RyYWNrLS1iZmZiMl9fdXMtLWNlbnRyYWwxX19zZXRfdXNlcl9yb2xlOnZlcnNpb25fMRiVo/PN1gsiRXByb2plY3RzL2NsYXNzdHJhY2stYmZmYjIvbG9jYXRpb25zL3VzLWNlbnRyYWwxL2Z1bmN0aW9ucy9zZXRVc2VyUm9sZSoMCPuM29MGEOC6n7kCMghub2RlanMyMDp2CiNnY3IuaW8vZ2FlLXJ1bnRpbWVzL25vZGVqczIwOnN0YWJsZRJPdXMtY2VudHJhbDEtZG9ja2VyLnBrZy5kZXYvc2VydmVybGVzcy1ydW50aW1lcy9nb29nbGUtMjItZnVsbC9ydW50aW1lcy9ub2RlanMyMEAB for region us-central1
[debug] [2026-08-08T06:02:52.239Z] [create-default-us-central1-setUserRole] Retrying task index 0
[debug] [2026-08-08T06:02:52.239Z] Checked if tokens are valid: true, expires at: 1786172451007
[debug] [2026-08-08T06:02:52.239Z] Checked if tokens are valid: true, expires at: 1786172451007
[debug] [2026-08-08T06:02:52.239Z] >>> [apiv2][query] GET https://cloudfunctions.googleapis.com/v2/projects/classtrack-bffb2/locations/us-central1/operations/operation-1786168907007-65882db3605f4-3451facd-b77787b6 [none]
[debug] [2026-08-08T06:02:52.572Z] <<< [apiv2][status] GET https://cloudfunctions.googleapis.com/v2/projects/classtrack-bffb2/locations/us-central1/operations/operation-1786168962958-65882de8bc32a-3ef790f3-32d8e2b8 200
[debug] [2026-08-08T06:02:52.572Z] <<< [apiv2][body] GET https://cloudfunctions.googleapis.com/v2/projects/classtrack-bffb2/locations/us-central1/operations/operation-1786168962958-65882de8bc32a-3ef790f3-32d8e2b8 {"name":"projects/classtrack-bffb2/locations/us-central1/operations/operation-1786168962958-65882de8bc32a-3ef790f3-32d8e2b8","metadata":{"@type":"type.googleapis.com/google.cloud.functions.v2.OperationMetadata","createTime":"2026-08-08T06:02:44.507883036Z","target":"projects/classtrack-bffb2/locations/us-central1/functions/deleteAccount","verb":"update","cancelRequested":false,"apiVersion":"v2","requestResource":{"@type":"type.googleapis.com/google.cloud.functions.v2.Function","name":"projects/classtrack-bffb2/locations/us-central1/functions/deleteAccount","buildConfig":{"runtime":"nodejs20","entryPoint":"deleteAccount","source":{"storageSource":{"bucket":"gcf-v2-sources-401205940629-us-central1","object":"deleteAccount/function-source.zip","generation":"1786168964452339"}},"environmentVariables":{"GOOGLE_NODE_RUN_SCRIPTS":""},"dockerRepository":"projects/classtrack-bffb2/locations/us-central1/repositories/gcf-artifacts","sourceProvenance":{"resolvedStorageSource":{"bucket":"gcf-v2-sources-401205940629-us-central1","object":"deleteAccount/function-source.zip","generation":"1786084744619214"}},"dockerRegistry":"ARTIFACT_REGISTRY","sourceToken":"Cldwcm9qZWN0cy80MDEyMDU5NDA2MjkvbG9jYXRpb25zL3VzLWNlbnRyYWwxL2J1aWxkcy81OWZiOWQ5OS03OWYzLTRmYWItYTUzMC1mZWE2YjkzNmMxODcScnVzLWNlbnRyYWwxLWRvY2tlci5wa2cuZGV2L2NsYXNzdHJhY2stYmZmYjIvZ2NmLWFydGlmYWN0cy9jbGFzc3RyYWNrLS1iZmZiMl9fdXMtLWNlbnRyYWwxX19zZXRfdXNlcl9yb2xlOnZlcnNpb25fMRiVo/PN1gsiRXByb2plY3RzL2NsYXNzdHJhY2stYmZmYjIvbG9jYXRpb25zL3VzLWNlbnRyYWwxL2Z1bmN0aW9ucy9zZXRVc2VyUm9sZSoMCPuM29MGEOC6n7kCMghub2RlanMyMDp2CiNnY3IuaW8vZ2FlLXJ1bnRpbWVzL25vZGVqczIwOnN0YWJsZRJPdXMtY2VudHJhbDEtZG9ja2VyLnBrZy5kZXYvc2VydmVybGVzcy1ydW50aW1lcy9nb29nbGUtMjItZnVsbC9ydW50aW1lcy9ub2RlanMyMEAB","serviceAccount":"projects/classtrack-bffb2/serviceAccounts/401205940629-compute@developer.gserviceaccount.com","automaticUpdatePolicy":{}},"serviceConfig":{"service":"projects/classtrack-bffb2/locations/us-central1/services/deleteaccount","timeoutSeconds":60,"environmentVariables":{"FIREBASE_CONFIG":"{\"projectId\":\"classtrack-bffb2\",\"storageBucket\":\"classtrack-bffb2.firebasestorage.app\"}","GCLOUD_PROJECT":"classtrack-bffb2","EVENTARC_CLOUD_EVENT_SOURCE":"projects/classtrack-bffb2/locations/us-central1/services/deleteAccount","FUNCTION_TARGET":"deleteAccount","LOG_EXECUTION_ID":"true","FUNCTION_SIGNATURE_TYPE":"http"},"ingressSettings":"ALLOW_ALL","uri":"https://deleteaccount-q72q4oy2na-uc.a.run.app","serviceAccountEmail":"401205940629-compute@developer.gserviceaccount.com","availableMemory":"256Mi","allTrafficOnLatestRevision":true,"revision":"deleteaccount-00004-xuz","maxInstanceRequestConcurrency":80,"availableCpu":"1"},"state":"ACTIVE","labels":{"deployment-tool":"cli-firebase","deployment-callable":"true","firebase-functions-hash":"4e487aea94a5cc375eea913a222b4be2f168cf85"},"environment":"GEN_2","url":"https://us-central1-classtrack-bffb2.cloudfunctions.net/deleteAccount","satisfiesPzi":true},"stages":[{"name":"BUILD","message":"Reusing build","state":"COMPLETE","resource":"projects/401205940629/locations/us-central1/builds/59fb9d99-79f3-4fab-a530-fea6b936c187","stateMessages":[{"severity":"WARNING","type":"BuildAnalysisWarning","message":"Node.js 20 is no longer supported by the Node.js community as of 30 April, 2026. Node.js 20 will be decommissioned on 2026-10-30. As of 2026-10-30 you will no longer be able to deploy your Cloud Functions using nodejs20. We recommend you to upgrade to the latest version of Node.js as soon as possible."}]},{"name":"SERVICE","message":"Updating Cloud Run service","state":"IN_PROGRESS","resource":"projects/classtrack-bffb2/locations/us-central1/services/deleteaccount","resourceUri":"https://console.cloud.google.com/run/detail/us-central1/deleteaccount?project=classtrack-bffb2","stateMessages":[{"severity":"INFO","type":"CloudRunServiceNewRevisionTrafficInfo","message":"A new revision will be deployed serving with 100% traffic."}]}],"sourceToken":"Cldwcm9qZWN0cy80MDEyMDU5NDA2MjkvbG9jYXRpb25zL3VzLWNlbnRyYWwxL2J1aWxkcy81OWZiOWQ5OS03OWYzLTRmYWItYTUzMC1mZWE2YjkzNmMxODcScnVzLWNlbnRyYWwxLWRvY2tlci5wa2cuZGV2L2NsYXNzdHJhY2stYmZmYjIvZ2NmLWFydGlmYWN0cy9jbGFzc3RyYWNrLS1iZmZiMl9fdXMtLWNlbnRyYWwxX19zZXRfdXNlcl9yb2xlOnZlcnNpb25fMRiVo/PN1gsiRXByb2plY3RzL2NsYXNzdHJhY2stYmZmYjIvbG9jYXRpb25zL3VzLWNlbnRyYWwxL2Z1bmN0aW9ucy9zZXRVc2VyUm9sZSoMCPuM29MGEOC6n7kCMghub2RlanMyMDp2CiNnY3IuaW8vZ2FlLXJ1bnRpbWVzL25vZGVqczIwOnN0YWJsZRJPdXMtY2VudHJhbDEtZG9ja2VyLnBrZy5kZXYvc2VydmVybGVzcy1ydW50aW1lcy9nb29nbGUtMjItZnVsbC9ydW50aW1lcy9ub2RlanMyMEAB","operationType":"UPDATE_FUNCTION","buildName":"projects/401205940629/locations/us-central1/builds/59fb9d99-79f3-4fab-a530-fea6b936c187"},"done":false}
[debug] [2026-08-08T06:02:52.572Z] Got source token Cldwcm9qZWN0cy80MDEyMDU5NDA2MjkvbG9jYXRpb25zL3VzLWNlbnRyYWwxL2J1aWxkcy81OWZiOWQ5OS03OWYzLTRmYWItYTUzMC1mZWE2YjkzNmMxODcScnVzLWNlbnRyYWwxLWRvY2tlci5wa2cuZGV2L2NsYXNzdHJhY2stYmZmYjIvZ2NmLWFydGlmYWN0cy9jbGFzc3RyYWNrLS1iZmZiMl9fdXMtLWNlbnRyYWwxX19zZXRfdXNlcl9yb2xlOnZlcnNpb25fMRiVo/PN1gsiRXByb2plY3RzL2NsYXNzdHJhY2stYmZmYjIvbG9jYXRpb25zL3VzLWNlbnRyYWwxL2Z1bmN0aW9ucy9zZXRVc2VyUm9sZSoMCPuM29MGEOC6n7kCMghub2RlanMyMDp2CiNnY3IuaW8vZ2FlLXJ1bnRpbWVzL25vZGVqczIwOnN0YWJsZRJPdXMtY2VudHJhbDEtZG9ja2VyLnBrZy5kZXYvc2VydmVybGVzcy1ydW50aW1lcy9nb29nbGUtMjItZnVsbC9ydW50aW1lcy9ub2RlanMyMEAB for region us-central1
[debug] [2026-08-08T06:02:52.766Z] <<< [apiv2][status] GET https://cloudfunctions.googleapis.com/v2/projects/classtrack-bffb2/locations/us-central1/operations/operation-1786168963149-65882de8eadc0-fc41f416-1912d8d3 200
[debug] [2026-08-08T06:02:52.766Z] <<< [apiv2][body] GET https://cloudfunctions.googleapis.com/v2/projects/classtrack-bffb2/locations/us-central1/operations/operation-1786168963149-65882de8eadc0-fc41f416-1912d8d3 {"name":"projects/classtrack-bffb2/locations/us-central1/operations/operation-1786168963149-65882de8eadc0-fc41f416-1912d8d3","metadata":{"@type":"type.googleapis.com/google.cloud.functions.v2.OperationMetadata","createTime":"2026-08-08T06:02:44.975965154Z","target":"projects/classtrack-bffb2/locations/us-central1/functions/revenueCatWebhook","verb":"update","cancelRequested":false,"apiVersion":"v2","requestResource":{"@type":"type.googleapis.com/google.cloud.functions.v2.Function","name":"projects/classtrack-bffb2/locations/us-central1/functions/revenueCatWebhook","buildConfig":{"runtime":"nodejs20","entryPoint":"revenueCatWebhook","source":{"storageSource":{"bucket":"gcf-v2-sources-401205940629-us-central1","object":"revenueCatWebhook/function-source.zip","generation":"1786168964921526"}},"environmentVariables":{"GOOGLE_NODE_RUN_SCRIPTS":""},"dockerRepository":"projects/classtrack-bffb2/locations/us-central1/repositories/gcf-artifacts","sourceProvenance":{"resolvedStorageSource":{"bucket":"gcf-v2-sources-401205940629-us-central1","object":"revenueCatWebhook/function-source.zip","generation":"1786084795024742"}},"dockerRegistry":"ARTIFACT_REGISTRY","sourceToken":"Cldwcm9qZWN0cy80MDEyMDU5NDA2MjkvbG9jYXRpb25zL3VzLWNlbnRyYWwxL2J1aWxkcy81OWZiOWQ5OS03OWYzLTRmYWItYTUzMC1mZWE2YjkzNmMxODcScnVzLWNlbnRyYWwxLWRvY2tlci5wa2cuZGV2L2NsYXNzdHJhY2stYmZmYjIvZ2NmLWFydGlmYWN0cy9jbGFzc3RyYWNrLS1iZmZiMl9fdXMtLWNlbnRyYWwxX19zZXRfdXNlcl9yb2xlOnZlcnNpb25fMRiVo/PN1gsiRXByb2plY3RzL2NsYXNzdHJhY2stYmZmYjIvbG9jYXRpb25zL3VzLWNlbnRyYWwxL2Z1bmN0aW9ucy9zZXRVc2VyUm9sZSoMCPuM29MGEOC6n7kCMghub2RlanMyMDp2CiNnY3IuaW8vZ2FlLXJ1bnRpbWVzL25vZGVqczIwOnN0YWJsZRJPdXMtY2VudHJhbDEtZG9ja2VyLnBrZy5kZXYvc2VydmVybGVzcy1ydW50aW1lcy9nb29nbGUtMjItZnVsbC9ydW50aW1lcy9ub2RlanMyMEAB","serviceAccount":"projects/classtrack-bffb2/serviceAccounts/401205940629-compute@developer.gserviceaccount.com","automaticUpdatePolicy":{}},"serviceConfig":{"service":"projects/classtrack-bffb2/locations/us-central1/services/revenuecatwebhook","timeoutSeconds":60,"environmentVariables":{"FIREBASE_CONFIG":"{\"projectId\":\"classtrack-bffb2\",\"storageBucket\":\"classtrack-bffb2.firebasestorage.app\"}","GCLOUD_PROJECT":"classtrack-bffb2","EVENTARC_CLOUD_EVENT_SOURCE":"projects/classtrack-bffb2/locations/us-central1/services/revenueCatWebhook","FUNCTION_TARGET":"revenueCatWebhook","LOG_EXECUTION_ID":"true","FUNCTION_SIGNATURE_TYPE":"http"},"ingressSettings":"ALLOW_ALL","uri":"https://revenuecatwebhook-q72q4oy2na-uc.a.run.app","serviceAccountEmail":"401205940629-compute@developer.gserviceaccount.com","availableMemory":"256Mi","allTrafficOnLatestRevision":true,"secretEnvironmentVariables":[{"key":"REVENUECAT_WEBHOOK_AUTH","projectId":"classtrack-bffb2","secret":"REVENUECAT_WEBHOOK_AUTH","version":"4"}],"revision":"revenuecatwebhook-00014-poh","maxInstanceRequestConcurrency":80,"availableCpu":"1"},"state":"ACTIVE","labels":{"deployment-tool":"cli-firebase","firebase-functions-hash":"ea5a720b094267e59284cd14438c1af2765d7122"},"environment":"GEN_2","url":"https://us-central1-classtrack-bffb2.cloudfunctions.net/revenueCatWebhook","satisfiesPzi":true},"stages":[{"name":"BUILD","message":"Reusing build","state":"COMPLETE","resource":"projects/401205940629/locations/us-central1/builds/59fb9d99-79f3-4fab-a530-fea6b936c187","stateMessages":[{"severity":"WARNING","type":"BuildAnalysisWarning","message":"Node.js 20 is no longer supported by the Node.js community as of 30 April, 2026. Node.js 20 will be decommissioned on 2026-10-30. As of 2026-10-30 you will no longer be able to deploy your Cloud Functions using nodejs20. We recommend you to upgrade to the latest version of Node.js as soon as possible."}]},{"name":"SERVICE","message":"Updating Cloud Run service","state":"IN_PROGRESS","resource":"projects/classtrack-bffb2/locations/us-central1/services/revenuecatwebhook","resourceUri":"https://console.cloud.google.com/run/detail/us-central1/revenuecatwebhook?project=classtrack-bffb2","stateMessages":[{"severity":"INFO","type":"CloudRunServiceNewRevisionTrafficInfo","message":"A new revision will be deployed serving with 100% traffic."}]}],"sourceToken":"Cldwcm9qZWN0cy80MDEyMDU5NDA2MjkvbG9jYXRpb25zL3VzLWNlbnRyYWwxL2J1aWxkcy81OWZiOWQ5OS03OWYzLTRmYWItYTUzMC1mZWE2YjkzNmMxODcScnVzLWNlbnRyYWwxLWRvY2tlci5wa2cuZGV2L2NsYXNzdHJhY2stYmZmYjIvZ2NmLWFydGlmYWN0cy9jbGFzc3RyYWNrLS1iZmZiMl9fdXMtLWNlbnRyYWwxX19zZXRfdXNlcl9yb2xlOnZlcnNpb25fMRiVo/PN1gsiRXByb2plY3RzL2NsYXNzdHJhY2stYmZmYjIvbG9jYXRpb25zL3VzLWNlbnRyYWwxL2Z1bmN0aW9ucy9zZXRVc2VyUm9sZSoMCPuM29MGEOC6n7kCMghub2RlanMyMDp2CiNnY3IuaW8vZ2FlLXJ1bnRpbWVzL25vZGVqczIwOnN0YWJsZRJPdXMtY2VudHJhbDEtZG9ja2VyLnBrZy5kZXYvc2VydmVybGVzcy1ydW50aW1lcy9nb29nbGUtMjItZnVsbC9ydW50aW1lcy9ub2RlanMyMEAB","operationType":"UPDATE_FUNCTION","buildName":"projects/401205940629/locations/us-central1/builds/59fb9d99-79f3-4fab-a530-fea6b936c187"},"done":false}
[debug] [2026-08-08T06:02:52.766Z] Got source token Cldwcm9qZWN0cy80MDEyMDU5NDA2MjkvbG9jYXRpb25zL3VzLWNlbnRyYWwxL2J1aWxkcy81OWZiOWQ5OS03OWYzLTRmYWItYTUzMC1mZWE2YjkzNmMxODcScnVzLWNlbnRyYWwxLWRvY2tlci5wa2cuZGV2L2NsYXNzdHJhY2stYmZmYjIvZ2NmLWFydGlmYWN0cy9jbGFzc3RyYWNrLS1iZmZiMl9fdXMtLWNlbnRyYWwxX19zZXRfdXNlcl9yb2xlOnZlcnNpb25fMRiVo/PN1gsiRXByb2plY3RzL2NsYXNzdHJhY2stYmZmYjIvbG9jYXRpb25zL3VzLWNlbnRyYWwxL2Z1bmN0aW9ucy9zZXRVc2VyUm9sZSoMCPuM29MGEOC6n7kCMghub2RlanMyMDp2CiNnY3IuaW8vZ2FlLXJ1bnRpbWVzL25vZGVqczIwOnN0YWJsZRJPdXMtY2VudHJhbDEtZG9ja2VyLnBrZy5kZXYvc2VydmVybGVzcy1ydW50aW1lcy9nb29nbGUtMjItZnVsbC9ydW50aW1lcy9ub2RlanMyMEAB for region us-central1
[debug] [2026-08-08T06:02:53.157Z] [update-default-us-central1-redeemReferral] Retrying task index 0
[debug] [2026-08-08T06:02:53.157Z] Checked if tokens are valid: true, expires at: 1786172451007
[debug] [2026-08-08T06:02:53.157Z] Checked if tokens are valid: true, expires at: 1786172451007
[debug] [2026-08-08T06:02:53.157Z] >>> [apiv2][query] GET https://cloudfunctions.googleapis.com/v2/projects/classtrack-bffb2/locations/us-central1/operations/operation-1786168962357-65882de82992f-b218c786-4762a257 [none]
[debug] [2026-08-08T06:02:53.615Z] [update-default-us-central1-getReferralInfo] Retrying task index 0
[debug] [2026-08-08T06:02:53.615Z] Checked if tokens are valid: true, expires at: 1786172451007
[debug] [2026-08-08T06:02:53.615Z] Checked if tokens are valid: true, expires at: 1786172451007
[debug] [2026-08-08T06:02:53.615Z] >>> [apiv2][query] GET https://cloudfunctions.googleapis.com/v2/projects/classtrack-bffb2/locations/us-central1/operations/operation-1786168963146-65882de8ea42e-bbc3da1b-fae60365 [none]
[debug] [2026-08-08T06:02:53.691Z] <<< [apiv2][status] GET https://cloudfunctions.googleapis.com/v2/projects/classtrack-bffb2/locations/us-central1/operations/operation-1786168907007-65882db3605f4-3451facd-b77787b6 200
[debug] [2026-08-08T06:02:53.691Z] <<< [apiv2][body] GET https://cloudfunctions.googleapis.com/v2/projects/classtrack-bffb2/locations/us-central1/operations/operation-1786168907007-65882db3605f4-3451facd-b77787b6 {"name":"projects/classtrack-bffb2/locations/us-central1/operations/operation-1786168907007-65882db3605f4-3451facd-b77787b6","metadata":{"@type":"type.googleapis.com/google.cloud.functions.v2.OperationMetadata","createTime":"2026-08-08T06:01:48.578650505Z","endTime":"2026-08-08T06:02:44.581856103Z","target":"projects/classtrack-bffb2/locations/us-central1/functions/setUserRole","verb":"create","cancelRequested":false,"apiVersion":"v2","requestResource":{"@type":"type.googleapis.com/google.cloud.functions.v2.Function","name":"projects/classtrack-bffb2/locations/us-central1/functions/setUserRole","buildConfig":{"runtime":"nodejs20","entryPoint":"setUserRole","source":{"storageSource":{"bucket":"gcf-v2-sources-401205940629-us-central1","object":"setUserRole/function-source.zip","generation":"1786168908252527"}},"environmentVariables":{"GOOGLE_NODE_RUN_SCRIPTS":""},"serviceAccount":"projects/classtrack-bffb2/serviceAccounts/401205940629-compute@developer.gserviceaccount.com","automaticUpdatePolicy":{}},"serviceConfig":{"service":"projects/classtrack-bffb2/locations/us-central1/services/setuserrole","timeoutSeconds":60,"environmentVariables":{"FIREBASE_CONFIG":"{\"projectId\":\"classtrack-bffb2\",\"storageBucket\":\"classtrack-bffb2.firebasestorage.app\"}","GCLOUD_PROJECT":"classtrack-bffb2","EVENTARC_CLOUD_EVENT_SOURCE":"projects/classtrack-bffb2/locations/us-central1/services/setUserRole","FUNCTION_TARGET":"setUserRole","LOG_EXECUTION_ID":"true"},"ingressSettings":"ALLOW_ALL","serviceAccountEmail":"401205940629-compute@developer.gserviceaccount.com","availableMemory":"256Mi","maxInstanceRequestConcurrency":80,"availableCpu":"1"},"labels":{"deployment-tool":"cli-firebase","deployment-callable":"true","firebase-functions-hash":"4e487aea94a5cc375eea913a222b4be2f168cf85"},"environment":"GEN_2"},"stages":[{"name":"BUILD","message":"Build finished","state":"COMPLETE","resource":"projects/401205940629/locations/us-central1/builds/59fb9d99-79f3-4fab-a530-fea6b936c187","resourceUri":"https://console.cloud.google.com/cloud-build/builds;region=us-central1/59fb9d99-79f3-4fab-a530-fea6b936c187?project=401205940629"},{"name":"SERVICE","message":"Creating Cloud Run service","state":"COMPLETE","resource":"projects/classtrack-bffb2/locations/us-central1/services/setuserrole","resourceUri":"https://console.cloud.google.com/run/detail/us-central1/setuserrole?project=classtrack-bffb2"}],"sourceToken":"Cldwcm9qZWN0cy80MDEyMDU5NDA2MjkvbG9jYXRpb25zL3VzLWNlbnRyYWwxL2J1aWxkcy81OWZiOWQ5OS03OWYzLTRmYWItYTUzMC1mZWE2YjkzNmMxODcScnVzLWNlbnRyYWwxLWRvY2tlci5wa2cuZGV2L2NsYXNzdHJhY2stYmZmYjIvZ2NmLWFydGlmYWN0cy9jbGFzc3RyYWNrLS1iZmZiMl9fdXMtLWNlbnRyYWwxX19zZXRfdXNlcl9yb2xlOnZlcnNpb25fMRiVo/PN1gsiRXByb2plY3RzL2NsYXNzdHJhY2stYmZmYjIvbG9jYXRpb25zL3VzLWNlbnRyYWwxL2Z1bmN0aW9ucy9zZXRVc2VyUm9sZSoMCPuM29MGEOC6n7kCMghub2RlanMyMDp2CiNnY3IuaW8vZ2FlLXJ1bnRpbWVzL25vZGVqczIwOnN0YWJsZRJPdXMtY2VudHJhbDEtZG9ja2VyLnBrZy5kZXYvc2VydmVybGVzcy1ydW50aW1lcy9nb29nbGUtMjItZnVsbC9ydW50aW1lcy9ub2RlanMyMEAB","operationType":"CREATE_FUNCTION","buildName":"projects/401205940629/locations/us-central1/builds/59fb9d99-79f3-4fab-a530-fea6b936c187"},"done":true,"response":{"@type":"type.googleapis.com/google.cloud.functions.v2.Function","name":"projects/classtrack-bffb2/locations/us-central1/functions/setUserRole","buildConfig":{"build":"projects/401205940629/locations/us-central1/builds/59fb9d99-79f3-4fab-a530-fea6b936c187","runtime":"nodejs20","entryPoint":"setUserRole","source":{"storageSource":{"bucket":"gcf-v2-sources-401205940629-us-central1","object":"setUserRole/function-source.zip","generation":"1786168908252527"}},"environmentVariables":{"GOOGLE_NODE_RUN_SCRIPTS":""},"dockerRepository":"projects/classtrack-bffb2/locations/us-central1/repositories/gcf-artifacts","sourceProvenance":{"resolvedStorageSource":{"bucket":"gcf-v2-sources-401205940629-us-central1","object":"setUserRole/function-source.zip","generation":"1786168908252527"}},"dockerRegistry":"ARTIFACT_REGISTRY","serviceAccount":"projects/classtrack-bffb2/serviceAccounts/401205940629-compute@developer.gserviceaccount.com","automaticUpdatePolicy":{}},"serviceConfig":{"service":"projects/classtrack-bffb2/locations/us-central1/services/setuserrole","timeoutSeconds":60,"environmentVariables":{"FIREBASE_CONFIG":"{\"projectId\":\"classtrack-bffb2\",\"storageBucket\":\"classtrack-bffb2.firebasestorage.app\"}","GCLOUD_PROJECT":"classtrack-bffb2","EVENTARC_CLOUD_EVENT_SOURCE":"projects/classtrack-bffb2/locations/us-central1/services/setUserRole","FUNCTION_TARGET":"setUserRole","LOG_EXECUTION_ID":"true"},"ingressSettings":"ALLOW_ALL","uri":"https://setuserrole-q72q4oy2na-uc.a.run.app","serviceAccountEmail":"401205940629-compute@developer.gserviceaccount.com","availableMemory":"256Mi","allTrafficOnLatestRevision":true,"revision":"setuserrole-00001-wav","maxInstanceRequestConcurrency":80,"availableCpu":"1"},"state":"ACTIVE","updateTime":"2026-08-08T06:01:48.573079455Z","labels":{"firebase-functions-hash":"4e487aea94a5cc375eea913a222b4be2f168cf85","deployment-tool":"cli-firebase","deployment-callable":"true"},"environment":"GEN_2","url":"https://us-central1-classtrack-bffb2.cloudfunctions.net/setUserRole","createTime":"2026-08-08T06:01:48.573079455Z","satisfiesPzi":true}}
[debug] [2026-08-08T06:02:53.691Z] Got source token Cldwcm9qZWN0cy80MDEyMDU5NDA2MjkvbG9jYXRpb25zL3VzLWNlbnRyYWwxL2J1aWxkcy81OWZiOWQ5OS03OWYzLTRmYWItYTUzMC1mZWE2YjkzNmMxODcScnVzLWNlbnRyYWwxLWRvY2tlci5wa2cuZGV2L2NsYXNzdHJhY2stYmZmYjIvZ2NmLWFydGlmYWN0cy9jbGFzc3RyYWNrLS1iZmZiMl9fdXMtLWNlbnRyYWwxX19zZXRfdXNlcl9yb2xlOnZlcnNpb25fMRiVo/PN1gsiRXByb2plY3RzL2NsYXNzdHJhY2stYmZmYjIvbG9jYXRpb25zL3VzLWNlbnRyYWwxL2Z1bmN0aW9ucy9zZXRVc2VyUm9sZSoMCPuM29MGEOC6n7kCMghub2RlanMyMDp2CiNnY3IuaW8vZ2FlLXJ1bnRpbWVzL25vZGVqczIwOnN0YWJsZRJPdXMtY2VudHJhbDEtZG9ja2VyLnBrZy5kZXYvc2VydmVybGVzcy1ydW50aW1lcy9nb29nbGUtMjItZnVsbC9ydW50aW1lcy9ub2RlanMyMEAB for region us-central1
[debug] [2026-08-08T06:02:53.692Z] Checked if tokens are valid: true, expires at: 1786172451007
[debug] [2026-08-08T06:02:53.692Z] Checked if tokens are valid: true, expires at: 1786172451007
[debug] [2026-08-08T06:02:53.692Z] >>> [apiv2][query] POST https://run.googleapis.com/v1/projects/classtrack-bffb2/locations/us-central1/services/setuserrole:setIamPolicy [none]
[debug] [2026-08-08T06:02:53.692Z] >>> [apiv2][body] POST https://run.googleapis.com/v1/projects/classtrack-bffb2/locations/us-central1/services/setuserrole:setIamPolicy {"policy":{"bindings":[{"role":"roles/run.invoker","members":["allUsers"]}],"etag":"","version":3},"updateMask":"bindings,etag,version"}
[debug] [2026-08-08T06:02:54.582Z] [update-default-us-central1-deleteAccount] Retrying task index 0
[debug] [2026-08-08T06:02:54.582Z] Checked if tokens are valid: true, expires at: 1786172451007
[debug] [2026-08-08T06:02:54.582Z] Checked if tokens are valid: true, expires at: 1786172451007
[debug] [2026-08-08T06:02:54.582Z] >>> [apiv2][query] GET https://cloudfunctions.googleapis.com/v2/projects/classtrack-bffb2/locations/us-central1/operations/operation-1786168962958-65882de8bc32a-3ef790f3-32d8e2b8 [none]
[debug] [2026-08-08T06:02:54.621Z] <<< [apiv2][status] GET https://cloudfunctions.googleapis.com/v2/projects/classtrack-bffb2/locations/us-central1/operations/operation-1786168962357-65882de82992f-b218c786-4762a257 200
[debug] [2026-08-08T06:02:54.621Z] <<< [apiv2][body] GET https://cloudfunctions.googleapis.com/v2/projects/classtrack-bffb2/locations/us-central1/operations/operation-1786168962357-65882de82992f-b218c786-4762a257 {"name":"projects/classtrack-bffb2/locations/us-central1/operations/operation-1786168962357-65882de82992f-b218c786-4762a257","metadata":{"@type":"type.googleapis.com/google.cloud.functions.v2.OperationMetadata","createTime":"2026-08-08T06:02:44.333211967Z","target":"projects/classtrack-bffb2/locations/us-central1/functions/redeemReferral","verb":"update","cancelRequested":false,"apiVersion":"v2","requestResource":{"@type":"type.googleapis.com/google.cloud.functions.v2.Function","name":"projects/classtrack-bffb2/locations/us-central1/functions/redeemReferral","buildConfig":{"runtime":"nodejs20","entryPoint":"redeemReferral","source":{"storageSource":{"bucket":"gcf-v2-sources-401205940629-us-central1","object":"redeemReferral/function-source.zip","generation":"1786168964278984"}},"environmentVariables":{"GOOGLE_NODE_RUN_SCRIPTS":""},"dockerRepository":"projects/classtrack-bffb2/locations/us-central1/repositories/gcf-artifacts","sourceProvenance":{"resolvedStorageSource":{"bucket":"gcf-v2-sources-401205940629-us-central1","object":"redeemReferral/function-source.zip","generation":"1786084795067173"}},"dockerRegistry":"ARTIFACT_REGISTRY","sourceToken":"Cldwcm9qZWN0cy80MDEyMDU5NDA2MjkvbG9jYXRpb25zL3VzLWNlbnRyYWwxL2J1aWxkcy81OWZiOWQ5OS03OWYzLTRmYWItYTUzMC1mZWE2YjkzNmMxODcScnVzLWNlbnRyYWwxLWRvY2tlci5wa2cuZGV2L2NsYXNzdHJhY2stYmZmYjIvZ2NmLWFydGlmYWN0cy9jbGFzc3RyYWNrLS1iZmZiMl9fdXMtLWNlbnRyYWwxX19zZXRfdXNlcl9yb2xlOnZlcnNpb25fMRiVo/PN1gsiRXByb2plY3RzL2NsYXNzdHJhY2stYmZmYjIvbG9jYXRpb25zL3VzLWNlbnRyYWwxL2Z1bmN0aW9ucy9zZXRVc2VyUm9sZSoMCPuM29MGEOC6n7kCMghub2RlanMyMDp2CiNnY3IuaW8vZ2FlLXJ1bnRpbWVzL25vZGVqczIwOnN0YWJsZRJPdXMtY2VudHJhbDEtZG9ja2VyLnBrZy5kZXYvc2VydmVybGVzcy1ydW50aW1lcy9nb29nbGUtMjItZnVsbC9ydW50aW1lcy9ub2RlanMyMEAB","serviceAccount":"projects/classtrack-bffb2/serviceAccounts/401205940629-compute@developer.gserviceaccount.com","automaticUpdatePolicy":{}},"serviceConfig":{"service":"projects/classtrack-bffb2/locations/us-central1/services/redeemreferral","timeoutSeconds":60,"environmentVariables":{"FIREBASE_CONFIG":"{\"projectId\":\"classtrack-bffb2\",\"storageBucket\":\"classtrack-bffb2.firebasestorage.app\"}","GCLOUD_PROJECT":"classtrack-bffb2","EVENTARC_CLOUD_EVENT_SOURCE":"projects/classtrack-bffb2/locations/us-central1/services/redeemReferral","FUNCTION_TARGET":"redeemReferral","LOG_EXECUTION_ID":"true","FUNCTION_SIGNATURE_TYPE":"http"},"ingressSettings":"ALLOW_ALL","uri":"https://redeemreferral-q72q4oy2na-uc.a.run.app","serviceAccountEmail":"401205940629-compute@developer.gserviceaccount.com","availableMemory":"256Mi","allTrafficOnLatestRevision":true,"revision":"redeemreferral-00008-guv","maxInstanceRequestConcurrency":80,"availableCpu":"1"},"state":"ACTIVE","labels":{"deployment-tool":"cli-firebase","deployment-callable":"true","firebase-functions-hash":"4e487aea94a5cc375eea913a222b4be2f168cf85"},"environment":"GEN_2","url":"https://us-central1-classtrack-bffb2.cloudfunctions.net/redeemReferral","satisfiesPzi":true},"stages":[{"name":"BUILD","message":"Reusing build","state":"COMPLETE","resource":"projects/401205940629/locations/us-central1/builds/59fb9d99-79f3-4fab-a530-fea6b936c187","stateMessages":[{"severity":"WARNING","type":"BuildAnalysisWarning","message":"Node.js 20 is no longer supported by the Node.js community as of 30 April, 2026. Node.js 20 will be decommissioned on 2026-10-30. As of 2026-10-30 you will no longer be able to deploy your Cloud Functions using nodejs20. We recommend you to upgrade to the latest version of Node.js as soon as possible."}]},{"name":"SERVICE","message":"Updating Cloud Run service","state":"IN_PROGRESS","resource":"projects/classtrack-bffb2/locations/us-central1/services/redeemreferral","resourceUri":"https://console.cloud.google.com/run/detail/us-central1/redeemreferral?project=classtrack-bffb2","stateMessages":[{"severity":"INFO","type":"CloudRunServiceNewRevisionTrafficInfo","message":"A new revision will be deployed serving with 100% traffic."}]}],"sourceToken":"Cldwcm9qZWN0cy80MDEyMDU5NDA2MjkvbG9jYXRpb25zL3VzLWNlbnRyYWwxL2J1aWxkcy81OWZiOWQ5OS03OWYzLTRmYWItYTUzMC1mZWE2YjkzNmMxODcScnVzLWNlbnRyYWwxLWRvY2tlci5wa2cuZGV2L2NsYXNzdHJhY2stYmZmYjIvZ2NmLWFydGlmYWN0cy9jbGFzc3RyYWNrLS1iZmZiMl9fdXMtLWNlbnRyYWwxX19zZXRfdXNlcl9yb2xlOnZlcnNpb25fMRiVo/PN1gsiRXByb2plY3RzL2NsYXNzdHJhY2stYmZmYjIvbG9jYXRpb25zL3VzLWNlbnRyYWwxL2Z1bmN0aW9ucy9zZXRVc2VyUm9sZSoMCPuM29MGEOC6n7kCMghub2RlanMyMDp2CiNnY3IuaW8vZ2FlLXJ1bnRpbWVzL25vZGVqczIwOnN0YWJsZRJPdXMtY2VudHJhbDEtZG9ja2VyLnBrZy5kZXYvc2VydmVybGVzcy1ydW50aW1lcy9nb29nbGUtMjItZnVsbC9ydW50aW1lcy9ub2RlanMyMEAB","operationType":"UPDATE_FUNCTION","buildName":"projects/401205940629/locations/us-central1/builds/59fb9d99-79f3-4fab-a530-fea6b936c187"},"done":false}
[debug] [2026-08-08T06:02:54.621Z] Got source token Cldwcm9qZWN0cy80MDEyMDU5NDA2MjkvbG9jYXRpb25zL3VzLWNlbnRyYWwxL2J1aWxkcy81OWZiOWQ5OS03OWYzLTRmYWItYTUzMC1mZWE2YjkzNmMxODcScnVzLWNlbnRyYWwxLWRvY2tlci5wa2cuZGV2L2NsYXNzdHJhY2stYmZmYjIvZ2NmLWFydGlmYWN0cy9jbGFzc3RyYWNrLS1iZmZiMl9fdXMtLWNlbnRyYWwxX19zZXRfdXNlcl9yb2xlOnZlcnNpb25fMRiVo/PN1gsiRXByb2plY3RzL2NsYXNzdHJhY2stYmZmYjIvbG9jYXRpb25zL3VzLWNlbnRyYWwxL2Z1bmN0aW9ucy9zZXRVc2VyUm9sZSoMCPuM29MGEOC6n7kCMghub2RlanMyMDp2CiNnY3IuaW8vZ2FlLXJ1bnRpbWVzL25vZGVqczIwOnN0YWJsZRJPdXMtY2VudHJhbDEtZG9ja2VyLnBrZy5kZXYvc2VydmVybGVzcy1ydW50aW1lcy9nb29nbGUtMjItZnVsbC9ydW50aW1lcy9ub2RlanMyMEAB for region us-central1
[debug] [2026-08-08T06:02:54.772Z] [update-default-us-central1-revenueCatWebhook] Retrying task index 0
[debug] [2026-08-08T06:02:54.772Z] Checked if tokens are valid: true, expires at: 1786172451007
[debug] [2026-08-08T06:02:54.772Z] Checked if tokens are valid: true, expires at: 1786172451007
[debug] [2026-08-08T06:02:54.772Z] >>> [apiv2][query] GET https://cloudfunctions.googleapis.com/v2/projects/classtrack-bffb2/locations/us-central1/operations/operation-1786168963149-65882de8eadc0-fc41f416-1912d8d3 [none]
[debug] [2026-08-08T06:02:55.090Z] <<< [apiv2][status] GET https://cloudfunctions.googleapis.com/v2/projects/classtrack-bffb2/locations/us-central1/operations/operation-1786168963146-65882de8ea42e-bbc3da1b-fae60365 200
[debug] [2026-08-08T06:02:55.090Z] <<< [apiv2][body] GET https://cloudfunctions.googleapis.com/v2/projects/classtrack-bffb2/locations/us-central1/operations/operation-1786168963146-65882de8ea42e-bbc3da1b-fae60365 {"name":"projects/classtrack-bffb2/locations/us-central1/operations/operation-1786168963146-65882de8ea42e-bbc3da1b-fae60365","metadata":{"@type":"type.googleapis.com/google.cloud.functions.v2.OperationMetadata","createTime":"2026-08-08T06:02:45.764113770Z","target":"projects/classtrack-bffb2/locations/us-central1/functions/getReferralInfo","verb":"update","cancelRequested":false,"apiVersion":"v2","requestResource":{"@type":"type.googleapis.com/google.cloud.functions.v2.Function","name":"projects/classtrack-bffb2/locations/us-central1/functions/getReferralInfo","buildConfig":{"runtime":"nodejs20","entryPoint":"getReferralInfo","source":{"storageSource":{"bucket":"gcf-v2-sources-401205940629-us-central1","object":"getReferralInfo/function-source.zip","generation":"1786168965713503"}},"environmentVariables":{"GOOGLE_NODE_RUN_SCRIPTS":""},"dockerRepository":"projects/classtrack-bffb2/locations/us-central1/repositories/gcf-artifacts","sourceProvenance":{"resolvedStorageSource":{"bucket":"gcf-v2-sources-401205940629-us-central1","object":"getReferralInfo/function-source.zip","generation":"1786084794987733"}},"dockerRegistry":"ARTIFACT_REGISTRY","sourceToken":"Cldwcm9qZWN0cy80MDEyMDU5NDA2MjkvbG9jYXRpb25zL3VzLWNlbnRyYWwxL2J1aWxkcy81OWZiOWQ5OS03OWYzLTRmYWItYTUzMC1mZWE2YjkzNmMxODcScnVzLWNlbnRyYWwxLWRvY2tlci5wa2cuZGV2L2NsYXNzdHJhY2stYmZmYjIvZ2NmLWFydGlmYWN0cy9jbGFzc3RyYWNrLS1iZmZiMl9fdXMtLWNlbnRyYWwxX19zZXRfdXNlcl9yb2xlOnZlcnNpb25fMRiVo/PN1gsiRXByb2plY3RzL2NsYXNzdHJhY2stYmZmYjIvbG9jYXRpb25zL3VzLWNlbnRyYWwxL2Z1bmN0aW9ucy9zZXRVc2VyUm9sZSoMCPuM29MGEOC6n7kCMghub2RlanMyMDp2CiNnY3IuaW8vZ2FlLXJ1bnRpbWVzL25vZGVqczIwOnN0YWJsZRJPdXMtY2VudHJhbDEtZG9ja2VyLnBrZy5kZXYvc2VydmVybGVzcy1ydW50aW1lcy9nb29nbGUtMjItZnVsbC9ydW50aW1lcy9ub2RlanMyMEAB","serviceAccount":"projects/classtrack-bffb2/serviceAccounts/401205940629-compute@developer.gserviceaccount.com","automaticUpdatePolicy":{}},"serviceConfig":{"service":"projects/classtrack-bffb2/locations/us-central1/services/getreferralinfo","timeoutSeconds":60,"environmentVariables":{"FIREBASE_CONFIG":"{\"projectId\":\"classtrack-bffb2\",\"storageBucket\":\"classtrack-bffb2.firebasestorage.app\"}","GCLOUD_PROJECT":"classtrack-bffb2","EVENTARC_CLOUD_EVENT_SOURCE":"projects/classtrack-bffb2/locations/us-central1/services/getReferralInfo","FUNCTION_TARGET":"getReferralInfo","LOG_EXECUTION_ID":"true","FUNCTION_SIGNATURE_TYPE":"http"},"ingressSettings":"ALLOW_ALL","uri":"https://getreferralinfo-q72q4oy2na-uc.a.run.app","serviceAccountEmail":"401205940629-compute@developer.gserviceaccount.com","availableMemory":"256Mi","allTrafficOnLatestRevision":true,"revision":"getreferralinfo-00008-cot","maxInstanceRequestConcurrency":80,"availableCpu":"1"},"state":"ACTIVE","labels":{"deployment-tool":"cli-firebase","deployment-callable":"true","firebase-functions-hash":"4e487aea94a5cc375eea913a222b4be2f168cf85"},"environment":"GEN_2","url":"https://us-central1-classtrack-bffb2.cloudfunctions.net/getReferralInfo","satisfiesPzi":true},"stages":[{"name":"BUILD","message":"Reusing build","state":"COMPLETE","resource":"projects/401205940629/locations/us-central1/builds/59fb9d99-79f3-4fab-a530-fea6b936c187","stateMessages":[{"severity":"WARNING","type":"BuildAnalysisWarning","message":"Node.js 20 is no longer supported by the Node.js community as of 30 April, 2026. Node.js 20 will be decommissioned on 2026-10-30. As of 2026-10-30 you will no longer be able to deploy your Cloud Functions using nodejs20. We recommend you to upgrade to the latest version of Node.js as soon as possible."}]},{"name":"SERVICE","message":"Updating Cloud Run service","state":"IN_PROGRESS","resource":"projects/classtrack-bffb2/locations/us-central1/services/getreferralinfo","resourceUri":"https://console.cloud.google.com/run/detail/us-central1/getreferralinfo?project=classtrack-bffb2","stateMessages":[{"severity":"INFO","type":"CloudRunServiceNewRevisionTrafficInfo","message":"A new revision will be deployed serving with 100% traffic."}]}],"sourceToken":"Cldwcm9qZWN0cy80MDEyMDU5NDA2MjkvbG9jYXRpb25zL3VzLWNlbnRyYWwxL2J1aWxkcy81OWZiOWQ5OS03OWYzLTRmYWItYTUzMC1mZWE2YjkzNmMxODcScnVzLWNlbnRyYWwxLWRvY2tlci5wa2cuZGV2L2NsYXNzdHJhY2stYmZmYjIvZ2NmLWFydGlmYWN0cy9jbGFzc3RyYWNrLS1iZmZiMl9fdXMtLWNlbnRyYWwxX19zZXRfdXNlcl9yb2xlOnZlcnNpb25fMRiVo/PN1gsiRXByb2plY3RzL2NsYXNzdHJhY2stYmZmYjIvbG9jYXRpb25zL3VzLWNlbnRyYWwxL2Z1bmN0aW9ucy9zZXRVc2VyUm9sZSoMCPuM29MGEOC6n7kCMghub2RlanMyMDp2CiNnY3IuaW8vZ2FlLXJ1bnRpbWVzL25vZGVqczIwOnN0YWJsZRJPdXMtY2VudHJhbDEtZG9ja2VyLnBrZy5kZXYvc2VydmVybGVzcy1ydW50aW1lcy9nb29nbGUtMjItZnVsbC9ydW50aW1lcy9ub2RlanMyMEAB","operationType":"UPDATE_FUNCTION","buildName":"projects/401205940629/locations/us-central1/builds/59fb9d99-79f3-4fab-a530-fea6b936c187"},"done":false}
[debug] [2026-08-08T06:02:55.090Z] Got source token Cldwcm9qZWN0cy80MDEyMDU5NDA2MjkvbG9jYXRpb25zL3VzLWNlbnRyYWwxL2J1aWxkcy81OWZiOWQ5OS03OWYzLTRmYWItYTUzMC1mZWE2YjkzNmMxODcScnVzLWNlbnRyYWwxLWRvY2tlci5wa2cuZGV2L2NsYXNzdHJhY2stYmZmYjIvZ2NmLWFydGlmYWN0cy9jbGFzc3RyYWNrLS1iZmZiMl9fdXMtLWNlbnRyYWwxX19zZXRfdXNlcl9yb2xlOnZlcnNpb25fMRiVo/PN1gsiRXByb2plY3RzL2NsYXNzdHJhY2stYmZmYjIvbG9jYXRpb25zL3VzLWNlbnRyYWwxL2Z1bmN0aW9ucy9zZXRVc2VyUm9sZSoMCPuM29MGEOC6n7kCMghub2RlanMyMDp2CiNnY3IuaW8vZ2FlLXJ1bnRpbWVzL25vZGVqczIwOnN0YWJsZRJPdXMtY2VudHJhbDEtZG9ja2VyLnBrZy5kZXYvc2VydmVybGVzcy1ydW50aW1lcy9nb29nbGUtMjItZnVsbC9ydW50aW1lcy9ub2RlanMyMEAB for region us-central1
[debug] [2026-08-08T06:02:55.869Z] <<< [apiv2][status] POST https://run.googleapis.com/v1/projects/classtrack-bffb2/locations/us-central1/services/setuserrole:setIamPolicy 200
[debug] [2026-08-08T06:02:55.869Z] <<< [apiv2][body] POST https://run.googleapis.com/v1/projects/classtrack-bffb2/locations/us-central1/services/setuserrole:setIamPolicy {"version":1,"etag":"BwZYgt9GcRc=","bindings":[{"role":"roles/run.invoker","members":["allUsers"]}]}
[info] +  functions[setUserRole(us-central1)] Successful create operation. 
[debug] [2026-08-08T06:02:55.968Z] <<< [apiv2][status] GET https://cloudfunctions.googleapis.com/v2/projects/classtrack-bffb2/locations/us-central1/operations/operation-1786168962958-65882de8bc32a-3ef790f3-32d8e2b8 200
[debug] [2026-08-08T06:02:55.968Z] <<< [apiv2][body] GET https://cloudfunctions.googleapis.com/v2/projects/classtrack-bffb2/locations/us-central1/operations/operation-1786168962958-65882de8bc32a-3ef790f3-32d8e2b8 {"name":"projects/classtrack-bffb2/locations/us-central1/operations/operation-1786168962958-65882de8bc32a-3ef790f3-32d8e2b8","metadata":{"@type":"type.googleapis.com/google.cloud.functions.v2.OperationMetadata","createTime":"2026-08-08T06:02:44.507883036Z","target":"projects/classtrack-bffb2/locations/us-central1/functions/deleteAccount","verb":"update","cancelRequested":false,"apiVersion":"v2","requestResource":{"@type":"type.googleapis.com/google.cloud.functions.v2.Function","name":"projects/classtrack-bffb2/locations/us-central1/functions/deleteAccount","buildConfig":{"runtime":"nodejs20","entryPoint":"deleteAccount","source":{"storageSource":{"bucket":"gcf-v2-sources-401205940629-us-central1","object":"deleteAccount/function-source.zip","generation":"1786168964452339"}},"environmentVariables":{"GOOGLE_NODE_RUN_SCRIPTS":""},"dockerRepository":"projects/classtrack-bffb2/locations/us-central1/repositories/gcf-artifacts","sourceProvenance":{"resolvedStorageSource":{"bucket":"gcf-v2-sources-401205940629-us-central1","object":"deleteAccount/function-source.zip","generation":"1786084744619214"}},"dockerRegistry":"ARTIFACT_REGISTRY","sourceToken":"Cldwcm9qZWN0cy80MDEyMDU5NDA2MjkvbG9jYXRpb25zL3VzLWNlbnRyYWwxL2J1aWxkcy81OWZiOWQ5OS03OWYzLTRmYWItYTUzMC1mZWE2YjkzNmMxODcScnVzLWNlbnRyYWwxLWRvY2tlci5wa2cuZGV2L2NsYXNzdHJhY2stYmZmYjIvZ2NmLWFydGlmYWN0cy9jbGFzc3RyYWNrLS1iZmZiMl9fdXMtLWNlbnRyYWwxX19zZXRfdXNlcl9yb2xlOnZlcnNpb25fMRiVo/PN1gsiRXByb2plY3RzL2NsYXNzdHJhY2stYmZmYjIvbG9jYXRpb25zL3VzLWNlbnRyYWwxL2Z1bmN0aW9ucy9zZXRVc2VyUm9sZSoMCPuM29MGEOC6n7kCMghub2RlanMyMDp2CiNnY3IuaW8vZ2FlLXJ1bnRpbWVzL25vZGVqczIwOnN0YWJsZRJPdXMtY2VudHJhbDEtZG9ja2VyLnBrZy5kZXYvc2VydmVybGVzcy1ydW50aW1lcy9nb29nbGUtMjItZnVsbC9ydW50aW1lcy9ub2RlanMyMEAB","serviceAccount":"projects/classtrack-bffb2/serviceAccounts/401205940629-compute@developer.gserviceaccount.com","automaticUpdatePolicy":{}},"serviceConfig":{"service":"projects/classtrack-bffb2/locations/us-central1/services/deleteaccount","timeoutSeconds":60,"environmentVariables":{"FIREBASE_CONFIG":"{\"projectId\":\"classtrack-bffb2\",\"storageBucket\":\"classtrack-bffb2.firebasestorage.app\"}","GCLOUD_PROJECT":"classtrack-bffb2","EVENTARC_CLOUD_EVENT_SOURCE":"projects/classtrack-bffb2/locations/us-central1/services/deleteAccount","FUNCTION_TARGET":"deleteAccount","LOG_EXECUTION_ID":"true","FUNCTION_SIGNATURE_TYPE":"http"},"ingressSettings":"ALLOW_ALL","uri":"https://deleteaccount-q72q4oy2na-uc.a.run.app","serviceAccountEmail":"401205940629-compute@developer.gserviceaccount.com","availableMemory":"256Mi","allTrafficOnLatestRevision":true,"revision":"deleteaccount-00004-xuz","maxInstanceRequestConcurrency":80,"availableCpu":"1"},"state":"ACTIVE","labels":{"deployment-tool":"cli-firebase","deployment-callable":"true","firebase-functions-hash":"4e487aea94a5cc375eea913a222b4be2f168cf85"},"environment":"GEN_2","url":"https://us-central1-classtrack-bffb2.cloudfunctions.net/deleteAccount","satisfiesPzi":true},"stages":[{"name":"BUILD","message":"Reusing build","state":"COMPLETE","resource":"projects/401205940629/locations/us-central1/builds/59fb9d99-79f3-4fab-a530-fea6b936c187","stateMessages":[{"severity":"WARNING","type":"BuildAnalysisWarning","message":"Node.js 20 is no longer supported by the Node.js community as of 30 April, 2026. Node.js 20 will be decommissioned on 2026-10-30. As of 2026-10-30 you will no longer be able to deploy your Cloud Functions using nodejs20. We recommend you to upgrade to the latest version of Node.js as soon as possible."}]},{"name":"SERVICE","message":"Updating Cloud Run service","state":"IN_PROGRESS","resource":"projects/classtrack-bffb2/locations/us-central1/services/deleteaccount","resourceUri":"https://console.cloud.google.com/run/detail/us-central1/deleteaccount?project=classtrack-bffb2","stateMessages":[{"severity":"INFO","type":"CloudRunServiceNewRevisionTrafficInfo","message":"A new revision will be deployed serving with 100% traffic."}]}],"sourceToken":"Cldwcm9qZWN0cy80MDEyMDU5NDA2MjkvbG9jYXRpb25zL3VzLWNlbnRyYWwxL2J1aWxkcy81OWZiOWQ5OS03OWYzLTRmYWItYTUzMC1mZWE2YjkzNmMxODcScnVzLWNlbnRyYWwxLWRvY2tlci5wa2cuZGV2L2NsYXNzdHJhY2stYmZmYjIvZ2NmLWFydGlmYWN0cy9jbGFzc3RyYWNrLS1iZmZiMl9fdXMtLWNlbnRyYWwxX19zZXRfdXNlcl9yb2xlOnZlcnNpb25fMRiVo/PN1gsiRXByb2plY3RzL2NsYXNzdHJhY2stYmZmYjIvbG9jYXRpb25zL3VzLWNlbnRyYWwxL2Z1bmN0aW9ucy9zZXRVc2VyUm9sZSoMCPuM29MGEOC6n7kCMghub2RlanMyMDp2CiNnY3IuaW8vZ2FlLXJ1bnRpbWVzL25vZGVqczIwOnN0YWJsZRJPdXMtY2VudHJhbDEtZG9ja2VyLnBrZy5kZXYvc2VydmVybGVzcy1ydW50aW1lcy9nb29nbGUtMjItZnVsbC9ydW50aW1lcy9ub2RlanMyMEAB","operationType":"UPDATE_FUNCTION","buildName":"projects/401205940629/locations/us-central1/builds/59fb9d99-79f3-4fab-a530-fea6b936c187"},"done":false}
[debug] [2026-08-08T06:02:55.968Z] Got source token Cldwcm9qZWN0cy80MDEyMDU5NDA2MjkvbG9jYXRpb25zL3VzLWNlbnRyYWwxL2J1aWxkcy81OWZiOWQ5OS03OWYzLTRmYWItYTUzMC1mZWE2YjkzNmMxODcScnVzLWNlbnRyYWwxLWRvY2tlci5wa2cuZGV2L2NsYXNzdHJhY2stYmZmYjIvZ2NmLWFydGlmYWN0cy9jbGFzc3RyYWNrLS1iZmZiMl9fdXMtLWNlbnRyYWwxX19zZXRfdXNlcl9yb2xlOnZlcnNpb25fMRiVo/PN1gsiRXByb2plY3RzL2NsYXNzdHJhY2stYmZmYjIvbG9jYXRpb25zL3VzLWNlbnRyYWwxL2Z1bmN0aW9ucy9zZXRVc2VyUm9sZSoMCPuM29MGEOC6n7kCMghub2RlanMyMDp2CiNnY3IuaW8vZ2FlLXJ1bnRpbWVzL25vZGVqczIwOnN0YWJsZRJPdXMtY2VudHJhbDEtZG9ja2VyLnBrZy5kZXYvc2VydmVybGVzcy1ydW50aW1lcy9nb29nbGUtMjItZnVsbC9ydW50aW1lcy9ub2RlanMyMEAB for region us-central1
[debug] [2026-08-08T06:02:56.168Z] <<< [apiv2][status] GET https://cloudfunctions.googleapis.com/v2/projects/classtrack-bffb2/locations/us-central1/operations/operation-1786168963149-65882de8eadc0-fc41f416-1912d8d3 200
[debug] [2026-08-08T06:02:56.168Z] <<< [apiv2][body] GET https://cloudfunctions.googleapis.com/v2/projects/classtrack-bffb2/locations/us-central1/operations/operation-1786168963149-65882de8eadc0-fc41f416-1912d8d3 {"name":"projects/classtrack-bffb2/locations/us-central1/operations/operation-1786168963149-65882de8eadc0-fc41f416-1912d8d3","metadata":{"@type":"type.googleapis.com/google.cloud.functions.v2.OperationMetadata","createTime":"2026-08-08T06:02:44.975965154Z","target":"projects/classtrack-bffb2/locations/us-central1/functions/revenueCatWebhook","verb":"update","cancelRequested":false,"apiVersion":"v2","requestResource":{"@type":"type.googleapis.com/google.cloud.functions.v2.Function","name":"projects/classtrack-bffb2/locations/us-central1/functions/revenueCatWebhook","buildConfig":{"runtime":"nodejs20","entryPoint":"revenueCatWebhook","source":{"storageSource":{"bucket":"gcf-v2-sources-401205940629-us-central1","object":"revenueCatWebhook/function-source.zip","generation":"1786168964921526"}},"environmentVariables":{"GOOGLE_NODE_RUN_SCRIPTS":""},"dockerRepository":"projects/classtrack-bffb2/locations/us-central1/repositories/gcf-artifacts","sourceProvenance":{"resolvedStorageSource":{"bucket":"gcf-v2-sources-401205940629-us-central1","object":"revenueCatWebhook/function-source.zip","generation":"1786084795024742"}},"dockerRegistry":"ARTIFACT_REGISTRY","sourceToken":"Cldwcm9qZWN0cy80MDEyMDU5NDA2MjkvbG9jYXRpb25zL3VzLWNlbnRyYWwxL2J1aWxkcy81OWZiOWQ5OS03OWYzLTRmYWItYTUzMC1mZWE2YjkzNmMxODcScnVzLWNlbnRyYWwxLWRvY2tlci5wa2cuZGV2L2NsYXNzdHJhY2stYmZmYjIvZ2NmLWFydGlmYWN0cy9jbGFzc3RyYWNrLS1iZmZiMl9fdXMtLWNlbnRyYWwxX19zZXRfdXNlcl9yb2xlOnZlcnNpb25fMRiVo/PN1gsiRXByb2plY3RzL2NsYXNzdHJhY2stYmZmYjIvbG9jYXRpb25zL3VzLWNlbnRyYWwxL2Z1bmN0aW9ucy9zZXRVc2VyUm9sZSoMCPuM29MGEOC6n7kCMghub2RlanMyMDp2CiNnY3IuaW8vZ2FlLXJ1bnRpbWVzL25vZGVqczIwOnN0YWJsZRJPdXMtY2VudHJhbDEtZG9ja2VyLnBrZy5kZXYvc2VydmVybGVzcy1ydW50aW1lcy9nb29nbGUtMjItZnVsbC9ydW50aW1lcy9ub2RlanMyMEAB","serviceAccount":"projects/classtrack-bffb2/serviceAccounts/401205940629-compute@developer.gserviceaccount.com","automaticUpdatePolicy":{}},"serviceConfig":{"service":"projects/classtrack-bffb2/locations/us-central1/services/revenuecatwebhook","timeoutSeconds":60,"environmentVariables":{"FIREBASE_CONFIG":"{\"projectId\":\"classtrack-bffb2\",\"storageBucket\":\"classtrack-bffb2.firebasestorage.app\"}","GCLOUD_PROJECT":"classtrack-bffb2","EVENTARC_CLOUD_EVENT_SOURCE":"projects/classtrack-bffb2/locations/us-central1/services/revenueCatWebhook","FUNCTION_TARGET":"revenueCatWebhook","LOG_EXECUTION_ID":"true","FUNCTION_SIGNATURE_TYPE":"http"},"ingressSettings":"ALLOW_ALL","uri":"https://revenuecatwebhook-q72q4oy2na-uc.a.run.app","serviceAccountEmail":"401205940629-compute@developer.gserviceaccount.com","availableMemory":"256Mi","allTrafficOnLatestRevision":true,"secretEnvironmentVariables":[{"key":"REVENUECAT_WEBHOOK_AUTH","projectId":"classtrack-bffb2","secret":"REVENUECAT_WEBHOOK_AUTH","version":"4"}],"revision":"revenuecatwebhook-00014-poh","maxInstanceRequestConcurrency":80,"availableCpu":"1"},"state":"ACTIVE","labels":{"deployment-tool":"cli-firebase","firebase-functions-hash":"ea5a720b094267e59284cd14438c1af2765d7122"},"environment":"GEN_2","url":"https://us-central1-classtrack-bffb2.cloudfunctions.net/revenueCatWebhook","satisfiesPzi":true},"stages":[{"name":"BUILD","message":"Reusing build","state":"COMPLETE","resource":"projects/401205940629/locations/us-central1/builds/59fb9d99-79f3-4fab-a530-fea6b936c187","stateMessages":[{"severity":"WARNING","type":"BuildAnalysisWarning","message":"Node.js 20 is no longer supported by the Node.js community as of 30 April, 2026. Node.js 20 will be decommissioned on 2026-10-30. As of 2026-10-30 you will no longer be able to deploy your Cloud Functions using nodejs20. We recommend you to upgrade to the latest version of Node.js as soon as possible."}]},{"name":"SERVICE","message":"Updating Cloud Run service","state":"IN_PROGRESS","resource":"projects/classtrack-bffb2/locations/us-central1/services/revenuecatwebhook","resourceUri":"https://console.cloud.google.com/run/detail/us-central1/revenuecatwebhook?project=classtrack-bffb2","stateMessages":[{"severity":"INFO","type":"CloudRunServiceNewRevisionTrafficInfo","message":"A new revision will be deployed serving with 100% traffic."}]}],"sourceToken":"Cldwcm9qZWN0cy80MDEyMDU5NDA2MjkvbG9jYXRpb25zL3VzLWNlbnRyYWwxL2J1aWxkcy81OWZiOWQ5OS03OWYzLTRmYWItYTUzMC1mZWE2YjkzNmMxODcScnVzLWNlbnRyYWwxLWRvY2tlci5wa2cuZGV2L2NsYXNzdHJhY2stYmZmYjIvZ2NmLWFydGlmYWN0cy9jbGFzc3RyYWNrLS1iZmZiMl9fdXMtLWNlbnRyYWwxX19zZXRfdXNlcl9yb2xlOnZlcnNpb25fMRiVo/PN1gsiRXByb2plY3RzL2NsYXNzdHJhY2stYmZmYjIvbG9jYXRpb25zL3VzLWNlbnRyYWwxL2Z1bmN0aW9ucy9zZXRVc2VyUm9sZSoMCPuM29MGEOC6n7kCMghub2RlanMyMDp2CiNnY3IuaW8vZ2FlLXJ1bnRpbWVzL25vZGVqczIwOnN0YWJsZRJPdXMtY2VudHJhbDEtZG9ja2VyLnBrZy5kZXYvc2VydmVybGVzcy1ydW50aW1lcy9nb29nbGUtMjItZnVsbC9ydW50aW1lcy9ub2RlanMyMEAB","operationType":"UPDATE_FUNCTION","buildName":"projects/401205940629/locations/us-central1/builds/59fb9d99-79f3-4fab-a530-fea6b936c187"},"done":false}
[debug] [2026-08-08T06:02:56.168Z] Got source token Cldwcm9qZWN0cy80MDEyMDU5NDA2MjkvbG9jYXRpb25zL3VzLWNlbnRyYWwxL2J1aWxkcy81OWZiOWQ5OS03OWYzLTRmYWItYTUzMC1mZWE2YjkzNmMxODcScnVzLWNlbnRyYWwxLWRvY2tlci5wa2cuZGV2L2NsYXNzdHJhY2stYmZmYjIvZ2NmLWFydGlmYWN0cy9jbGFzc3RyYWNrLS1iZmZiMl9fdXMtLWNlbnRyYWwxX19zZXRfdXNlcl9yb2xlOnZlcnNpb25fMRiVo/PN1gsiRXByb2plY3RzL2NsYXNzdHJhY2stYmZmYjIvbG9jYXRpb25zL3VzLWNlbnRyYWwxL2Z1bmN0aW9ucy9zZXRVc2VyUm9sZSoMCPuM29MGEOC6n7kCMghub2RlanMyMDp2CiNnY3IuaW8vZ2FlLXJ1bnRpbWVzL25vZGVqczIwOnN0YWJsZRJPdXMtY2VudHJhbDEtZG9ja2VyLnBrZy5kZXYvc2VydmVybGVzcy1ydW50aW1lcy9nb29nbGUtMjItZnVsbC9ydW50aW1lcy9ub2RlanMyMEAB for region us-central1
[debug] [2026-08-08T06:02:56.629Z] [update-default-us-central1-redeemReferral] Retrying task index 0
[debug] [2026-08-08T06:02:56.629Z] Checked if tokens are valid: true, expires at: 1786172451007
[debug] [2026-08-08T06:02:56.629Z] Checked if tokens are valid: true, expires at: 1786172451007
[debug] [2026-08-08T06:02:56.629Z] >>> [apiv2][query] GET https://cloudfunctions.googleapis.com/v2/projects/classtrack-bffb2/locations/us-central1/operations/operation-1786168962357-65882de82992f-b218c786-4762a257 [none]
[debug] [2026-08-08T06:02:57.070Z] <<< [apiv2][status] GET https://cloudfunctions.googleapis.com/v2/projects/classtrack-bffb2/locations/us-central1/operations/operation-1786168962357-65882de82992f-b218c786-4762a257 200
[debug] [2026-08-08T06:02:57.070Z] <<< [apiv2][body] GET https://cloudfunctions.googleapis.com/v2/projects/classtrack-bffb2/locations/us-central1/operations/operation-1786168962357-65882de82992f-b218c786-4762a257 {"name":"projects/classtrack-bffb2/locations/us-central1/operations/operation-1786168962357-65882de82992f-b218c786-4762a257","metadata":{"@type":"type.googleapis.com/google.cloud.functions.v2.OperationMetadata","createTime":"2026-08-08T06:02:44.333211967Z","target":"projects/classtrack-bffb2/locations/us-central1/functions/redeemReferral","verb":"update","cancelRequested":false,"apiVersion":"v2","requestResource":{"@type":"type.googleapis.com/google.cloud.functions.v2.Function","name":"projects/classtrack-bffb2/locations/us-central1/functions/redeemReferral","buildConfig":{"runtime":"nodejs20","entryPoint":"redeemReferral","source":{"storageSource":{"bucket":"gcf-v2-sources-401205940629-us-central1","object":"redeemReferral/function-source.zip","generation":"1786168964278984"}},"environmentVariables":{"GOOGLE_NODE_RUN_SCRIPTS":""},"dockerRepository":"projects/classtrack-bffb2/locations/us-central1/repositories/gcf-artifacts","sourceProvenance":{"resolvedStorageSource":{"bucket":"gcf-v2-sources-401205940629-us-central1","object":"redeemReferral/function-source.zip","generation":"1786084795067173"}},"dockerRegistry":"ARTIFACT_REGISTRY","sourceToken":"Cldwcm9qZWN0cy80MDEyMDU5NDA2MjkvbG9jYXRpb25zL3VzLWNlbnRyYWwxL2J1aWxkcy81OWZiOWQ5OS03OWYzLTRmYWItYTUzMC1mZWE2YjkzNmMxODcScnVzLWNlbnRyYWwxLWRvY2tlci5wa2cuZGV2L2NsYXNzdHJhY2stYmZmYjIvZ2NmLWFydGlmYWN0cy9jbGFzc3RyYWNrLS1iZmZiMl9fdXMtLWNlbnRyYWwxX19zZXRfdXNlcl9yb2xlOnZlcnNpb25fMRiVo/PN1gsiRXByb2plY3RzL2NsYXNzdHJhY2stYmZmYjIvbG9jYXRpb25zL3VzLWNlbnRyYWwxL2Z1bmN0aW9ucy9zZXRVc2VyUm9sZSoMCPuM29MGEOC6n7kCMghub2RlanMyMDp2CiNnY3IuaW8vZ2FlLXJ1bnRpbWVzL25vZGVqczIwOnN0YWJsZRJPdXMtY2VudHJhbDEtZG9ja2VyLnBrZy5kZXYvc2VydmVybGVzcy1ydW50aW1lcy9nb29nbGUtMjItZnVsbC9ydW50aW1lcy9ub2RlanMyMEAB","serviceAccount":"projects/classtrack-bffb2/serviceAccounts/401205940629-compute@developer.gserviceaccount.com","automaticUpdatePolicy":{}},"serviceConfig":{"service":"projects/classtrack-bffb2/locations/us-central1/services/redeemreferral","timeoutSeconds":60,"environmentVariables":{"FIREBASE_CONFIG":"{\"projectId\":\"classtrack-bffb2\",\"storageBucket\":\"classtrack-bffb2.firebasestorage.app\"}","GCLOUD_PROJECT":"classtrack-bffb2","EVENTARC_CLOUD_EVENT_SOURCE":"projects/classtrack-bffb2/locations/us-central1/services/redeemReferral","FUNCTION_TARGET":"redeemReferral","LOG_EXECUTION_ID":"true","FUNCTION_SIGNATURE_TYPE":"http"},"ingressSettings":"ALLOW_ALL","uri":"https://redeemreferral-q72q4oy2na-uc.a.run.app","serviceAccountEmail":"401205940629-compute@developer.gserviceaccount.com","availableMemory":"256Mi","allTrafficOnLatestRevision":true,"revision":"redeemreferral-00008-guv","maxInstanceRequestConcurrency":80,"availableCpu":"1"},"state":"ACTIVE","labels":{"deployment-tool":"cli-firebase","deployment-callable":"true","firebase-functions-hash":"4e487aea94a5cc375eea913a222b4be2f168cf85"},"environment":"GEN_2","url":"https://us-central1-classtrack-bffb2.cloudfunctions.net/redeemReferral","satisfiesPzi":true},"stages":[{"name":"BUILD","message":"Reusing build","state":"COMPLETE","resource":"projects/401205940629/locations/us-central1/builds/59fb9d99-79f3-4fab-a530-fea6b936c187","stateMessages":[{"severity":"WARNING","type":"BuildAnalysisWarning","message":"Node.js 20 is no longer supported by the Node.js community as of 30 April, 2026. Node.js 20 will be decommissioned on 2026-10-30. As of 2026-10-30 you will no longer be able to deploy your Cloud Functions using nodejs20. We recommend you to upgrade to the latest version of Node.js as soon as possible."}]},{"name":"SERVICE","message":"Updating Cloud Run service","state":"IN_PROGRESS","resource":"projects/classtrack-bffb2/locations/us-central1/services/redeemreferral","resourceUri":"https://console.cloud.google.com/run/detail/us-central1/redeemreferral?project=classtrack-bffb2","stateMessages":[{"severity":"INFO","type":"CloudRunServiceNewRevisionTrafficInfo","message":"A new revision will be deployed serving with 100% traffic."}]}],"sourceToken":"Cldwcm9qZWN0cy80MDEyMDU5NDA2MjkvbG9jYXRpb25zL3VzLWNlbnRyYWwxL2J1aWxkcy81OWZiOWQ5OS03OWYzLTRmYWItYTUzMC1mZWE2YjkzNmMxODcScnVzLWNlbnRyYWwxLWRvY2tlci5wa2cuZGV2L2NsYXNzdHJhY2stYmZmYjIvZ2NmLWFydGlmYWN0cy9jbGFzc3RyYWNrLS1iZmZiMl9fdXMtLWNlbnRyYWwxX19zZXRfdXNlcl9yb2xlOnZlcnNpb25fMRiVo/PN1gsiRXByb2plY3RzL2NsYXNzdHJhY2stYmZmYjIvbG9jYXRpb25zL3VzLWNlbnRyYWwxL2Z1bmN0aW9ucy9zZXRVc2VyUm9sZSoMCPuM29MGEOC6n7kCMghub2RlanMyMDp2CiNnY3IuaW8vZ2FlLXJ1bnRpbWVzL25vZGVqczIwOnN0YWJsZRJPdXMtY2VudHJhbDEtZG9ja2VyLnBrZy5kZXYvc2VydmVybGVzcy1ydW50aW1lcy9nb29nbGUtMjItZnVsbC9ydW50aW1lcy9ub2RlanMyMEAB","operationType":"UPDATE_FUNCTION","buildName":"projects/401205940629/locations/us-central1/builds/59fb9d99-79f3-4fab-a530-fea6b936c187"},"done":false}
[debug] [2026-08-08T06:02:57.070Z] Got source token Cldwcm9qZWN0cy80MDEyMDU5NDA2MjkvbG9jYXRpb25zL3VzLWNlbnRyYWwxL2J1aWxkcy81OWZiOWQ5OS03OWYzLTRmYWItYTUzMC1mZWE2YjkzNmMxODcScnVzLWNlbnRyYWwxLWRvY2tlci5wa2cuZGV2L2NsYXNzdHJhY2stYmZmYjIvZ2NmLWFydGlmYWN0cy9jbGFzc3RyYWNrLS1iZmZiMl9fdXMtLWNlbnRyYWwxX19zZXRfdXNlcl9yb2xlOnZlcnNpb25fMRiVo/PN1gsiRXByb2plY3RzL2NsYXNzdHJhY2stYmZmYjIvbG9jYXRpb25zL3VzLWNlbnRyYWwxL2Z1bmN0aW9ucy9zZXRVc2VyUm9sZSoMCPuM29MGEOC6n7kCMghub2RlanMyMDp2CiNnY3IuaW8vZ2FlLXJ1bnRpbWVzL25vZGVqczIwOnN0YWJsZRJPdXMtY2VudHJhbDEtZG9ja2VyLnBrZy5kZXYvc2VydmVybGVzcy1ydW50aW1lcy9nb29nbGUtMjItZnVsbC9ydW50aW1lcy9ub2RlanMyMEAB for region us-central1
[debug] [2026-08-08T06:02:58.607Z] <<< [apiv2][status] GET https://cloudfunctions.googleapis.com/v2/projects/classtrack-bffb2/locations/us-central1/operations/operation-1786168950483-65882ddcd6bd1-175aaf79-046a594f 200
[debug] [2026-08-08T06:02:58.608Z] <<< [apiv2][body] GET https://cloudfunctions.googleapis.com/v2/projects/classtrack-bffb2/locations/us-central1/operations/operation-1786168950483-65882ddcd6bd1-175aaf79-046a594f {"name":"projects/classtrack-bffb2/locations/us-central1/operations/operation-1786168950483-65882ddcd6bd1-175aaf79-046a594f","metadata":{"@type":"type.googleapis.com/google.cloud.functions.v2.OperationMetadata","createTime":"2026-08-08T06:02:32.478315181Z","endTime":"2026-08-08T06:02:39.579628368Z","target":"projects/classtrack-bffb2/locations/us-central1/functions/parseSchedule","verb":"update","cancelRequested":false,"apiVersion":"v2","requestResource":{"@type":"type.googleapis.com/google.cloud.functions.v2.Function","name":"projects/classtrack-bffb2/locations/us-central1/functions/parseSchedule","buildConfig":{"runtime":"nodejs20","entryPoint":"parseSchedule","source":{"storageSource":{"bucket":"gcf-v2-sources-401205940629-us-central1","object":"parseSchedule/function-source.zip","generation":"1786168952417049"}},"environmentVariables":{"GOOGLE_NODE_RUN_SCRIPTS":""},"dockerRepository":"projects/classtrack-bffb2/locations/us-central1/repositories/gcf-artifacts","sourceProvenance":{"resolvedStorageSource":{"bucket":"gcf-v2-sources-401205940629-us-central1","object":"parseSchedule/function-source.zip","generation":"1786084807544795"}},"dockerRegistry":"ARTIFACT_REGISTRY","sourceToken":"Cldwcm9qZWN0cy80MDEyMDU5NDA2MjkvbG9jYXRpb25zL3VzLWNlbnRyYWwxL2J1aWxkcy85ZmI3ZWQ5ZS1mZDQ3LTQ5MDQtYjc4Yy0yMDJlMzMzNWY1OGUSaXVzLWNlbnRyYWwxLWRvY2tlci5wa2cuZGV2L2NsYXNzdHJhY2stYmZmYjIvZ2NmLWFydGlmYWN0cy9jbGFzc3RyYWNrLS1iZmZiMl9fdXMtLWNlbnRyYWwxX19jaGF0OnZlcnNpb25fMRiVo/PN1gsiPnByb2plY3RzL2NsYXNzdHJhY2stYmZmYjIvbG9jYXRpb25zL3VzLWNlbnRyYWwxL2Z1bmN0aW9ucy9jaGF0KgwI8Yzb0wYQuJCZrQEyCG5vZGVqczIwOnYKI2djci5pby9nYWUtcnVudGltZXMvbm9kZWpzMjA6c3RhYmxlEk91cy1jZW50cmFsMS1kb2NrZXIucGtnLmRldi9zZXJ2ZXJsZXNzLXJ1bnRpbWVzL2dvb2dsZS0yMi1mdWxsL3J1bnRpbWVzL25vZGVqczIwQAE=","serviceAccount":"projects/classtrack-bffb2/serviceAccounts/401205940629-compute@developer.gserviceaccount.com","automaticUpdatePolicy":{}},"serviceConfig":{"service":"projects/classtrack-bffb2/locations/us-central1/services/parseschedule","timeoutSeconds":120,"environmentVariables":{"FIREBASE_CONFIG":"{\"projectId\":\"classtrack-bffb2\",\"storageBucket\":\"classtrack-bffb2.firebasestorage.app\"}","GCLOUD_PROJECT":"classtrack-bffb2","EVENTARC_CLOUD_EVENT_SOURCE":"projects/classtrack-bffb2/locations/us-central1/services/parseSchedule","FUNCTION_TARGET":"parseSchedule","LOG_EXECUTION_ID":"true","FUNCTION_SIGNATURE_TYPE":"http"},"ingressSettings":"ALLOW_ALL","uri":"https://parseschedule-q72q4oy2na-uc.a.run.app","serviceAccountEmail":"401205940629-compute@developer.gserviceaccount.com","availableMemory":"512Mi","allTrafficOnLatestRevision":true,"secretEnvironmentVariables":[{"key":"GEMINI_API_KEY","projectId":"classtrack-bffb2","secret":"GEMINI_API_KEY","version":"3"}],"revision":"parseschedule-00020-lum","maxInstanceRequestConcurrency":80,"availableCpu":"1"},"state":"ACTIVE","labels":{"deployment-tool":"cli-firebase","deployment-callable":"true","firebase-functions-hash":"c44cdee2b004b7c5edfd7c2dba60832cf4a17d7e"},"environment":"GEN_2","url":"https://us-central1-classtrack-bffb2.cloudfunctions.net/parseSchedule","satisfiesPzi":true},"stages":[{"name":"BUILD","message":"Reusing build","state":"COMPLETE","resource":"projects/401205940629/locations/us-central1/builds/9fb7ed9e-fd47-4904-b78c-202e3335f58e","stateMessages":[{"severity":"WARNING","type":"BuildAnalysisWarning","message":"Node.js 20 is no longer supported by the Node.js community as of 30 April, 2026. Node.js 20 will be decommissioned on 2026-10-30. As of 2026-10-30 you will no longer be able to deploy your Cloud Functions using nodejs20. We recommend you to upgrade to the latest version of Node.js as soon as possible."}]},{"name":"SERVICE","message":"Updating Cloud Run service","state":"COMPLETE","resource":"projects/classtrack-bffb2/locations/us-central1/services/parseschedule","resourceUri":"https://console.cloud.google.com/run/detail/us-central1/parseschedule?project=classtrack-bffb2","stateMessages":[{"severity":"INFO","type":"CloudRunServiceNewRevisionTrafficInfo","message":"A new revision will be deployed serving with 100% traffic."}]}],"sourceToken":"Cldwcm9qZWN0cy80MDEyMDU5NDA2MjkvbG9jYXRpb25zL3VzLWNlbnRyYWwxL2J1aWxkcy85ZmI3ZWQ5ZS1mZDQ3LTQ5MDQtYjc4Yy0yMDJlMzMzNWY1OGUSaXVzLWNlbnRyYWwxLWRvY2tlci5wa2cuZGV2L2NsYXNzdHJhY2stYmZmYjIvZ2NmLWFydGlmYWN0cy9jbGFzc3RyYWNrLS1iZmZiMl9fdXMtLWNlbnRyYWwxX19jaGF0OnZlcnNpb25fMRiVo/PN1gsiPnByb2plY3RzL2NsYXNzdHJhY2stYmZmYjIvbG9jYXRpb25zL3VzLWNlbnRyYWwxL2Z1bmN0aW9ucy9jaGF0KgwI8Yzb0wYQuJCZrQEyCG5vZGVqczIwOnYKI2djci5pby9nYWUtcnVudGltZXMvbm9kZWpzMjA6c3RhYmxlEk91cy1jZW50cmFsMS1kb2NrZXIucGtnLmRldi9zZXJ2ZXJsZXNzLXJ1bnRpbWVzL2dvb2dsZS0yMi1mdWxsL3J1bnRpbWVzL25vZGVqczIwQAE=","operationType":"UPDATE_FUNCTION","buildName":"projects/401205940629/locations/us-central1/builds/9fb7ed9e-fd47-4904-b78c-202e3335f58e"},"done":true,"response":{"@type":"type.googleapis.com/google.cloud.functions.v2.Function","name":"projects/classtrack-bffb2/locations/us-central1/functions/parseSchedule","buildConfig":{"build":"projects/401205940629/locations/us-central1/builds/9fb7ed9e-fd47-4904-b78c-202e3335f58e","runtime":"nodejs20","entryPoint":"parseSchedule","source":{"storageSource":{"bucket":"gcf-v2-sources-401205940629-us-central1","object":"parseSchedule/function-source.zip","generation":"1786168952417049"}},"environmentVariables":{"GOOGLE_NODE_RUN_SCRIPTS":""},"dockerRepository":"projects/classtrack-bffb2/locations/us-central1/repositories/gcf-artifacts","sourceProvenance":{"resolvedStorageSource":{"bucket":"gcf-v2-sources-401205940629-us-central1","object":"parseSchedule/function-source.zip","generation":"1786168952417049"}},"dockerRegistry":"ARTIFACT_REGISTRY","serviceAccount":"projects/classtrack-bffb2/serviceAccounts/401205940629-compute@developer.gserviceaccount.com","automaticUpdatePolicy":{}},"serviceConfig":{"service":"projects/classtrack-bffb2/locations/us-central1/services/parseschedule","timeoutSeconds":120,"environmentVariables":{"FIREBASE_CONFIG":"{\"projectId\":\"classtrack-bffb2\",\"storageBucket\":\"classtrack-bffb2.firebasestorage.app\"}","GCLOUD_PROJECT":"classtrack-bffb2","EVENTARC_CLOUD_EVENT_SOURCE":"projects/classtrack-bffb2/locations/us-central1/services/parseSchedule","FUNCTION_TARGET":"parseSchedule","LOG_EXECUTION_ID":"true","FUNCTION_SIGNATURE_TYPE":"http"},"maxInstanceCount":20,"ingressSettings":"ALLOW_ALL","uri":"https://parseschedule-q72q4oy2na-uc.a.run.app","serviceAccountEmail":"401205940629-compute@developer.gserviceaccount.com","availableMemory":"512Mi","allTrafficOnLatestRevision":true,"secretEnvironmentVariables":[{"key":"GEMINI_API_KEY","projectId":"classtrack-bffb2","secret":"GEMINI_API_KEY","version":"3"}],"revision":"parseschedule-00021-kew","maxInstanceRequestConcurrency":80,"availableCpu":"1"},"state":"ACTIVE","updateTime":"2026-08-08T06:02:32.480578122Z","labels":{"deployment-callable":"true","firebase-functions-hash":"c44cdee2b004b7c5edfd7c2dba60832cf4a17d7e","deployment-tool":"cli-firebase"},"environment":"GEN_2","url":"https://us-central1-classtrack-bffb2.cloudfunctions.net/parseSchedule","createTime":"2026-07-19T09:01:39.077109029Z","satisfiesPzi":true}}
[debug] [2026-08-08T06:02:58.608Z] Got source token Cldwcm9qZWN0cy80MDEyMDU5NDA2MjkvbG9jYXRpb25zL3VzLWNlbnRyYWwxL2J1aWxkcy85ZmI3ZWQ5ZS1mZDQ3LTQ5MDQtYjc4Yy0yMDJlMzMzNWY1OGUSaXVzLWNlbnRyYWwxLWRvY2tlci5wa2cuZGV2L2NsYXNzdHJhY2stYmZmYjIvZ2NmLWFydGlmYWN0cy9jbGFzc3RyYWNrLS1iZmZiMl9fdXMtLWNlbnRyYWwxX19jaGF0OnZlcnNpb25fMRiVo/PN1gsiPnByb2plY3RzL2NsYXNzdHJhY2stYmZmYjIvbG9jYXRpb25zL3VzLWNlbnRyYWwxL2Z1bmN0aW9ucy9jaGF0KgwI8Yzb0wYQuJCZrQEyCG5vZGVqczIwOnYKI2djci5pby9nYWUtcnVudGltZXMvbm9kZWpzMjA6c3RhYmxlEk91cy1jZW50cmFsMS1kb2NrZXIucGtnLmRldi9zZXJ2ZXJsZXNzLXJ1bnRpbWVzL2dvb2dsZS0yMi1mdWxsL3J1bnRpbWVzL25vZGVqczIwQAE= for region us-central1
[info] +  functions[parseSchedule(us-central1)] Successful update operation. 
[debug] [2026-08-08T06:02:59.100Z] [update-default-us-central1-getReferralInfo] Retrying task index 0
[debug] [2026-08-08T06:02:59.101Z] Checked if tokens are valid: true, expires at: 1786172451007
[debug] [2026-08-08T06:02:59.101Z] Checked if tokens are valid: true, expires at: 1786172451007
[debug] [2026-08-08T06:02:59.101Z] >>> [apiv2][query] GET https://cloudfunctions.googleapis.com/v2/projects/classtrack-bffb2/locations/us-central1/operations/operation-1786168963146-65882de8ea42e-bbc3da1b-fae60365 [none]
[debug] [2026-08-08T06:02:59.983Z] [update-default-us-central1-deleteAccount] Retrying task index 0
[debug] [2026-08-08T06:02:59.983Z] Checked if tokens are valid: true, expires at: 1786172451007
[debug] [2026-08-08T06:02:59.983Z] Checked if tokens are valid: true, expires at: 1786172451007
[debug] [2026-08-08T06:02:59.983Z] >>> [apiv2][query] GET https://cloudfunctions.googleapis.com/v2/projects/classtrack-bffb2/locations/us-central1/operations/operation-1786168962958-65882de8bc32a-3ef790f3-32d8e2b8 [none]
[debug] [2026-08-08T06:03:00.174Z] [update-default-us-central1-revenueCatWebhook] Retrying task index 0
[debug] [2026-08-08T06:03:00.174Z] Checked if tokens are valid: true, expires at: 1786172451007
[debug] [2026-08-08T06:03:00.175Z] Checked if tokens are valid: true, expires at: 1786172451007
[debug] [2026-08-08T06:03:00.175Z] >>> [apiv2][query] GET https://cloudfunctions.googleapis.com/v2/projects/classtrack-bffb2/locations/us-central1/operations/operation-1786168963149-65882de8eadc0-fc41f416-1912d8d3 [none]
[debug] [2026-08-08T06:03:00.349Z] <<< [apiv2][status] GET https://cloudfunctions.googleapis.com/v2/projects/classtrack-bffb2/locations/us-central1/operations/operation-1786168962958-65882de8bc32a-3ef790f3-32d8e2b8 200
[debug] [2026-08-08T06:03:00.349Z] <<< [apiv2][body] GET https://cloudfunctions.googleapis.com/v2/projects/classtrack-bffb2/locations/us-central1/operations/operation-1786168962958-65882de8bc32a-3ef790f3-32d8e2b8 {"name":"projects/classtrack-bffb2/locations/us-central1/operations/operation-1786168962958-65882de8bc32a-3ef790f3-32d8e2b8","metadata":{"@type":"type.googleapis.com/google.cloud.functions.v2.OperationMetadata","createTime":"2026-08-08T06:02:44.507883036Z","target":"projects/classtrack-bffb2/locations/us-central1/functions/deleteAccount","verb":"update","cancelRequested":false,"apiVersion":"v2","requestResource":{"@type":"type.googleapis.com/google.cloud.functions.v2.Function","name":"projects/classtrack-bffb2/locations/us-central1/functions/deleteAccount","buildConfig":{"runtime":"nodejs20","entryPoint":"deleteAccount","source":{"storageSource":{"bucket":"gcf-v2-sources-401205940629-us-central1","object":"deleteAccount/function-source.zip","generation":"1786168964452339"}},"environmentVariables":{"GOOGLE_NODE_RUN_SCRIPTS":""},"dockerRepository":"projects/classtrack-bffb2/locations/us-central1/repositories/gcf-artifacts","sourceProvenance":{"resolvedStorageSource":{"bucket":"gcf-v2-sources-401205940629-us-central1","object":"deleteAccount/function-source.zip","generation":"1786084744619214"}},"dockerRegistry":"ARTIFACT_REGISTRY","sourceToken":"Cldwcm9qZWN0cy80MDEyMDU5NDA2MjkvbG9jYXRpb25zL3VzLWNlbnRyYWwxL2J1aWxkcy81OWZiOWQ5OS03OWYzLTRmYWItYTUzMC1mZWE2YjkzNmMxODcScnVzLWNlbnRyYWwxLWRvY2tlci5wa2cuZGV2L2NsYXNzdHJhY2stYmZmYjIvZ2NmLWFydGlmYWN0cy9jbGFzc3RyYWNrLS1iZmZiMl9fdXMtLWNlbnRyYWwxX19zZXRfdXNlcl9yb2xlOnZlcnNpb25fMRiVo/PN1gsiRXByb2plY3RzL2NsYXNzdHJhY2stYmZmYjIvbG9jYXRpb25zL3VzLWNlbnRyYWwxL2Z1bmN0aW9ucy9zZXRVc2VyUm9sZSoMCPuM29MGEOC6n7kCMghub2RlanMyMDp2CiNnY3IuaW8vZ2FlLXJ1bnRpbWVzL25vZGVqczIwOnN0YWJsZRJPdXMtY2VudHJhbDEtZG9ja2VyLnBrZy5kZXYvc2VydmVybGVzcy1ydW50aW1lcy9nb29nbGUtMjItZnVsbC9ydW50aW1lcy9ub2RlanMyMEAB","serviceAccount":"projects/classtrack-bffb2/serviceAccounts/401205940629-compute@developer.gserviceaccount.com","automaticUpdatePolicy":{}},"serviceConfig":{"service":"projects/classtrack-bffb2/locations/us-central1/services/deleteaccount","timeoutSeconds":60,"environmentVariables":{"FIREBASE_CONFIG":"{\"projectId\":\"classtrack-bffb2\",\"storageBucket\":\"classtrack-bffb2.firebasestorage.app\"}","GCLOUD_PROJECT":"classtrack-bffb2","EVENTARC_CLOUD_EVENT_SOURCE":"projects/classtrack-bffb2/locations/us-central1/services/deleteAccount","FUNCTION_TARGET":"deleteAccount","LOG_EXECUTION_ID":"true","FUNCTION_SIGNATURE_TYPE":"http"},"ingressSettings":"ALLOW_ALL","uri":"https://deleteaccount-q72q4oy2na-uc.a.run.app","serviceAccountEmail":"401205940629-compute@developer.gserviceaccount.com","availableMemory":"256Mi","allTrafficOnLatestRevision":true,"revision":"deleteaccount-00004-xuz","maxInstanceRequestConcurrency":80,"availableCpu":"1"},"state":"ACTIVE","labels":{"deployment-tool":"cli-firebase","deployment-callable":"true","firebase-functions-hash":"4e487aea94a5cc375eea913a222b4be2f168cf85"},"environment":"GEN_2","url":"https://us-central1-classtrack-bffb2.cloudfunctions.net/deleteAccount","satisfiesPzi":true},"stages":[{"name":"BUILD","message":"Reusing build","state":"COMPLETE","resource":"projects/401205940629/locations/us-central1/builds/59fb9d99-79f3-4fab-a530-fea6b936c187","stateMessages":[{"severity":"WARNING","type":"BuildAnalysisWarning","message":"Node.js 20 is no longer supported by the Node.js community as of 30 April, 2026. Node.js 20 will be decommissioned on 2026-10-30. As of 2026-10-30 you will no longer be able to deploy your Cloud Functions using nodejs20. We recommend you to upgrade to the latest version of Node.js as soon as possible."}]},{"name":"SERVICE","message":"Updating Cloud Run service","state":"IN_PROGRESS","resource":"projects/classtrack-bffb2/locations/us-central1/services/deleteaccount","resourceUri":"https://console.cloud.google.com/run/detail/us-central1/deleteaccount?project=classtrack-bffb2","stateMessages":[{"severity":"INFO","type":"CloudRunServiceNewRevisionTrafficInfo","message":"A new revision will be deployed serving with 100% traffic."}]}],"sourceToken":"Cldwcm9qZWN0cy80MDEyMDU5NDA2MjkvbG9jYXRpb25zL3VzLWNlbnRyYWwxL2J1aWxkcy81OWZiOWQ5OS03OWYzLTRmYWItYTUzMC1mZWE2YjkzNmMxODcScnVzLWNlbnRyYWwxLWRvY2tlci5wa2cuZGV2L2NsYXNzdHJhY2stYmZmYjIvZ2NmLWFydGlmYWN0cy9jbGFzc3RyYWNrLS1iZmZiMl9fdXMtLWNlbnRyYWwxX19zZXRfdXNlcl9yb2xlOnZlcnNpb25fMRiVo/PN1gsiRXByb2plY3RzL2NsYXNzdHJhY2stYmZmYjIvbG9jYXRpb25zL3VzLWNlbnRyYWwxL2Z1bmN0aW9ucy9zZXRVc2VyUm9sZSoMCPuM29MGEOC6n7kCMghub2RlanMyMDp2CiNnY3IuaW8vZ2FlLXJ1bnRpbWVzL25vZGVqczIwOnN0YWJsZRJPdXMtY2VudHJhbDEtZG9ja2VyLnBrZy5kZXYvc2VydmVybGVzcy1ydW50aW1lcy9nb29nbGUtMjItZnVsbC9ydW50aW1lcy9ub2RlanMyMEAB","operationType":"UPDATE_FUNCTION","buildName":"projects/401205940629/locations/us-central1/builds/59fb9d99-79f3-4fab-a530-fea6b936c187"},"done":false}
[debug] [2026-08-08T06:03:00.349Z] Got source token Cldwcm9qZWN0cy80MDEyMDU5NDA2MjkvbG9jYXRpb25zL3VzLWNlbnRyYWwxL2J1aWxkcy81OWZiOWQ5OS03OWYzLTRmYWItYTUzMC1mZWE2YjkzNmMxODcScnVzLWNlbnRyYWwxLWRvY2tlci5wa2cuZGV2L2NsYXNzdHJhY2stYmZmYjIvZ2NmLWFydGlmYWN0cy9jbGFzc3RyYWNrLS1iZmZiMl9fdXMtLWNlbnRyYWwxX19zZXRfdXNlcl9yb2xlOnZlcnNpb25fMRiVo/PN1gsiRXByb2plY3RzL2NsYXNzdHJhY2stYmZmYjIvbG9jYXRpb25zL3VzLWNlbnRyYWwxL2Z1bmN0aW9ucy9zZXRVc2VyUm9sZSoMCPuM29MGEOC6n7kCMghub2RlanMyMDp2CiNnY3IuaW8vZ2FlLXJ1bnRpbWVzL25vZGVqczIwOnN0YWJsZRJPdXMtY2VudHJhbDEtZG9ja2VyLnBrZy5kZXYvc2VydmVybGVzcy1ydW50aW1lcy9nb29nbGUtMjItZnVsbC9ydW50aW1lcy9ub2RlanMyMEAB for region us-central1
[debug] [2026-08-08T06:03:00.552Z] <<< [apiv2][status] GET https://cloudfunctions.googleapis.com/v2/projects/classtrack-bffb2/locations/us-central1/operations/operation-1786168963146-65882de8ea42e-bbc3da1b-fae60365 200
[debug] [2026-08-08T06:03:00.553Z] <<< [apiv2][body] GET https://cloudfunctions.googleapis.com/v2/projects/classtrack-bffb2/locations/us-central1/operations/operation-1786168963146-65882de8ea42e-bbc3da1b-fae60365 {"name":"projects/classtrack-bffb2/locations/us-central1/operations/operation-1786168963146-65882de8ea42e-bbc3da1b-fae60365","metadata":{"@type":"type.googleapis.com/google.cloud.functions.v2.OperationMetadata","createTime":"2026-08-08T06:02:45.764113770Z","target":"projects/classtrack-bffb2/locations/us-central1/functions/getReferralInfo","verb":"update","cancelRequested":false,"apiVersion":"v2","requestResource":{"@type":"type.googleapis.com/google.cloud.functions.v2.Function","name":"projects/classtrack-bffb2/locations/us-central1/functions/getReferralInfo","buildConfig":{"runtime":"nodejs20","entryPoint":"getReferralInfo","source":{"storageSource":{"bucket":"gcf-v2-sources-401205940629-us-central1","object":"getReferralInfo/function-source.zip","generation":"1786168965713503"}},"environmentVariables":{"GOOGLE_NODE_RUN_SCRIPTS":""},"dockerRepository":"projects/classtrack-bffb2/locations/us-central1/repositories/gcf-artifacts","sourceProvenance":{"resolvedStorageSource":{"bucket":"gcf-v2-sources-401205940629-us-central1","object":"getReferralInfo/function-source.zip","generation":"1786084794987733"}},"dockerRegistry":"ARTIFACT_REGISTRY","sourceToken":"Cldwcm9qZWN0cy80MDEyMDU5NDA2MjkvbG9jYXRpb25zL3VzLWNlbnRyYWwxL2J1aWxkcy81OWZiOWQ5OS03OWYzLTRmYWItYTUzMC1mZWE2YjkzNmMxODcScnVzLWNlbnRyYWwxLWRvY2tlci5wa2cuZGV2L2NsYXNzdHJhY2stYmZmYjIvZ2NmLWFydGlmYWN0cy9jbGFzc3RyYWNrLS1iZmZiMl9fdXMtLWNlbnRyYWwxX19zZXRfdXNlcl9yb2xlOnZlcnNpb25fMRiVo/PN1gsiRXByb2plY3RzL2NsYXNzdHJhY2stYmZmYjIvbG9jYXRpb25zL3VzLWNlbnRyYWwxL2Z1bmN0aW9ucy9zZXRVc2VyUm9sZSoMCPuM29MGEOC6n7kCMghub2RlanMyMDp2CiNnY3IuaW8vZ2FlLXJ1bnRpbWVzL25vZGVqczIwOnN0YWJsZRJPdXMtY2VudHJhbDEtZG9ja2VyLnBrZy5kZXYvc2VydmVybGVzcy1ydW50aW1lcy9nb29nbGUtMjItZnVsbC9ydW50aW1lcy9ub2RlanMyMEAB","serviceAccount":"projects/classtrack-bffb2/serviceAccounts/401205940629-compute@developer.gserviceaccount.com","automaticUpdatePolicy":{}},"serviceConfig":{"service":"projects/classtrack-bffb2/locations/us-central1/services/getreferralinfo","timeoutSeconds":60,"environmentVariables":{"FIREBASE_CONFIG":"{\"projectId\":\"classtrack-bffb2\",\"storageBucket\":\"classtrack-bffb2.firebasestorage.app\"}","GCLOUD_PROJECT":"classtrack-bffb2","EVENTARC_CLOUD_EVENT_SOURCE":"projects/classtrack-bffb2/locations/us-central1/services/getReferralInfo","FUNCTION_TARGET":"getReferralInfo","LOG_EXECUTION_ID":"true","FUNCTION_SIGNATURE_TYPE":"http"},"ingressSettings":"ALLOW_ALL","uri":"https://getreferralinfo-q72q4oy2na-uc.a.run.app","serviceAccountEmail":"401205940629-compute@developer.gserviceaccount.com","availableMemory":"256Mi","allTrafficOnLatestRevision":true,"revision":"getreferralinfo-00008-cot","maxInstanceRequestConcurrency":80,"availableCpu":"1"},"state":"ACTIVE","labels":{"deployment-tool":"cli-firebase","deployment-callable":"true","firebase-functions-hash":"4e487aea94a5cc375eea913a222b4be2f168cf85"},"environment":"GEN_2","url":"https://us-central1-classtrack-bffb2.cloudfunctions.net/getReferralInfo","satisfiesPzi":true},"stages":[{"name":"BUILD","message":"Reusing build","state":"COMPLETE","resource":"projects/401205940629/locations/us-central1/builds/59fb9d99-79f3-4fab-a530-fea6b936c187","stateMessages":[{"severity":"WARNING","type":"BuildAnalysisWarning","message":"Node.js 20 is no longer supported by the Node.js community as of 30 April, 2026. Node.js 20 will be decommissioned on 2026-10-30. As of 2026-10-30 you will no longer be able to deploy your Cloud Functions using nodejs20. We recommend you to upgrade to the latest version of Node.js as soon as possible."}]},{"name":"SERVICE","message":"Updating Cloud Run service","state":"IN_PROGRESS","resource":"projects/classtrack-bffb2/locations/us-central1/services/getreferralinfo","resourceUri":"https://console.cloud.google.com/run/detail/us-central1/getreferralinfo?project=classtrack-bffb2","stateMessages":[{"severity":"INFO","type":"CloudRunServiceNewRevisionTrafficInfo","message":"A new revision will be deployed serving with 100% traffic."}]}],"sourceToken":"Cldwcm9qZWN0cy80MDEyMDU5NDA2MjkvbG9jYXRpb25zL3VzLWNlbnRyYWwxL2J1aWxkcy81OWZiOWQ5OS03OWYzLTRmYWItYTUzMC1mZWE2YjkzNmMxODcScnVzLWNlbnRyYWwxLWRvY2tlci5wa2cuZGV2L2NsYXNzdHJhY2stYmZmYjIvZ2NmLWFydGlmYWN0cy9jbGFzc3RyYWNrLS1iZmZiMl9fdXMtLWNlbnRyYWwxX19zZXRfdXNlcl9yb2xlOnZlcnNpb25fMRiVo/PN1gsiRXByb2plY3RzL2NsYXNzdHJhY2stYmZmYjIvbG9jYXRpb25zL3VzLWNlbnRyYWwxL2Z1bmN0aW9ucy9zZXRVc2VyUm9sZSoMCPuM29MGEOC6n7kCMghub2RlanMyMDp2CiNnY3IuaW8vZ2FlLXJ1bnRpbWVzL25vZGVqczIwOnN0YWJsZRJPdXMtY2VudHJhbDEtZG9ja2VyLnBrZy5kZXYvc2VydmVybGVzcy1ydW50aW1lcy9nb29nbGUtMjItZnVsbC9ydW50aW1lcy9ub2RlanMyMEAB","operationType":"UPDATE_FUNCTION","buildName":"projects/401205940629/locations/us-central1/builds/59fb9d99-79f3-4fab-a530-fea6b936c187"},"done":false}
[debug] [2026-08-08T06:03:00.553Z] Got source token Cldwcm9qZWN0cy80MDEyMDU5NDA2MjkvbG9jYXRpb25zL3VzLWNlbnRyYWwxL2J1aWxkcy81OWZiOWQ5OS03OWYzLTRmYWItYTUzMC1mZWE2YjkzNmMxODcScnVzLWNlbnRyYWwxLWRvY2tlci5wa2cuZGV2L2NsYXNzdHJhY2stYmZmYjIvZ2NmLWFydGlmYWN0cy9jbGFzc3RyYWNrLS1iZmZiMl9fdXMtLWNlbnRyYWwxX19zZXRfdXNlcl9yb2xlOnZlcnNpb25fMRiVo/PN1gsiRXByb2plY3RzL2NsYXNzdHJhY2stYmZmYjIvbG9jYXRpb25zL3VzLWNlbnRyYWwxL2Z1bmN0aW9ucy9zZXRVc2VyUm9sZSoMCPuM29MGEOC6n7kCMghub2RlanMyMDp2CiNnY3IuaW8vZ2FlLXJ1bnRpbWVzL25vZGVqczIwOnN0YWJsZRJPdXMtY2VudHJhbDEtZG9ja2VyLnBrZy5kZXYvc2VydmVybGVzcy1ydW50aW1lcy9nb29nbGUtMjItZnVsbC9ydW50aW1lcy9ub2RlanMyMEAB for region us-central1
[debug] [2026-08-08T06:03:01.074Z] [update-default-us-central1-redeemReferral] Retrying task index 0
[debug] [2026-08-08T06:03:01.074Z] Checked if tokens are valid: true, expires at: 1786172451007
[debug] [2026-08-08T06:03:01.074Z] Checked if tokens are valid: true, expires at: 1786172451007
[debug] [2026-08-08T06:03:01.074Z] >>> [apiv2][query] GET https://cloudfunctions.googleapis.com/v2/projects/classtrack-bffb2/locations/us-central1/operations/operation-1786168962357-65882de82992f-b218c786-4762a257 [none]
[debug] [2026-08-08T06:03:01.883Z] <<< [apiv2][status] GET https://cloudfunctions.googleapis.com/v2/projects/classtrack-bffb2/locations/us-central1/operations/operation-1786168963149-65882de8eadc0-fc41f416-1912d8d3 200
[debug] [2026-08-08T06:03:01.883Z] <<< [apiv2][body] GET https://cloudfunctions.googleapis.com/v2/projects/classtrack-bffb2/locations/us-central1/operations/operation-1786168963149-65882de8eadc0-fc41f416-1912d8d3 {"name":"projects/classtrack-bffb2/locations/us-central1/operations/operation-1786168963149-65882de8eadc0-fc41f416-1912d8d3","metadata":{"@type":"type.googleapis.com/google.cloud.functions.v2.OperationMetadata","createTime":"2026-08-08T06:02:44.975965154Z","target":"projects/classtrack-bffb2/locations/us-central1/functions/revenueCatWebhook","verb":"update","cancelRequested":false,"apiVersion":"v2","requestResource":{"@type":"type.googleapis.com/google.cloud.functions.v2.Function","name":"projects/classtrack-bffb2/locations/us-central1/functions/revenueCatWebhook","buildConfig":{"runtime":"nodejs20","entryPoint":"revenueCatWebhook","source":{"storageSource":{"bucket":"gcf-v2-sources-401205940629-us-central1","object":"revenueCatWebhook/function-source.zip","generation":"1786168964921526"}},"environmentVariables":{"GOOGLE_NODE_RUN_SCRIPTS":""},"dockerRepository":"projects/classtrack-bffb2/locations/us-central1/repositories/gcf-artifacts","sourceProvenance":{"resolvedStorageSource":{"bucket":"gcf-v2-sources-401205940629-us-central1","object":"revenueCatWebhook/function-source.zip","generation":"1786084795024742"}},"dockerRegistry":"ARTIFACT_REGISTRY","sourceToken":"Cldwcm9qZWN0cy80MDEyMDU5NDA2MjkvbG9jYXRpb25zL3VzLWNlbnRyYWwxL2J1aWxkcy81OWZiOWQ5OS03OWYzLTRmYWItYTUzMC1mZWE2YjkzNmMxODcScnVzLWNlbnRyYWwxLWRvY2tlci5wa2cuZGV2L2NsYXNzdHJhY2stYmZmYjIvZ2NmLWFydGlmYWN0cy9jbGFzc3RyYWNrLS1iZmZiMl9fdXMtLWNlbnRyYWwxX19zZXRfdXNlcl9yb2xlOnZlcnNpb25fMRiVo/PN1gsiRXByb2plY3RzL2NsYXNzdHJhY2stYmZmYjIvbG9jYXRpb25zL3VzLWNlbnRyYWwxL2Z1bmN0aW9ucy9zZXRVc2VyUm9sZSoMCPuM29MGEOC6n7kCMghub2RlanMyMDp2CiNnY3IuaW8vZ2FlLXJ1bnRpbWVzL25vZGVqczIwOnN0YWJsZRJPdXMtY2VudHJhbDEtZG9ja2VyLnBrZy5kZXYvc2VydmVybGVzcy1ydW50aW1lcy9nb29nbGUtMjItZnVsbC9ydW50aW1lcy9ub2RlanMyMEAB","serviceAccount":"projects/classtrack-bffb2/serviceAccounts/401205940629-compute@developer.gserviceaccount.com","automaticUpdatePolicy":{}},"serviceConfig":{"service":"projects/classtrack-bffb2/locations/us-central1/services/revenuecatwebhook","timeoutSeconds":60,"environmentVariables":{"FIREBASE_CONFIG":"{\"projectId\":\"classtrack-bffb2\",\"storageBucket\":\"classtrack-bffb2.firebasestorage.app\"}","GCLOUD_PROJECT":"classtrack-bffb2","EVENTARC_CLOUD_EVENT_SOURCE":"projects/classtrack-bffb2/locations/us-central1/services/revenueCatWebhook","FUNCTION_TARGET":"revenueCatWebhook","LOG_EXECUTION_ID":"true","FUNCTION_SIGNATURE_TYPE":"http"},"ingressSettings":"ALLOW_ALL","uri":"https://revenuecatwebhook-q72q4oy2na-uc.a.run.app","serviceAccountEmail":"401205940629-compute@developer.gserviceaccount.com","availableMemory":"256Mi","allTrafficOnLatestRevision":true,"secretEnvironmentVariables":[{"key":"REVENUECAT_WEBHOOK_AUTH","projectId":"classtrack-bffb2","secret":"REVENUECAT_WEBHOOK_AUTH","version":"4"}],"revision":"revenuecatwebhook-00014-poh","maxInstanceRequestConcurrency":80,"availableCpu":"1"},"state":"ACTIVE","labels":{"deployment-tool":"cli-firebase","firebase-functions-hash":"ea5a720b094267e59284cd14438c1af2765d7122"},"environment":"GEN_2","url":"https://us-central1-classtrack-bffb2.cloudfunctions.net/revenueCatWebhook","satisfiesPzi":true},"stages":[{"name":"BUILD","message":"Reusing build","state":"COMPLETE","resource":"projects/401205940629/locations/us-central1/builds/59fb9d99-79f3-4fab-a530-fea6b936c187","stateMessages":[{"severity":"WARNING","type":"BuildAnalysisWarning","message":"Node.js 20 is no longer supported by the Node.js community as of 30 April, 2026. Node.js 20 will be decommissioned on 2026-10-30. As of 2026-10-30 you will no longer be able to deploy your Cloud Functions using nodejs20. We recommend you to upgrade to the latest version of Node.js as soon as possible."}]},{"name":"SERVICE","message":"Updating Cloud Run service","state":"IN_PROGRESS","resource":"projects/classtrack-bffb2/locations/us-central1/services/revenuecatwebhook","resourceUri":"https://console.cloud.google.com/run/detail/us-central1/revenuecatwebhook?project=classtrack-bffb2","stateMessages":[{"severity":"INFO","type":"CloudRunServiceNewRevisionTrafficInfo","message":"A new revision will be deployed serving with 100% traffic."}]}],"sourceToken":"Cldwcm9qZWN0cy80MDEyMDU5NDA2MjkvbG9jYXRpb25zL3VzLWNlbnRyYWwxL2J1aWxkcy81OWZiOWQ5OS03OWYzLTRmYWItYTUzMC1mZWE2YjkzNmMxODcScnVzLWNlbnRyYWwxLWRvY2tlci5wa2cuZGV2L2NsYXNzdHJhY2stYmZmYjIvZ2NmLWFydGlmYWN0cy9jbGFzc3RyYWNrLS1iZmZiMl9fdXMtLWNlbnRyYWwxX19zZXRfdXNlcl9yb2xlOnZlcnNpb25fMRiVo/PN1gsiRXByb2plY3RzL2NsYXNzdHJhY2stYmZmYjIvbG9jYXRpb25zL3VzLWNlbnRyYWwxL2Z1bmN0aW9ucy9zZXRVc2VyUm9sZSoMCPuM29MGEOC6n7kCMghub2RlanMyMDp2CiNnY3IuaW8vZ2FlLXJ1bnRpbWVzL25vZGVqczIwOnN0YWJsZRJPdXMtY2VudHJhbDEtZG9ja2VyLnBrZy5kZXYvc2VydmVybGVzcy1ydW50aW1lcy9nb29nbGUtMjItZnVsbC9ydW50aW1lcy9ub2RlanMyMEAB","operationType":"UPDATE_FUNCTION","buildName":"projects/401205940629/locations/us-central1/builds/59fb9d99-79f3-4fab-a530-fea6b936c187"},"done":false}
[debug] [2026-08-08T06:03:01.884Z] Got source token Cldwcm9qZWN0cy80MDEyMDU5NDA2MjkvbG9jYXRpb25zL3VzLWNlbnRyYWwxL2J1aWxkcy81OWZiOWQ5OS03OWYzLTRmYWItYTUzMC1mZWE2YjkzNmMxODcScnVzLWNlbnRyYWwxLWRvY2tlci5wa2cuZGV2L2NsYXNzdHJhY2stYmZmYjIvZ2NmLWFydGlmYWN0cy9jbGFzc3RyYWNrLS1iZmZiMl9fdXMtLWNlbnRyYWwxX19zZXRfdXNlcl9yb2xlOnZlcnNpb25fMRiVo/PN1gsiRXByb2plY3RzL2NsYXNzdHJhY2stYmZmYjIvbG9jYXRpb25zL3VzLWNlbnRyYWwxL2Z1bmN0aW9ucy9zZXRVc2VyUm9sZSoMCPuM29MGEOC6n7kCMghub2RlanMyMDp2CiNnY3IuaW8vZ2FlLXJ1bnRpbWVzL25vZGVqczIwOnN0YWJsZRJPdXMtY2VudHJhbDEtZG9ja2VyLnBrZy5kZXYvc2VydmVybGVzcy1ydW50aW1lcy9nb29nbGUtMjItZnVsbC9ydW50aW1lcy9ub2RlanMyMEAB for region us-central1
[debug] [2026-08-08T06:03:02.498Z] <<< [apiv2][status] GET https://cloudfunctions.googleapis.com/v2/projects/classtrack-bffb2/locations/us-central1/operations/operation-1786168962357-65882de82992f-b218c786-4762a257 200
[debug] [2026-08-08T06:03:02.498Z] <<< [apiv2][body] GET https://cloudfunctions.googleapis.com/v2/projects/classtrack-bffb2/locations/us-central1/operations/operation-1786168962357-65882de82992f-b218c786-4762a257 {"name":"projects/classtrack-bffb2/locations/us-central1/operations/operation-1786168962357-65882de82992f-b218c786-4762a257","metadata":{"@type":"type.googleapis.com/google.cloud.functions.v2.OperationMetadata","createTime":"2026-08-08T06:02:44.333211967Z","target":"projects/classtrack-bffb2/locations/us-central1/functions/redeemReferral","verb":"update","cancelRequested":false,"apiVersion":"v2","requestResource":{"@type":"type.googleapis.com/google.cloud.functions.v2.Function","name":"projects/classtrack-bffb2/locations/us-central1/functions/redeemReferral","buildConfig":{"runtime":"nodejs20","entryPoint":"redeemReferral","source":{"storageSource":{"bucket":"gcf-v2-sources-401205940629-us-central1","object":"redeemReferral/function-source.zip","generation":"1786168964278984"}},"environmentVariables":{"GOOGLE_NODE_RUN_SCRIPTS":""},"dockerRepository":"projects/classtrack-bffb2/locations/us-central1/repositories/gcf-artifacts","sourceProvenance":{"resolvedStorageSource":{"bucket":"gcf-v2-sources-401205940629-us-central1","object":"redeemReferral/function-source.zip","generation":"1786084795067173"}},"dockerRegistry":"ARTIFACT_REGISTRY","sourceToken":"Cldwcm9qZWN0cy80MDEyMDU5NDA2MjkvbG9jYXRpb25zL3VzLWNlbnRyYWwxL2J1aWxkcy81OWZiOWQ5OS03OWYzLTRmYWItYTUzMC1mZWE2YjkzNmMxODcScnVzLWNlbnRyYWwxLWRvY2tlci5wa2cuZGV2L2NsYXNzdHJhY2stYmZmYjIvZ2NmLWFydGlmYWN0cy9jbGFzc3RyYWNrLS1iZmZiMl9fdXMtLWNlbnRyYWwxX19zZXRfdXNlcl9yb2xlOnZlcnNpb25fMRiVo/PN1gsiRXByb2plY3RzL2NsYXNzdHJhY2stYmZmYjIvbG9jYXRpb25zL3VzLWNlbnRyYWwxL2Z1bmN0aW9ucy9zZXRVc2VyUm9sZSoMCPuM29MGEOC6n7kCMghub2RlanMyMDp2CiNnY3IuaW8vZ2FlLXJ1bnRpbWVzL25vZGVqczIwOnN0YWJsZRJPdXMtY2VudHJhbDEtZG9ja2VyLnBrZy5kZXYvc2VydmVybGVzcy1ydW50aW1lcy9nb29nbGUtMjItZnVsbC9ydW50aW1lcy9ub2RlanMyMEAB","serviceAccount":"projects/classtrack-bffb2/serviceAccounts/401205940629-compute@developer.gserviceaccount.com","automaticUpdatePolicy":{}},"serviceConfig":{"service":"projects/classtrack-bffb2/locations/us-central1/services/redeemreferral","timeoutSeconds":60,"environmentVariables":{"FIREBASE_CONFIG":"{\"projectId\":\"classtrack-bffb2\",\"storageBucket\":\"classtrack-bffb2.firebasestorage.app\"}","GCLOUD_PROJECT":"classtrack-bffb2","EVENTARC_CLOUD_EVENT_SOURCE":"projects/classtrack-bffb2/locations/us-central1/services/redeemReferral","FUNCTION_TARGET":"redeemReferral","LOG_EXECUTION_ID":"true","FUNCTION_SIGNATURE_TYPE":"http"},"ingressSettings":"ALLOW_ALL","uri":"https://redeemreferral-q72q4oy2na-uc.a.run.app","serviceAccountEmail":"401205940629-compute@developer.gserviceaccount.com","availableMemory":"256Mi","allTrafficOnLatestRevision":true,"revision":"redeemreferral-00008-guv","maxInstanceRequestConcurrency":80,"availableCpu":"1"},"state":"ACTIVE","labels":{"deployment-tool":"cli-firebase","deployment-callable":"true","firebase-functions-hash":"4e487aea94a5cc375eea913a222b4be2f168cf85"},"environment":"GEN_2","url":"https://us-central1-classtrack-bffb2.cloudfunctions.net/redeemReferral","satisfiesPzi":true},"stages":[{"name":"BUILD","message":"Reusing build","state":"COMPLETE","resource":"projects/401205940629/locations/us-central1/builds/59fb9d99-79f3-4fab-a530-fea6b936c187","stateMessages":[{"severity":"WARNING","type":"BuildAnalysisWarning","message":"Node.js 20 is no longer supported by the Node.js community as of 30 April, 2026. Node.js 20 will be decommissioned on 2026-10-30. As of 2026-10-30 you will no longer be able to deploy your Cloud Functions using nodejs20. We recommend you to upgrade to the latest version of Node.js as soon as possible."}]},{"name":"SERVICE","message":"Updating Cloud Run service","state":"IN_PROGRESS","resource":"projects/classtrack-bffb2/locations/us-central1/services/redeemreferral","resourceUri":"https://console.cloud.google.com/run/detail/us-central1/redeemreferral?project=classtrack-bffb2","stateMessages":[{"severity":"INFO","type":"CloudRunServiceNewRevisionTrafficInfo","message":"A new revision will be deployed serving with 100% traffic."}]}],"sourceToken":"Cldwcm9qZWN0cy80MDEyMDU5NDA2MjkvbG9jYXRpb25zL3VzLWNlbnRyYWwxL2J1aWxkcy81OWZiOWQ5OS03OWYzLTRmYWItYTUzMC1mZWE2YjkzNmMxODcScnVzLWNlbnRyYWwxLWRvY2tlci5wa2cuZGV2L2NsYXNzdHJhY2stYmZmYjIvZ2NmLWFydGlmYWN0cy9jbGFzc3RyYWNrLS1iZmZiMl9fdXMtLWNlbnRyYWwxX19zZXRfdXNlcl9yb2xlOnZlcnNpb25fMRiVo/PN1gsiRXByb2plY3RzL2NsYXNzdHJhY2stYmZmYjIvbG9jYXRpb25zL3VzLWNlbnRyYWwxL2Z1bmN0aW9ucy9zZXRVc2VyUm9sZSoMCPuM29MGEOC6n7kCMghub2RlanMyMDp2CiNnY3IuaW8vZ2FlLXJ1bnRpbWVzL25vZGVqczIwOnN0YWJsZRJPdXMtY2VudHJhbDEtZG9ja2VyLnBrZy5kZXYvc2VydmVybGVzcy1ydW50aW1lcy9nb29nbGUtMjItZnVsbC9ydW50aW1lcy9ub2RlanMyMEAB","operationType":"UPDATE_FUNCTION","buildName":"projects/401205940629/locations/us-central1/builds/59fb9d99-79f3-4fab-a530-fea6b936c187"},"done":false}
[debug] [2026-08-08T06:03:02.498Z] Got source token Cldwcm9qZWN0cy80MDEyMDU5NDA2MjkvbG9jYXRpb25zL3VzLWNlbnRyYWwxL2J1aWxkcy81OWZiOWQ5OS03OWYzLTRmYWItYTUzMC1mZWE2YjkzNmMxODcScnVzLWNlbnRyYWwxLWRvY2tlci5wa2cuZGV2L2NsYXNzdHJhY2stYmZmYjIvZ2NmLWFydGlmYWN0cy9jbGFzc3RyYWNrLS1iZmZiMl9fdXMtLWNlbnRyYWwxX19zZXRfdXNlcl9yb2xlOnZlcnNpb25fMRiVo/PN1gsiRXByb2plY3RzL2NsYXNzdHJhY2stYmZmYjIvbG9jYXRpb25zL3VzLWNlbnRyYWwxL2Z1bmN0aW9ucy9zZXRVc2VyUm9sZSoMCPuM29MGEOC6n7kCMghub2RlanMyMDp2CiNnY3IuaW8vZ2FlLXJ1bnRpbWVzL25vZGVqczIwOnN0YWJsZRJPdXMtY2VudHJhbDEtZG9ja2VyLnBrZy5kZXYvc2VydmVybGVzcy1ydW50aW1lcy9nb29nbGUtMjItZnVsbC9ydW50aW1lcy9ub2RlanMyMEAB for region us-central1
[debug] [2026-08-08T06:03:08.363Z] [update-default-us-central1-deleteAccount] Retrying task index 0
[debug] [2026-08-08T06:03:08.364Z] Checked if tokens are valid: true, expires at: 1786172451007
[debug] [2026-08-08T06:03:08.364Z] Checked if tokens are valid: true, expires at: 1786172451007
[debug] [2026-08-08T06:03:08.364Z] >>> [apiv2][query] GET https://cloudfunctions.googleapis.com/v2/projects/classtrack-bffb2/locations/us-central1/operations/operation-1786168962958-65882de8bc32a-3ef790f3-32d8e2b8 [none]
[debug] [2026-08-08T06:03:08.568Z] [update-default-us-central1-getReferralInfo] Retrying task index 0
[debug] [2026-08-08T06:03:08.569Z] Checked if tokens are valid: true, expires at: 1786172451007
[debug] [2026-08-08T06:03:08.569Z] Checked if tokens are valid: true, expires at: 1786172451007
[debug] [2026-08-08T06:03:08.569Z] >>> [apiv2][query] GET https://cloudfunctions.googleapis.com/v2/projects/classtrack-bffb2/locations/us-central1/operations/operation-1786168963146-65882de8ea42e-bbc3da1b-fae60365 [none]
[debug] [2026-08-08T06:03:09.172Z] <<< [apiv2][status] GET https://cloudfunctions.googleapis.com/v2/projects/classtrack-bffb2/locations/us-central1/operations/operation-1786168963146-65882de8ea42e-bbc3da1b-fae60365 200
[debug] [2026-08-08T06:03:09.172Z] <<< [apiv2][body] GET https://cloudfunctions.googleapis.com/v2/projects/classtrack-bffb2/locations/us-central1/operations/operation-1786168963146-65882de8ea42e-bbc3da1b-fae60365 {"name":"projects/classtrack-bffb2/locations/us-central1/operations/operation-1786168963146-65882de8ea42e-bbc3da1b-fae60365","metadata":{"@type":"type.googleapis.com/google.cloud.functions.v2.OperationMetadata","createTime":"2026-08-08T06:02:45.764113770Z","endTime":"2026-08-08T06:03:04.774765647Z","target":"projects/classtrack-bffb2/locations/us-central1/functions/getReferralInfo","verb":"update","cancelRequested":false,"apiVersion":"v2","requestResource":{"@type":"type.googleapis.com/google.cloud.functions.v2.Function","name":"projects/classtrack-bffb2/locations/us-central1/functions/getReferralInfo","buildConfig":{"runtime":"nodejs20","entryPoint":"getReferralInfo","source":{"storageSource":{"bucket":"gcf-v2-sources-401205940629-us-central1","object":"getReferralInfo/function-source.zip","generation":"1786168965713503"}},"environmentVariables":{"GOOGLE_NODE_RUN_SCRIPTS":""},"dockerRepository":"projects/classtrack-bffb2/locations/us-central1/repositories/gcf-artifacts","sourceProvenance":{"resolvedStorageSource":{"bucket":"gcf-v2-sources-401205940629-us-central1","object":"getReferralInfo/function-source.zip","generation":"1786084794987733"}},"dockerRegistry":"ARTIFACT_REGISTRY","sourceToken":"Cldwcm9qZWN0cy80MDEyMDU5NDA2MjkvbG9jYXRpb25zL3VzLWNlbnRyYWwxL2J1aWxkcy81OWZiOWQ5OS03OWYzLTRmYWItYTUzMC1mZWE2YjkzNmMxODcScnVzLWNlbnRyYWwxLWRvY2tlci5wa2cuZGV2L2NsYXNzdHJhY2stYmZmYjIvZ2NmLWFydGlmYWN0cy9jbGFzc3RyYWNrLS1iZmZiMl9fdXMtLWNlbnRyYWwxX19zZXRfdXNlcl9yb2xlOnZlcnNpb25fMRiVo/PN1gsiRXByb2plY3RzL2NsYXNzdHJhY2stYmZmYjIvbG9jYXRpb25zL3VzLWNlbnRyYWwxL2Z1bmN0aW9ucy9zZXRVc2VyUm9sZSoMCPuM29MGEOC6n7kCMghub2RlanMyMDp2CiNnY3IuaW8vZ2FlLXJ1bnRpbWVzL25vZGVqczIwOnN0YWJsZRJPdXMtY2VudHJhbDEtZG9ja2VyLnBrZy5kZXYvc2VydmVybGVzcy1ydW50aW1lcy9nb29nbGUtMjItZnVsbC9ydW50aW1lcy9ub2RlanMyMEAB","serviceAccount":"projects/classtrack-bffb2/serviceAccounts/401205940629-compute@developer.gserviceaccount.com","automaticUpdatePolicy":{}},"serviceConfig":{"service":"projects/classtrack-bffb2/locations/us-central1/services/getreferralinfo","timeoutSeconds":60,"environmentVariables":{"FIREBASE_CONFIG":"{\"projectId\":\"classtrack-bffb2\",\"storageBucket\":\"classtrack-bffb2.firebasestorage.app\"}","GCLOUD_PROJECT":"classtrack-bffb2","EVENTARC_CLOUD_EVENT_SOURCE":"projects/classtrack-bffb2/locations/us-central1/services/getReferralInfo","FUNCTION_TARGET":"getReferralInfo","LOG_EXECUTION_ID":"true","FUNCTION_SIGNATURE_TYPE":"http"},"ingressSettings":"ALLOW_ALL","uri":"https://getreferralinfo-q72q4oy2na-uc.a.run.app","serviceAccountEmail":"401205940629-compute@developer.gserviceaccount.com","availableMemory":"256Mi","allTrafficOnLatestRevision":true,"revision":"getreferralinfo-00008-cot","maxInstanceRequestConcurrency":80,"availableCpu":"1"},"state":"ACTIVE","labels":{"deployment-tool":"cli-firebase","deployment-callable":"true","firebase-functions-hash":"4e487aea94a5cc375eea913a222b4be2f168cf85"},"environment":"GEN_2","url":"https://us-central1-classtrack-bffb2.cloudfunctions.net/getReferralInfo","satisfiesPzi":true},"stages":[{"name":"BUILD","message":"Reusing build","state":"COMPLETE","resource":"projects/401205940629/locations/us-central1/builds/59fb9d99-79f3-4fab-a530-fea6b936c187","stateMessages":[{"severity":"WARNING","type":"BuildAnalysisWarning","message":"Node.js 20 is no longer supported by the Node.js community as of 30 April, 2026. Node.js 20 will be decommissioned on 2026-10-30. As of 2026-10-30 you will no longer be able to deploy your Cloud Functions using nodejs20. We recommend you to upgrade to the latest version of Node.js as soon as possible."}]},{"name":"SERVICE","message":"Updating Cloud Run service","state":"COMPLETE","resource":"projects/classtrack-bffb2/locations/us-central1/services/getreferralinfo","resourceUri":"https://console.cloud.google.com/run/detail/us-central1/getreferralinfo?project=classtrack-bffb2","stateMessages":[{"severity":"INFO","type":"CloudRunServiceNewRevisionTrafficInfo","message":"A new revision will be deployed serving with 100% traffic."}]}],"sourceToken":"Cldwcm9qZWN0cy80MDEyMDU5NDA2MjkvbG9jYXRpb25zL3VzLWNlbnRyYWwxL2J1aWxkcy81OWZiOWQ5OS03OWYzLTRmYWItYTUzMC1mZWE2YjkzNmMxODcScnVzLWNlbnRyYWwxLWRvY2tlci5wa2cuZGV2L2NsYXNzdHJhY2stYmZmYjIvZ2NmLWFydGlmYWN0cy9jbGFzc3RyYWNrLS1iZmZiMl9fdXMtLWNlbnRyYWwxX19zZXRfdXNlcl9yb2xlOnZlcnNpb25fMRiVo/PN1gsiRXByb2plY3RzL2NsYXNzdHJhY2stYmZmYjIvbG9jYXRpb25zL3VzLWNlbnRyYWwxL2Z1bmN0aW9ucy9zZXRVc2VyUm9sZSoMCPuM29MGEOC6n7kCMghub2RlanMyMDp2CiNnY3IuaW8vZ2FlLXJ1bnRpbWVzL25vZGVqczIwOnN0YWJsZRJPdXMtY2VudHJhbDEtZG9ja2VyLnBrZy5kZXYvc2VydmVybGVzcy1ydW50aW1lcy9nb29nbGUtMjItZnVsbC9ydW50aW1lcy9ub2RlanMyMEAB","operationType":"UPDATE_FUNCTION","buildName":"projects/401205940629/locations/us-central1/builds/59fb9d99-79f3-4fab-a530-fea6b936c187"},"done":true,"response":{"@type":"type.googleapis.com/google.cloud.functions.v2.Function","name":"projects/classtrack-bffb2/locations/us-central1/functions/getReferralInfo","buildConfig":{"build":"projects/401205940629/locations/us-central1/builds/59fb9d99-79f3-4fab-a530-fea6b936c187","runtime":"nodejs20","entryPoint":"getReferralInfo","source":{"storageSource":{"bucket":"gcf-v2-sources-401205940629-us-central1","object":"getReferralInfo/function-source.zip","generation":"1786168965713503"}},"environmentVariables":{"GOOGLE_NODE_RUN_SCRIPTS":""},"dockerRepository":"projects/classtrack-bffb2/locations/us-central1/repositories/gcf-artifacts","sourceProvenance":{"resolvedStorageSource":{"bucket":"gcf-v2-sources-401205940629-us-central1","object":"getReferralInfo/function-source.zip","generation":"1786168965713503"}},"dockerRegistry":"ARTIFACT_REGISTRY","serviceAccount":"projects/classtrack-bffb2/serviceAccounts/401205940629-compute@developer.gserviceaccount.com","automaticUpdatePolicy":{}},"serviceConfig":{"service":"projects/classtrack-bffb2/locations/us-central1/services/getreferralinfo","timeoutSeconds":60,"environmentVariables":{"FIREBASE_CONFIG":"{\"projectId\":\"classtrack-bffb2\",\"storageBucket\":\"classtrack-bffb2.firebasestorage.app\"}","GCLOUD_PROJECT":"classtrack-bffb2","EVENTARC_CLOUD_EVENT_SOURCE":"projects/classtrack-bffb2/locations/us-central1/services/getReferralInfo","FUNCTION_TARGET":"getReferralInfo","LOG_EXECUTION_ID":"true","FUNCTION_SIGNATURE_TYPE":"http"},"maxInstanceCount":20,"ingressSettings":"ALLOW_ALL","uri":"https://getreferralinfo-q72q4oy2na-uc.a.run.app","serviceAccountEmail":"401205940629-compute@developer.gserviceaccount.com","availableMemory":"256Mi","allTrafficOnLatestRevision":true,"revision":"getreferralinfo-00009-hab","maxInstanceRequestConcurrency":80,"availableCpu":"1"},"state":"ACTIVE","updateTime":"2026-08-08T06:02:45.766041053Z","labels":{"deployment-callable":"true","firebase-functions-hash":"4e487aea94a5cc375eea913a222b4be2f168cf85","deployment-tool":"cli-firebase"},"environment":"GEN_2","url":"https://us-central1-classtrack-bffb2.cloudfunctions.net/getReferralInfo","createTime":"2026-07-22T05:53:20.782157750Z","satisfiesPzi":true}}
[debug] [2026-08-08T06:03:09.172Z] Got source token Cldwcm9qZWN0cy80MDEyMDU5NDA2MjkvbG9jYXRpb25zL3VzLWNlbnRyYWwxL2J1aWxkcy81OWZiOWQ5OS03OWYzLTRmYWItYTUzMC1mZWE2YjkzNmMxODcScnVzLWNlbnRyYWwxLWRvY2tlci5wa2cuZGV2L2NsYXNzdHJhY2stYmZmYjIvZ2NmLWFydGlmYWN0cy9jbGFzc3RyYWNrLS1iZmZiMl9fdXMtLWNlbnRyYWwxX19zZXRfdXNlcl9yb2xlOnZlcnNpb25fMRiVo/PN1gsiRXByb2plY3RzL2NsYXNzdHJhY2stYmZmYjIvbG9jYXRpb25zL3VzLWNlbnRyYWwxL2Z1bmN0aW9ucy9zZXRVc2VyUm9sZSoMCPuM29MGEOC6n7kCMghub2RlanMyMDp2CiNnY3IuaW8vZ2FlLXJ1bnRpbWVzL25vZGVqczIwOnN0YWJsZRJPdXMtY2VudHJhbDEtZG9ja2VyLnBrZy5kZXYvc2VydmVybGVzcy1ydW50aW1lcy9nb29nbGUtMjItZnVsbC9ydW50aW1lcy9ub2RlanMyMEAB for region us-central1
[info] +  functions[getReferralInfo(us-central1)] Successful update operation. 
[debug] [2026-08-08T06:03:09.898Z] [update-default-us-central1-revenueCatWebhook] Retrying task index 0
[debug] [2026-08-08T06:03:09.899Z] Checked if tokens are valid: true, expires at: 1786172451007
[debug] [2026-08-08T06:03:09.899Z] Checked if tokens are valid: true, expires at: 1786172451007
[debug] [2026-08-08T06:03:09.899Z] >>> [apiv2][query] GET https://cloudfunctions.googleapis.com/v2/projects/classtrack-bffb2/locations/us-central1/operations/operation-1786168963149-65882de8eadc0-fc41f416-1912d8d3 [none]
[debug] [2026-08-08T06:03:10.132Z] <<< [apiv2][status] GET https://cloudfunctions.googleapis.com/v2/projects/classtrack-bffb2/locations/us-central1/operations/operation-1786168962958-65882de8bc32a-3ef790f3-32d8e2b8 200
[debug] [2026-08-08T06:03:10.133Z] <<< [apiv2][body] GET https://cloudfunctions.googleapis.com/v2/projects/classtrack-bffb2/locations/us-central1/operations/operation-1786168962958-65882de8bc32a-3ef790f3-32d8e2b8 {"name":"projects/classtrack-bffb2/locations/us-central1/operations/operation-1786168962958-65882de8bc32a-3ef790f3-32d8e2b8","metadata":{"@type":"type.googleapis.com/google.cloud.functions.v2.OperationMetadata","createTime":"2026-08-08T06:02:44.507883036Z","endTime":"2026-08-08T06:03:05.950682878Z","target":"projects/classtrack-bffb2/locations/us-central1/functions/deleteAccount","verb":"update","cancelRequested":false,"apiVersion":"v2","requestResource":{"@type":"type.googleapis.com/google.cloud.functions.v2.Function","name":"projects/classtrack-bffb2/locations/us-central1/functions/deleteAccount","buildConfig":{"runtime":"nodejs20","entryPoint":"deleteAccount","source":{"storageSource":{"bucket":"gcf-v2-sources-401205940629-us-central1","object":"deleteAccount/function-source.zip","generation":"1786168964452339"}},"environmentVariables":{"GOOGLE_NODE_RUN_SCRIPTS":""},"dockerRepository":"projects/classtrack-bffb2/locations/us-central1/repositories/gcf-artifacts","sourceProvenance":{"resolvedStorageSource":{"bucket":"gcf-v2-sources-401205940629-us-central1","object":"deleteAccount/function-source.zip","generation":"1786084744619214"}},"dockerRegistry":"ARTIFACT_REGISTRY","sourceToken":"Cldwcm9qZWN0cy80MDEyMDU5NDA2MjkvbG9jYXRpb25zL3VzLWNlbnRyYWwxL2J1aWxkcy81OWZiOWQ5OS03OWYzLTRmYWItYTUzMC1mZWE2YjkzNmMxODcScnVzLWNlbnRyYWwxLWRvY2tlci5wa2cuZGV2L2NsYXNzdHJhY2stYmZmYjIvZ2NmLWFydGlmYWN0cy9jbGFzc3RyYWNrLS1iZmZiMl9fdXMtLWNlbnRyYWwxX19zZXRfdXNlcl9yb2xlOnZlcnNpb25fMRiVo/PN1gsiRXByb2plY3RzL2NsYXNzdHJhY2stYmZmYjIvbG9jYXRpb25zL3VzLWNlbnRyYWwxL2Z1bmN0aW9ucy9zZXRVc2VyUm9sZSoMCPuM29MGEOC6n7kCMghub2RlanMyMDp2CiNnY3IuaW8vZ2FlLXJ1bnRpbWVzL25vZGVqczIwOnN0YWJsZRJPdXMtY2VudHJhbDEtZG9ja2VyLnBrZy5kZXYvc2VydmVybGVzcy1ydW50aW1lcy9nb29nbGUtMjItZnVsbC9ydW50aW1lcy9ub2RlanMyMEAB","serviceAccount":"projects/classtrack-bffb2/serviceAccounts/401205940629-compute@developer.gserviceaccount.com","automaticUpdatePolicy":{}},"serviceConfig":{"service":"projects/classtrack-bffb2/locations/us-central1/services/deleteaccount","timeoutSeconds":60,"environmentVariables":{"FIREBASE_CONFIG":"{\"projectId\":\"classtrack-bffb2\",\"storageBucket\":\"classtrack-bffb2.firebasestorage.app\"}","GCLOUD_PROJECT":"classtrack-bffb2","EVENTARC_CLOUD_EVENT_SOURCE":"projects/classtrack-bffb2/locations/us-central1/services/deleteAccount","FUNCTION_TARGET":"deleteAccount","LOG_EXECUTION_ID":"true","FUNCTION_SIGNATURE_TYPE":"http"},"ingressSettings":"ALLOW_ALL","uri":"https://deleteaccount-q72q4oy2na-uc.a.run.app","serviceAccountEmail":"401205940629-compute@developer.gserviceaccount.com","availableMemory":"256Mi","allTrafficOnLatestRevision":true,"revision":"deleteaccount-00004-xuz","maxInstanceRequestConcurrency":80,"availableCpu":"1"},"state":"ACTIVE","labels":{"deployment-tool":"cli-firebase","deployment-callable":"true","firebase-functions-hash":"4e487aea94a5cc375eea913a222b4be2f168cf85"},"environment":"GEN_2","url":"https://us-central1-classtrack-bffb2.cloudfunctions.net/deleteAccount","satisfiesPzi":true},"stages":[{"name":"BUILD","message":"Reusing build","state":"COMPLETE","resource":"projects/401205940629/locations/us-central1/builds/59fb9d99-79f3-4fab-a530-fea6b936c187","stateMessages":[{"severity":"WARNING","type":"BuildAnalysisWarning","message":"Node.js 20 is no longer supported by the Node.js community as of 30 April, 2026. Node.js 20 will be decommissioned on 2026-10-30. As of 2026-10-30 you will no longer be able to deploy your Cloud Functions using nodejs20. We recommend you to upgrade to the latest version of Node.js as soon as possible."}]},{"name":"SERVICE","message":"Updating Cloud Run service","state":"COMPLETE","resource":"projects/classtrack-bffb2/locations/us-central1/services/deleteaccount","resourceUri":"https://console.cloud.google.com/run/detail/us-central1/deleteaccount?project=classtrack-bffb2","stateMessages":[{"severity":"INFO","type":"CloudRunServiceNewRevisionTrafficInfo","message":"A new revision will be deployed serving with 100% traffic."}]}],"sourceToken":"Cldwcm9qZWN0cy80MDEyMDU5NDA2MjkvbG9jYXRpb25zL3VzLWNlbnRyYWwxL2J1aWxkcy81OWZiOWQ5OS03OWYzLTRmYWItYTUzMC1mZWE2YjkzNmMxODcScnVzLWNlbnRyYWwxLWRvY2tlci5wa2cuZGV2L2NsYXNzdHJhY2stYmZmYjIvZ2NmLWFydGlmYWN0cy9jbGFzc3RyYWNrLS1iZmZiMl9fdXMtLWNlbnRyYWwxX19zZXRfdXNlcl9yb2xlOnZlcnNpb25fMRiVo/PN1gsiRXByb2plY3RzL2NsYXNzdHJhY2stYmZmYjIvbG9jYXRpb25zL3VzLWNlbnRyYWwxL2Z1bmN0aW9ucy9zZXRVc2VyUm9sZSoMCPuM29MGEOC6n7kCMghub2RlanMyMDp2CiNnY3IuaW8vZ2FlLXJ1bnRpbWVzL25vZGVqczIwOnN0YWJsZRJPdXMtY2VudHJhbDEtZG9ja2VyLnBrZy5kZXYvc2VydmVybGVzcy1ydW50aW1lcy9nb29nbGUtMjItZnVsbC9ydW50aW1lcy9ub2RlanMyMEAB","operationType":"UPDATE_FUNCTION","buildName":"projects/401205940629/locations/us-central1/builds/59fb9d99-79f3-4fab-a530-fea6b936c187"},"done":true,"response":{"@type":"type.googleapis.com/google.cloud.functions.v2.Function","name":"projects/classtrack-bffb2/locations/us-central1/functions/deleteAccount","buildConfig":{"build":"projects/401205940629/locations/us-central1/builds/59fb9d99-79f3-4fab-a530-fea6b936c187","runtime":"nodejs20","entryPoint":"deleteAccount","source":{"storageSource":{"bucket":"gcf-v2-sources-401205940629-us-central1","object":"deleteAccount/function-source.zip","generation":"1786168964452339"}},"environmentVariables":{"GOOGLE_NODE_RUN_SCRIPTS":""},"dockerRepository":"projects/classtrack-bffb2/locations/us-central1/repositories/gcf-artifacts","sourceProvenance":{"resolvedStorageSource":{"bucket":"gcf-v2-sources-401205940629-us-central1","object":"deleteAccount/function-source.zip","generation":"1786168964452339"}},"dockerRegistry":"ARTIFACT_REGISTRY","serviceAccount":"projects/classtrack-bffb2/serviceAccounts/401205940629-compute@developer.gserviceaccount.com","automaticUpdatePolicy":{}},"serviceConfig":{"service":"projects/classtrack-bffb2/locations/us-central1/services/deleteaccount","timeoutSeconds":60,"environmentVariables":{"FIREBASE_CONFIG":"{\"projectId\":\"classtrack-bffb2\",\"storageBucket\":\"classtrack-bffb2.firebasestorage.app\"}","GCLOUD_PROJECT":"classtrack-bffb2","EVENTARC_CLOUD_EVENT_SOURCE":"projects/classtrack-bffb2/locations/us-central1/services/deleteAccount","FUNCTION_TARGET":"deleteAccount","LOG_EXECUTION_ID":"true","FUNCTION_SIGNATURE_TYPE":"http"},"maxInstanceCount":20,"ingressSettings":"ALLOW_ALL","uri":"https://deleteaccount-q72q4oy2na-uc.a.run.app","serviceAccountEmail":"401205940629-compute@developer.gserviceaccount.com","availableMemory":"256Mi","allTrafficOnLatestRevision":true,"revision":"deleteaccount-00005-woy","maxInstanceRequestConcurrency":80,"availableCpu":"1"},"state":"ACTIVE","updateTime":"2026-08-08T06:02:44.509573309Z","labels":{"deployment-callable":"true","firebase-functions-hash":"4e487aea94a5cc375eea913a222b4be2f168cf85","deployment-tool":"cli-firebase"},"environment":"GEN_2","url":"https://us-central1-classtrack-bffb2.cloudfunctions.net/deleteAccount","createTime":"2026-07-31T20:47:38.481967013Z","satisfiesPzi":true}}
[debug] [2026-08-08T06:03:10.133Z] Got source token Cldwcm9qZWN0cy80MDEyMDU5NDA2MjkvbG9jYXRpb25zL3VzLWNlbnRyYWwxL2J1aWxkcy81OWZiOWQ5OS03OWYzLTRmYWItYTUzMC1mZWE2YjkzNmMxODcScnVzLWNlbnRyYWwxLWRvY2tlci5wa2cuZGV2L2NsYXNzdHJhY2stYmZmYjIvZ2NmLWFydGlmYWN0cy9jbGFzc3RyYWNrLS1iZmZiMl9fdXMtLWNlbnRyYWwxX19zZXRfdXNlcl9yb2xlOnZlcnNpb25fMRiVo/PN1gsiRXByb2plY3RzL2NsYXNzdHJhY2stYmZmYjIvbG9jYXRpb25zL3VzLWNlbnRyYWwxL2Z1bmN0aW9ucy9zZXRVc2VyUm9sZSoMCPuM29MGEOC6n7kCMghub2RlanMyMDp2CiNnY3IuaW8vZ2FlLXJ1bnRpbWVzL25vZGVqczIwOnN0YWJsZRJPdXMtY2VudHJhbDEtZG9ja2VyLnBrZy5kZXYvc2VydmVybGVzcy1ydW50aW1lcy9nb29nbGUtMjItZnVsbC9ydW50aW1lcy9ub2RlanMyMEAB for region us-central1
[info] +  functions[deleteAccount(us-central1)] Successful update operation. 
[debug] [2026-08-08T06:03:10.514Z] [update-default-us-central1-redeemReferral] Retrying task index 0
[debug] [2026-08-08T06:03:10.514Z] Checked if tokens are valid: true, expires at: 1786172451007
[debug] [2026-08-08T06:03:10.514Z] Checked if tokens are valid: true, expires at: 1786172451007
[debug] [2026-08-08T06:03:10.514Z] >>> [apiv2][query] GET https://cloudfunctions.googleapis.com/v2/projects/classtrack-bffb2/locations/us-central1/operations/operation-1786168962357-65882de82992f-b218c786-4762a257 [none]
[debug] [2026-08-08T06:03:11.305Z] <<< [apiv2][status] GET https://cloudfunctions.googleapis.com/v2/projects/classtrack-bffb2/locations/us-central1/operations/operation-1786168963149-65882de8eadc0-fc41f416-1912d8d3 200
[debug] [2026-08-08T06:03:11.305Z] <<< [apiv2][body] GET https://cloudfunctions.googleapis.com/v2/projects/classtrack-bffb2/locations/us-central1/operations/operation-1786168963149-65882de8eadc0-fc41f416-1912d8d3 {"name":"projects/classtrack-bffb2/locations/us-central1/operations/operation-1786168963149-65882de8eadc0-fc41f416-1912d8d3","metadata":{"@type":"type.googleapis.com/google.cloud.functions.v2.OperationMetadata","createTime":"2026-08-08T06:02:44.975965154Z","endTime":"2026-08-08T06:03:05.600512165Z","target":"projects/classtrack-bffb2/locations/us-central1/functions/revenueCatWebhook","verb":"update","cancelRequested":false,"apiVersion":"v2","requestResource":{"@type":"type.googleapis.com/google.cloud.functions.v2.Function","name":"projects/classtrack-bffb2/locations/us-central1/functions/revenueCatWebhook","buildConfig":{"runtime":"nodejs20","entryPoint":"revenueCatWebhook","source":{"storageSource":{"bucket":"gcf-v2-sources-401205940629-us-central1","object":"revenueCatWebhook/function-source.zip","generation":"1786168964921526"}},"environmentVariables":{"GOOGLE_NODE_RUN_SCRIPTS":""},"dockerRepository":"projects/classtrack-bffb2/locations/us-central1/repositories/gcf-artifacts","sourceProvenance":{"resolvedStorageSource":{"bucket":"gcf-v2-sources-401205940629-us-central1","object":"revenueCatWebhook/function-source.zip","generation":"1786084795024742"}},"dockerRegistry":"ARTIFACT_REGISTRY","sourceToken":"Cldwcm9qZWN0cy80MDEyMDU5NDA2MjkvbG9jYXRpb25zL3VzLWNlbnRyYWwxL2J1aWxkcy81OWZiOWQ5OS03OWYzLTRmYWItYTUzMC1mZWE2YjkzNmMxODcScnVzLWNlbnRyYWwxLWRvY2tlci5wa2cuZGV2L2NsYXNzdHJhY2stYmZmYjIvZ2NmLWFydGlmYWN0cy9jbGFzc3RyYWNrLS1iZmZiMl9fdXMtLWNlbnRyYWwxX19zZXRfdXNlcl9yb2xlOnZlcnNpb25fMRiVo/PN1gsiRXByb2plY3RzL2NsYXNzdHJhY2stYmZmYjIvbG9jYXRpb25zL3VzLWNlbnRyYWwxL2Z1bmN0aW9ucy9zZXRVc2VyUm9sZSoMCPuM29MGEOC6n7kCMghub2RlanMyMDp2CiNnY3IuaW8vZ2FlLXJ1bnRpbWVzL25vZGVqczIwOnN0YWJsZRJPdXMtY2VudHJhbDEtZG9ja2VyLnBrZy5kZXYvc2VydmVybGVzcy1ydW50aW1lcy9nb29nbGUtMjItZnVsbC9ydW50aW1lcy9ub2RlanMyMEAB","serviceAccount":"projects/classtrack-bffb2/serviceAccounts/401205940629-compute@developer.gserviceaccount.com","automaticUpdatePolicy":{}},"serviceConfig":{"service":"projects/classtrack-bffb2/locations/us-central1/services/revenuecatwebhook","timeoutSeconds":60,"environmentVariables":{"FIREBASE_CONFIG":"{\"projectId\":\"classtrack-bffb2\",\"storageBucket\":\"classtrack-bffb2.firebasestorage.app\"}","GCLOUD_PROJECT":"classtrack-bffb2","EVENTARC_CLOUD_EVENT_SOURCE":"projects/classtrack-bffb2/locations/us-central1/services/revenueCatWebhook","FUNCTION_TARGET":"revenueCatWebhook","LOG_EXECUTION_ID":"true","FUNCTION_SIGNATURE_TYPE":"http"},"ingressSettings":"ALLOW_ALL","uri":"https://revenuecatwebhook-q72q4oy2na-uc.a.run.app","serviceAccountEmail":"401205940629-compute@developer.gserviceaccount.com","availableMemory":"256Mi","allTrafficOnLatestRevision":true,"secretEnvironmentVariables":[{"key":"REVENUECAT_WEBHOOK_AUTH","projectId":"classtrack-bffb2","secret":"REVENUECAT_WEBHOOK_AUTH","version":"4"}],"revision":"revenuecatwebhook-00014-poh","maxInstanceRequestConcurrency":80,"availableCpu":"1"},"state":"ACTIVE","labels":{"deployment-tool":"cli-firebase","firebase-functions-hash":"ea5a720b094267e59284cd14438c1af2765d7122"},"environment":"GEN_2","url":"https://us-central1-classtrack-bffb2.cloudfunctions.net/revenueCatWebhook","satisfiesPzi":true},"stages":[{"name":"BUILD","message":"Reusing build","state":"COMPLETE","resource":"projects/401205940629/locations/us-central1/builds/59fb9d99-79f3-4fab-a530-fea6b936c187","stateMessages":[{"severity":"WARNING","type":"BuildAnalysisWarning","message":"Node.js 20 is no longer supported by the Node.js community as of 30 April, 2026. Node.js 20 will be decommissioned on 2026-10-30. As of 2026-10-30 you will no longer be able to deploy your Cloud Functions using nodejs20. We recommend you to upgrade to the latest version of Node.js as soon as possible."}]},{"name":"SERVICE","message":"Updating Cloud Run service","state":"COMPLETE","resource":"projects/classtrack-bffb2/locations/us-central1/services/revenuecatwebhook","resourceUri":"https://console.cloud.google.com/run/detail/us-central1/revenuecatwebhook?project=classtrack-bffb2","stateMessages":[{"severity":"INFO","type":"CloudRunServiceNewRevisionTrafficInfo","message":"A new revision will be deployed serving with 100% traffic."}]}],"sourceToken":"Cldwcm9qZWN0cy80MDEyMDU5NDA2MjkvbG9jYXRpb25zL3VzLWNlbnRyYWwxL2J1aWxkcy81OWZiOWQ5OS03OWYzLTRmYWItYTUzMC1mZWE2YjkzNmMxODcScnVzLWNlbnRyYWwxLWRvY2tlci5wa2cuZGV2L2NsYXNzdHJhY2stYmZmYjIvZ2NmLWFydGlmYWN0cy9jbGFzc3RyYWNrLS1iZmZiMl9fdXMtLWNlbnRyYWwxX19zZXRfdXNlcl9yb2xlOnZlcnNpb25fMRiVo/PN1gsiRXByb2plY3RzL2NsYXNzdHJhY2stYmZmYjIvbG9jYXRpb25zL3VzLWNlbnRyYWwxL2Z1bmN0aW9ucy9zZXRVc2VyUm9sZSoMCPuM29MGEOC6n7kCMghub2RlanMyMDp2CiNnY3IuaW8vZ2FlLXJ1bnRpbWVzL25vZGVqczIwOnN0YWJsZRJPdXMtY2VudHJhbDEtZG9ja2VyLnBrZy5kZXYvc2VydmVybGVzcy1ydW50aW1lcy9nb29nbGUtMjItZnVsbC9ydW50aW1lcy9ub2RlanMyMEAB","operationType":"UPDATE_FUNCTION","buildName":"projects/401205940629/locations/us-central1/builds/59fb9d99-79f3-4fab-a530-fea6b936c187"},"done":true,"response":{"@type":"type.googleapis.com/google.cloud.functions.v2.Function","name":"projects/classtrack-bffb2/locations/us-central1/functions/revenueCatWebhook","buildConfig":{"build":"projects/401205940629/locations/us-central1/builds/59fb9d99-79f3-4fab-a530-fea6b936c187","runtime":"nodejs20","entryPoint":"revenueCatWebhook","source":{"storageSource":{"bucket":"gcf-v2-sources-401205940629-us-central1","object":"revenueCatWebhook/function-source.zip","generation":"1786168964921526"}},"environmentVariables":{"GOOGLE_NODE_RUN_SCRIPTS":""},"dockerRepository":"projects/classtrack-bffb2/locations/us-central1/repositories/gcf-artifacts","sourceProvenance":{"resolvedStorageSource":{"bucket":"gcf-v2-sources-401205940629-us-central1","object":"revenueCatWebhook/function-source.zip","generation":"1786168964921526"}},"dockerRegistry":"ARTIFACT_REGISTRY","serviceAccount":"projects/classtrack-bffb2/serviceAccounts/401205940629-compute@developer.gserviceaccount.com","automaticUpdatePolicy":{}},"serviceConfig":{"service":"projects/classtrack-bffb2/locations/us-central1/services/revenuecatwebhook","timeoutSeconds":60,"environmentVariables":{"FIREBASE_CONFIG":"{\"projectId\":\"classtrack-bffb2\",\"storageBucket\":\"classtrack-bffb2.firebasestorage.app\"}","GCLOUD_PROJECT":"classtrack-bffb2","EVENTARC_CLOUD_EVENT_SOURCE":"projects/classtrack-bffb2/locations/us-central1/services/revenueCatWebhook","FUNCTION_TARGET":"revenueCatWebhook","LOG_EXECUTION_ID":"true","FUNCTION_SIGNATURE_TYPE":"http"},"maxInstanceCount":20,"ingressSettings":"ALLOW_ALL","uri":"https://revenuecatwebhook-q72q4oy2na-uc.a.run.app","serviceAccountEmail":"401205940629-compute@developer.gserviceaccount.com","availableMemory":"256Mi","allTrafficOnLatestRevision":true,"secretEnvironmentVariables":[{"key":"REVENUECAT_WEBHOOK_AUTH","projectId":"classtrack-bffb2","secret":"REVENUECAT_WEBHOOK_AUTH","version":"4"}],"revision":"revenuecatwebhook-00015-kin","maxInstanceRequestConcurrency":80,"availableCpu":"1"},"state":"ACTIVE","updateTime":"2026-08-08T06:02:44.978176616Z","labels":{"deployment-tool":"cli-firebase","firebase-functions-hash":"ea5a720b094267e59284cd14438c1af2765d7122"},"environment":"GEN_2","url":"https://us-central1-classtrack-bffb2.cloudfunctions.net/revenueCatWebhook","createTime":"2026-07-20T07:01:28.667528878Z","satisfiesPzi":true}}
[debug] [2026-08-08T06:03:11.305Z] Got source token Cldwcm9qZWN0cy80MDEyMDU5NDA2MjkvbG9jYXRpb25zL3VzLWNlbnRyYWwxL2J1aWxkcy81OWZiOWQ5OS03OWYzLTRmYWItYTUzMC1mZWE2YjkzNmMxODcScnVzLWNlbnRyYWwxLWRvY2tlci5wa2cuZGV2L2NsYXNzdHJhY2stYmZmYjIvZ2NmLWFydGlmYWN0cy9jbGFzc3RyYWNrLS1iZmZiMl9fdXMtLWNlbnRyYWwxX19zZXRfdXNlcl9yb2xlOnZlcnNpb25fMRiVo/PN1gsiRXByb2plY3RzL2NsYXNzdHJhY2stYmZmYjIvbG9jYXRpb25zL3VzLWNlbnRyYWwxL2Z1bmN0aW9ucy9zZXRVc2VyUm9sZSoMCPuM29MGEOC6n7kCMghub2RlanMyMDp2CiNnY3IuaW8vZ2FlLXJ1bnRpbWVzL25vZGVqczIwOnN0YWJsZRJPdXMtY2VudHJhbDEtZG9ja2VyLnBrZy5kZXYvc2VydmVybGVzcy1ydW50aW1lcy9nb29nbGUtMjItZnVsbC9ydW50aW1lcy9ub2RlanMyMEAB for region us-central1
[info] +  functions[revenueCatWebhook(us-central1)] Successful update operation. 
[debug] [2026-08-08T06:03:11.859Z] <<< [apiv2][status] GET https://cloudfunctions.googleapis.com/v2/projects/classtrack-bffb2/locations/us-central1/operations/operation-1786168962357-65882de82992f-b218c786-4762a257 200
[debug] [2026-08-08T06:03:11.859Z] <<< [apiv2][body] GET https://cloudfunctions.googleapis.com/v2/projects/classtrack-bffb2/locations/us-central1/operations/operation-1786168962357-65882de82992f-b218c786-4762a257 {"name":"projects/classtrack-bffb2/locations/us-central1/operations/operation-1786168962357-65882de82992f-b218c786-4762a257","metadata":{"@type":"type.googleapis.com/google.cloud.functions.v2.OperationMetadata","createTime":"2026-08-08T06:02:44.333211967Z","endTime":"2026-08-08T06:03:04.832548076Z","target":"projects/classtrack-bffb2/locations/us-central1/functions/redeemReferral","verb":"update","cancelRequested":false,"apiVersion":"v2","requestResource":{"@type":"type.googleapis.com/google.cloud.functions.v2.Function","name":"projects/classtrack-bffb2/locations/us-central1/functions/redeemReferral","buildConfig":{"runtime":"nodejs20","entryPoint":"redeemReferral","source":{"storageSource":{"bucket":"gcf-v2-sources-401205940629-us-central1","object":"redeemReferral/function-source.zip","generation":"1786168964278984"}},"environmentVariables":{"GOOGLE_NODE_RUN_SCRIPTS":""},"dockerRepository":"projects/classtrack-bffb2/locations/us-central1/repositories/gcf-artifacts","sourceProvenance":{"resolvedStorageSource":{"bucket":"gcf-v2-sources-401205940629-us-central1","object":"redeemReferral/function-source.zip","generation":"1786084795067173"}},"dockerRegistry":"ARTIFACT_REGISTRY","sourceToken":"Cldwcm9qZWN0cy80MDEyMDU5NDA2MjkvbG9jYXRpb25zL3VzLWNlbnRyYWwxL2J1aWxkcy81OWZiOWQ5OS03OWYzLTRmYWItYTUzMC1mZWE2YjkzNmMxODcScnVzLWNlbnRyYWwxLWRvY2tlci5wa2cuZGV2L2NsYXNzdHJhY2stYmZmYjIvZ2NmLWFydGlmYWN0cy9jbGFzc3RyYWNrLS1iZmZiMl9fdXMtLWNlbnRyYWwxX19zZXRfdXNlcl9yb2xlOnZlcnNpb25fMRiVo/PN1gsiRXByb2plY3RzL2NsYXNzdHJhY2stYmZmYjIvbG9jYXRpb25zL3VzLWNlbnRyYWwxL2Z1bmN0aW9ucy9zZXRVc2VyUm9sZSoMCPuM29MGEOC6n7kCMghub2RlanMyMDp2CiNnY3IuaW8vZ2FlLXJ1bnRpbWVzL25vZGVqczIwOnN0YWJsZRJPdXMtY2VudHJhbDEtZG9ja2VyLnBrZy5kZXYvc2VydmVybGVzcy1ydW50aW1lcy9nb29nbGUtMjItZnVsbC9ydW50aW1lcy9ub2RlanMyMEAB","serviceAccount":"projects/classtrack-bffb2/serviceAccounts/401205940629-compute@developer.gserviceaccount.com","automaticUpdatePolicy":{}},"serviceConfig":{"service":"projects/classtrack-bffb2/locations/us-central1/services/redeemreferral","timeoutSeconds":60,"environmentVariables":{"FIREBASE_CONFIG":"{\"projectId\":\"classtrack-bffb2\",\"storageBucket\":\"classtrack-bffb2.firebasestorage.app\"}","GCLOUD_PROJECT":"classtrack-bffb2","EVENTARC_CLOUD_EVENT_SOURCE":"projects/classtrack-bffb2/locations/us-central1/services/redeemReferral","FUNCTION_TARGET":"redeemReferral","LOG_EXECUTION_ID":"true","FUNCTION_SIGNATURE_TYPE":"http"},"ingressSettings":"ALLOW_ALL","uri":"https://redeemreferral-q72q4oy2na-uc.a.run.app","serviceAccountEmail":"401205940629-compute@developer.gserviceaccount.com","availableMemory":"256Mi","allTrafficOnLatestRevision":true,"revision":"redeemreferral-00008-guv","maxInstanceRequestConcurrency":80,"availableCpu":"1"},"state":"ACTIVE","labels":{"deployment-tool":"cli-firebase","deployment-callable":"true","firebase-functions-hash":"4e487aea94a5cc375eea913a222b4be2f168cf85"},"environment":"GEN_2","url":"https://us-central1-classtrack-bffb2.cloudfunctions.net/redeemReferral","satisfiesPzi":true},"stages":[{"name":"BUILD","message":"Reusing build","state":"COMPLETE","resource":"projects/401205940629/locations/us-central1/builds/59fb9d99-79f3-4fab-a530-fea6b936c187","stateMessages":[{"severity":"WARNING","type":"BuildAnalysisWarning","message":"Node.js 20 is no longer supported by the Node.js community as of 30 April, 2026. Node.js 20 will be decommissioned on 2026-10-30. As of 2026-10-30 you will no longer be able to deploy your Cloud Functions using nodejs20. We recommend you to upgrade to the latest version of Node.js as soon as possible."}]},{"name":"SERVICE","message":"Updating Cloud Run service","state":"COMPLETE","resource":"projects/classtrack-bffb2/locations/us-central1/services/redeemreferral","resourceUri":"https://console.cloud.google.com/run/detail/us-central1/redeemreferral?project=classtrack-bffb2","stateMessages":[{"severity":"INFO","type":"CloudRunServiceNewRevisionTrafficInfo","message":"A new revision will be deployed serving with 100% traffic."}]}],"sourceToken":"Cldwcm9qZWN0cy80MDEyMDU5NDA2MjkvbG9jYXRpb25zL3VzLWNlbnRyYWwxL2J1aWxkcy81OWZiOWQ5OS03OWYzLTRmYWItYTUzMC1mZWE2YjkzNmMxODcScnVzLWNlbnRyYWwxLWRvY2tlci5wa2cuZGV2L2NsYXNzdHJhY2stYmZmYjIvZ2NmLWFydGlmYWN0cy9jbGFzc3RyYWNrLS1iZmZiMl9fdXMtLWNlbnRyYWwxX19zZXRfdXNlcl9yb2xlOnZlcnNpb25fMRiVo/PN1gsiRXByb2plY3RzL2NsYXNzdHJhY2stYmZmYjIvbG9jYXRpb25zL3VzLWNlbnRyYWwxL2Z1bmN0aW9ucy9zZXRVc2VyUm9sZSoMCPuM29MGEOC6n7kCMghub2RlanMyMDp2CiNnY3IuaW8vZ2FlLXJ1bnRpbWVzL25vZGVqczIwOnN0YWJsZRJPdXMtY2VudHJhbDEtZG9ja2VyLnBrZy5kZXYvc2VydmVybGVzcy1ydW50aW1lcy9nb29nbGUtMjItZnVsbC9ydW50aW1lcy9ub2RlanMyMEAB","operationType":"UPDATE_FUNCTION","buildName":"projects/401205940629/locations/us-central1/builds/59fb9d99-79f3-4fab-a530-fea6b936c187"},"done":true,"response":{"@type":"type.googleapis.com/google.cloud.functions.v2.Function","name":"projects/classtrack-bffb2/locations/us-central1/functions/redeemReferral","buildConfig":{"build":"projects/401205940629/locations/us-central1/builds/59fb9d99-79f3-4fab-a530-fea6b936c187","runtime":"nodejs20","entryPoint":"redeemReferral","source":{"storageSource":{"bucket":"gcf-v2-sources-401205940629-us-central1","object":"redeemReferral/function-source.zip","generation":"1786168964278984"}},"environmentVariables":{"GOOGLE_NODE_RUN_SCRIPTS":""},"dockerRepository":"projects/classtrack-bffb2/locations/us-central1/repositories/gcf-artifacts","sourceProvenance":{"resolvedStorageSource":{"bucket":"gcf-v2-sources-401205940629-us-central1","object":"redeemReferral/function-source.zip","generation":"1786168964278984"}},"dockerRegistry":"ARTIFACT_REGISTRY","serviceAccount":"projects/classtrack-bffb2/serviceAccounts/401205940629-compute@developer.gserviceaccount.com","automaticUpdatePolicy":{}},"serviceConfig":{"service":"projects/classtrack-bffb2/locations/us-central1/services/redeemreferral","timeoutSeconds":60,"environmentVariables":{"FIREBASE_CONFIG":"{\"projectId\":\"classtrack-bffb2\",\"storageBucket\":\"classtrack-bffb2.firebasestorage.app\"}","GCLOUD_PROJECT":"classtrack-bffb2","EVENTARC_CLOUD_EVENT_SOURCE":"projects/classtrack-bffb2/locations/us-central1/services/redeemReferral","FUNCTION_TARGET":"redeemReferral","LOG_EXECUTION_ID":"true","FUNCTION_SIGNATURE_TYPE":"http"},"maxInstanceCount":20,"ingressSettings":"ALLOW_ALL","uri":"https://redeemreferral-q72q4oy2na-uc.a.run.app","serviceAccountEmail":"401205940629-compute@developer.gserviceaccount.com","availableMemory":"256Mi","allTrafficOnLatestRevision":true,"revision":"redeemreferral-00009-juv","maxInstanceRequestConcurrency":80,"availableCpu":"1"},"state":"ACTIVE","updateTime":"2026-08-08T06:02:44.335611067Z","labels":{"firebase-functions-hash":"4e487aea94a5cc375eea913a222b4be2f168cf85","deployment-tool":"cli-firebase","deployment-callable":"true"},"environment":"GEN_2","url":"https://us-central1-classtrack-bffb2.cloudfunctions.net/redeemReferral","createTime":"2026-07-22T05:54:24.252463574Z","satisfiesPzi":true}}
[debug] [2026-08-08T06:03:11.859Z] Got source token Cldwcm9qZWN0cy80MDEyMDU5NDA2MjkvbG9jYXRpb25zL3VzLWNlbnRyYWwxL2J1aWxkcy81OWZiOWQ5OS03OWYzLTRmYWItYTUzMC1mZWE2YjkzNmMxODcScnVzLWNlbnRyYWwxLWRvY2tlci5wa2cuZGV2L2NsYXNzdHJhY2stYmZmYjIvZ2NmLWFydGlmYWN0cy9jbGFzc3RyYWNrLS1iZmZiMl9fdXMtLWNlbnRyYWwxX19zZXRfdXNlcl9yb2xlOnZlcnNpb25fMRiVo/PN1gsiRXByb2plY3RzL2NsYXNzdHJhY2stYmZmYjIvbG9jYXRpb25zL3VzLWNlbnRyYWwxL2Z1bmN0aW9ucy9zZXRVc2VyUm9sZSoMCPuM29MGEOC6n7kCMghub2RlanMyMDp2CiNnY3IuaW8vZ2FlLXJ1bnRpbWVzL25vZGVqczIwOnN0YWJsZRJPdXMtY2VudHJhbDEtZG9ja2VyLnBrZy5kZXYvc2VydmVybGVzcy1ydW50aW1lcy9nb29nbGUtMjItZnVsbC9ydW50aW1lcy9ub2RlanMyMEAB for region us-central1
[info] +  functions[redeemReferral(us-central1)] Successful update operation. 
[warn] !  functions: Deploys failed. Skipping deletes. 
[debug] [2026-08-08T06:03:11.871Z] Total Function Deployment time: 85851
[debug] [2026-08-08T06:03:11.871Z] 11 Functions Deployed
[debug] [2026-08-08T06:03:11.871Z] 4 Functions Errored
[debug] [2026-08-08T06:03:11.871Z] 0 Function Deployments Aborted
[debug] [2026-08-08T06:03:11.871Z] Average Function Deployment time: 59609.545454545456
[info] 
[info] Functions deploy had errors with the following functions:
	auditBannerWrite(asia-south1)
	auditCampaignWrite(asia-south1)
	auditResourceWrite(asia-south1)
	sendQueuedNotification(asia-south1)
[info] Function URL (revenueCatWebhook(us-central1)): https://revenuecatwebhook-q72q4oy2na-uc.a.run.app
[debug] [2026-08-08T06:03:12.336Z] Checked if tokens are valid: true, expires at: 1786172451007
[debug] [2026-08-08T06:03:12.336Z] Checked if tokens are valid: true, expires at: 1786172451007
[debug] [2026-08-08T06:03:12.336Z] Checked if tokens are valid: true, expires at: 1786172451007
[debug] [2026-08-08T06:03:12.336Z] Checked if tokens are valid: true, expires at: 1786172451007
[debug] [2026-08-08T06:03:12.336Z] >>> [apiv2][query] GET https://artifactregistry.googleapis.com/v1/projects/classtrack-bffb2/locations/asia-south1/repositories/gcf-artifacts [none]
[debug] [2026-08-08T06:03:12.337Z] >>> [apiv2][query] GET https://artifactregistry.googleapis.com/v1/projects/classtrack-bffb2/locations/us-central1/repositories/gcf-artifacts [none]
[debug] [2026-08-08T06:03:13.445Z] <<< [apiv2][status] GET https://artifactregistry.googleapis.com/v1/projects/classtrack-bffb2/locations/asia-south1/repositories/gcf-artifacts 404
[debug] [2026-08-08T06:03:13.445Z] <<< [apiv2][body] GET https://artifactregistry.googleapis.com/v1/projects/classtrack-bffb2/locations/asia-south1/repositories/gcf-artifacts {"error":{"code":404,"message":"Requested entity was not found.","status":"NOT_FOUND"}}
[debug] [2026-08-08T06:03:13.446Z] Failed to check artifact cleanup policy for region asia-south1: Request to https://artifactregistry.googleapis.com/v1/projects/classtrack-bffb2/locations/asia-south1/repositories/gcf-artifacts had HTTP Error: 404, Requested entity was not found. {"name":"FirebaseError","children":[],"context":{"body":{"error":{"code":404,"message":"Requested entity was not found.","status":"NOT_FOUND"}},"response":{"statusCode":404}},"exit":1,"message":"Request to https://artifactregistry.googleapis.com/v1/projects/classtrack-bffb2/locations/asia-south1/repositories/gcf-artifacts had HTTP Error: 404, Requested entity was not found.","status":404}
[debug] [2026-08-08T06:03:14.038Z] <<< [apiv2][status] GET https://artifactregistry.googleapis.com/v1/projects/classtrack-bffb2/locations/us-central1/repositories/gcf-artifacts 200
[debug] [2026-08-08T06:03:14.038Z] <<< [apiv2][body] GET https://artifactregistry.googleapis.com/v1/projects/classtrack-bffb2/locations/us-central1/repositories/gcf-artifacts {"name":"projects/classtrack-bffb2/locations/us-central1/repositories/gcf-artifacts","format":"DOCKER","description":"This repository is created and used by Cloud Functions for storing function docker images.","labels":{"goog-managed-by":"cloudfunctions"},"createTime":"2026-07-19T09:00:57.036778Z","updateTime":"2026-08-08T06:02:25.804728Z","mode":"STANDARD_REPOSITORY","cleanupPolicies":{"firebase-functions-cleanup":{"id":"firebase-functions-cleanup","action":"DELETE","condition":{"tagState":"ANY","olderThan":"259200s"}}},"sizeBytes":"131811113","vulnerabilityScanningConfig":{"lastEnableTime":"2026-07-19T09:00:48.558026446Z","enablementState":"SCANNING_DISABLED","enablementStateReason":"API containerscanning.googleapis.com is not enabled."},"satisfiesPzi":true,"registryUri":"us-central1-docker.pkg.dev/classtrack-bffb2/gcf-artifacts"}
[debug] [2026-08-08T06:03:14.038Z] Functions deploy failed.
[debug] [2026-08-08T06:03:14.038Z] {
  "endpoint": {
    "id": "auditBannerWrite",
    "project": "classtrack-bffb2",
    "region": "asia-south1",
    "entryPoint": "auditBannerWrite",
    "platform": "gcfv2",
    "runtime": "nodejs20",
    "eventTrigger": {
      "eventType": "google.cloud.firestore.document.v1.written",
      "retry": false,
      "eventFilters": {
        "database": "(default)",
        "namespace": "(default)"
      },
      "eventFilterPathPatterns": {
        "document": "banners/{id}"
      },
      "region": "asia-south1"
    },
    "labels": {
      "deployment-tool": "cli-firebase"
    },
    "serviceAccount": null,
    "ingressSettings": null,
    "availableMemoryMb": null,
    "timeoutSeconds": null,
    "maxInstances": null,
    "minInstances": null,
    "concurrency": 80,
    "vpc": null,
    "environmentVariables": {
      "FIREBASE_CONFIG": "{\"projectId\":\"classtrack-bffb2\",\"storageBucket\":\"classtrack-bffb2.firebasestorage.app\"}",
      "GCLOUD_PROJECT": "classtrack-bffb2",
      "EVENTARC_CLOUD_EVENT_SOURCE": "projects/classtrack-bffb2/locations/asia-south1/services/auditBannerWrite"
    },
    "codebase": "default",
    "cpu": 1,
    "targetedByOnly": false,
    "hash": "4e487aea94a5cc375eea913a222b4be2f168cf85"
  },
  "op": "create",
  "original": {
    "name": "FirebaseError",
    "children": [],
    "context": {
      "function": "projects/classtrack-bffb2/locations/asia-south1/functions/auditBannerWrite"
    },
    "exit": 1,
    "message": "Failed to create function projects/classtrack-bffb2/locations/asia-south1/functions/auditBannerWrite",
    "original": {
      "name": "FirebaseError",
      "children": [],
      "context": {
        "body": {
          "error": {
            "code": 400,
            "message": "Validation failed for trigger projects/classtrack-bffb2/locations/asia-south1/triggers/auditbannerwrite-187783: Invalid resource state for \"\": Permission denied while using the Eventarc Service Agent. If you recently started to use Eventarc, it may take a few minutes before all necessary permissions are propagated to the Service Agent. Otherwise, verify that it has Eventarc Service Agent role.",
            "status": "FAILED_PRECONDITION"
          }
        },
        "response": {
          "statusCode": 400
        }
      },
      "exit": 1,
      "message": "Request to https://cloudfunctions.googleapis.com/v2/projects/classtrack-bffb2/locations/asia-south1/functions?functionId=auditBannerWrite had HTTP Error: 400, Validation failed for trigger projects/classtrack-bffb2/locations/asia-south1/triggers/auditbannerwrite-187783: Invalid resource state for \"\": Permission denied while using the Eventarc Service Agent. If you recently started to use Eventarc, it may take a few minutes before all necessary permissions are propagated to the Service Agent. Otherwise, verify that it has Eventarc Service Agent role.",
      "status": 400
    },
    "status": 400,
    "code": 400
  }
}
[debug] [2026-08-08T06:03:14.038Z] {
  "endpoint": {
    "id": "auditCampaignWrite",
    "project": "classtrack-bffb2",
    "region": "asia-south1",
    "entryPoint": "auditCampaignWrite",
    "platform": "gcfv2",
    "runtime": "nodejs20",
    "eventTrigger": {
      "eventType": "google.cloud.firestore.document.v1.written",
      "retry": false,
      "eventFilters": {
        "database": "(default)",
        "namespace": "(default)"
      },
      "eventFilterPathPatterns": {
        "document": "campaigns/{id}"
      },
      "region": "asia-south1"
    },
    "labels": {
      "deployment-tool": "cli-firebase"
    },
    "serviceAccount": null,
    "ingressSettings": null,
    "availableMemoryMb": null,
    "timeoutSeconds": null,
    "maxInstances": null,
    "minInstances": null,
    "concurrency": 80,
    "vpc": null,
    "environmentVariables": {
      "FIREBASE_CONFIG": "{\"projectId\":\"classtrack-bffb2\",\"storageBucket\":\"classtrack-bffb2.firebasestorage.app\"}",
      "GCLOUD_PROJECT": "classtrack-bffb2",
      "EVENTARC_CLOUD_EVENT_SOURCE": "projects/classtrack-bffb2/locations/asia-south1/services/auditCampaignWrite"
    },
    "codebase": "default",
    "cpu": 1,
    "targetedByOnly": false,
    "hash": "4e487aea94a5cc375eea913a222b4be2f168cf85"
  },
  "op": "create",
  "original": {
    "name": "FirebaseError",
    "children": [],
    "context": {
      "function": "projects/classtrack-bffb2/locations/asia-south1/functions/auditCampaignWrite"
    },
    "exit": 1,
    "message": "Failed to create function projects/classtrack-bffb2/locations/asia-south1/functions/auditCampaignWrite",
    "original": {
      "name": "FirebaseError",
      "children": [],
      "context": {
        "body": {
          "error": {
            "code": 400,
            "message": "Validation failed for trigger projects/classtrack-bffb2/locations/asia-south1/triggers/auditcampaignwrite-039504: Invalid resource state for \"\": Permission denied while using the Eventarc Service Agent. If you recently started to use Eventarc, it may take a few minutes before all necessary permissions are propagated to the Service Agent. Otherwise, verify that it has Eventarc Service Agent role.",
            "status": "FAILED_PRECONDITION"
          }
        },
        "response": {
          "statusCode": 400
        }
      },
      "exit": 1,
      "message": "Request to https://cloudfunctions.googleapis.com/v2/projects/classtrack-bffb2/locations/asia-south1/functions?functionId=auditCampaignWrite had HTTP Error: 400, Validation failed for trigger projects/classtrack-bffb2/locations/asia-south1/triggers/auditcampaignwrite-039504: Invalid resource state for \"\": Permission denied while using the Eventarc Service Agent. If you recently started to use Eventarc, it may take a few minutes before all necessary permissions are propagated to the Service Agent. Otherwise, verify that it has Eventarc Service Agent role.",
      "status": 400
    },
    "status": 400,
    "code": 400
  }
}
[debug] [2026-08-08T06:03:14.038Z] {
  "endpoint": {
    "id": "auditResourceWrite",
    "project": "classtrack-bffb2",
    "region": "asia-south1",
    "entryPoint": "auditResourceWrite",
    "platform": "gcfv2",
    "runtime": "nodejs20",
    "eventTrigger": {
      "eventType": "google.cloud.firestore.document.v1.written",
      "retry": false,
      "eventFilters": {
        "database": "(default)",
        "namespace": "(default)"
      },
      "eventFilterPathPatterns": {
        "document": "resources/{id}"
      },
      "region": "asia-south1"
    },
    "labels": {
      "deployment-tool": "cli-firebase"
    },
    "serviceAccount": null,
    "ingressSettings": null,
    "availableMemoryMb": null,
    "timeoutSeconds": null,
    "maxInstances": null,
    "minInstances": null,
    "concurrency": 80,
    "vpc": null,
    "environmentVariables": {
      "FIREBASE_CONFIG": "{\"projectId\":\"classtrack-bffb2\",\"storageBucket\":\"classtrack-bffb2.firebasestorage.app\"}",
      "GCLOUD_PROJECT": "classtrack-bffb2",
      "EVENTARC_CLOUD_EVENT_SOURCE": "projects/classtrack-bffb2/locations/asia-south1/services/auditResourceWrite"
    },
    "codebase": "default",
    "cpu": 1,
    "targetedByOnly": false,
    "hash": "4e487aea94a5cc375eea913a222b4be2f168cf85"
  },
  "op": "create",
  "original": {
    "name": "FirebaseError",
    "children": [],
    "context": {
      "function": "projects/classtrack-bffb2/locations/asia-south1/functions/auditResourceWrite"
    },
    "exit": 1,
    "message": "Failed to create function projects/classtrack-bffb2/locations/asia-south1/functions/auditResourceWrite",
    "original": {
      "name": "FirebaseError",
      "children": [],
      "context": {
        "body": {
          "error": {
            "code": 400,
            "message": "Validation failed for trigger projects/classtrack-bffb2/locations/asia-south1/triggers/auditresourcewrite-633429: Invalid resource state for \"\": Permission denied while using the Eventarc Service Agent. If you recently started to use Eventarc, it may take a few minutes before all necessary permissions are propagated to the Service Agent. Otherwise, verify that it has Eventarc Service Agent role.",
            "status": "FAILED_PRECONDITION"
          }
        },
        "response": {
          "statusCode": 400
        }
      },
      "exit": 1,
      "message": "Request to https://cloudfunctions.googleapis.com/v2/projects/classtrack-bffb2/locations/asia-south1/functions?functionId=auditResourceWrite had HTTP Error: 400, Validation failed for trigger projects/classtrack-bffb2/locations/asia-south1/triggers/auditresourcewrite-633429: Invalid resource state for \"\": Permission denied while using the Eventarc Service Agent. If you recently started to use Eventarc, it may take a few minutes before all necessary permissions are propagated to the Service Agent. Otherwise, verify that it has Eventarc Service Agent role.",
      "status": 400
    },
    "status": 400,
    "code": 400
  }
}
[debug] [2026-08-08T06:03:14.038Z] {
  "endpoint": {
    "id": "sendQueuedNotification",
    "project": "classtrack-bffb2",
    "region": "asia-south1",
    "entryPoint": "sendQueuedNotification",
    "platform": "gcfv2",
    "runtime": "nodejs20",
    "eventTrigger": {
      "eventType": "google.cloud.firestore.document.v1.created",
      "retry": false,
      "eventFilters": {
        "database": "(default)",
        "namespace": "(default)"
      },
      "eventFilterPathPatterns": {
        "document": "notifications/{id}"
      },
      "region": "asia-south1"
    },
    "labels": {
      "deployment-tool": "cli-firebase"
    },
    "serviceAccount": null,
    "ingressSettings": null,
    "availableMemoryMb": null,
    "timeoutSeconds": null,
    "maxInstances": null,
    "minInstances": null,
    "concurrency": 80,
    "vpc": null,
    "environmentVariables": {
      "FIREBASE_CONFIG": "{\"projectId\":\"classtrack-bffb2\",\"storageBucket\":\"classtrack-bffb2.firebasestorage.app\"}",
      "GCLOUD_PROJECT": "classtrack-bffb2",
      "EVENTARC_CLOUD_EVENT_SOURCE": "projects/classtrack-bffb2/locations/asia-south1/services/sendQueuedNotification"
    },
    "codebase": "default",
    "cpu": 1,
    "targetedByOnly": false,
    "hash": "4e487aea94a5cc375eea913a222b4be2f168cf85"
  },
  "op": "create",
  "original": {
    "name": "FirebaseError",
    "children": [],
    "context": {
      "function": "projects/classtrack-bffb2/locations/asia-south1/functions/sendQueuedNotification"
    },
    "exit": 1,
    "message": "Failed to create function projects/classtrack-bffb2/locations/asia-south1/functions/sendQueuedNotification",
    "original": {
      "name": "FirebaseError",
      "children": [],
      "context": {
        "body": {
          "error": {
            "code": 400,
            "message": "Validation failed for trigger projects/classtrack-bffb2/locations/asia-south1/triggers/sendqueuednotification-561760: Invalid resource state for \"\": Permission denied while using the Eventarc Service Agent. If you recently started to use Eventarc, it may take a few minutes before all necessary permissions are propagated to the Service Agent. Otherwise, verify that it has Eventarc Service Agent role.",
            "status": "FAILED_PRECONDITION"
          }
        },
        "response": {
          "statusCode": 400
        }
      },
      "exit": 1,
      "message": "Request to https://cloudfunctions.googleapis.com/v2/projects/classtrack-bffb2/locations/asia-south1/functions?functionId=sendQueuedNotification had HTTP Error: 400, Validation failed for trigger projects/classtrack-bffb2/locations/asia-south1/triggers/sendqueuednotification-561760: Invalid resource state for \"\": Permission denied while using the Eventarc Service Agent. If you recently started to use Eventarc, it may take a few minutes before all necessary permissions are propagated to the Service Agent. Otherwise, verify that it has Eventarc Service Agent role.",
      "status": 400
    },
    "status": 400,
    "code": 400
  }
}
[error] Error: There was an error deploying functions:
[error] - Error Failed to create function auditBannerWrite in region asia-south1
[error] - Error Failed to create function auditCampaignWrite in region asia-south1
[error] - Error Failed to create function auditResourceWrite in region asia-south1
[error] - Error Failed to create function sendQueuedNotification in region asia-south1
